{
"name" : "Pay Paisa app",
"url" : "https://play.google.com/store/apps/details?id=abc.paypaisa",
"package" : "abc.paypaisa",
"category" : "Communication",
"description" : "Pay Paisa app recharge Application where any customer can recharge for Mobile, DTH, Datacard, Transfer Topup Balance also. ",
"desc_perms" : "[]",
"manifest_perms" : "['android.permission.READ_CONTACTS', 'android.permission.ACCESS_NETWORK_STATE', 'android.permission.INTERNET', 'android.permission.ACCESS_WIFI_STATE', 'android.permission.READ_PHONE_STATE']",
"perms_with_call" : "['android.permission.WAKE_LOCK', 'android.permission.ACCESS_NETWORK_STATE']" 
"extra_perms" : "['android.permission.READ_CONTACTS', 'android.permission.ACCESS_NETWORK_STATE', 'android.permission.INTERNET', 'android.permission.ACCESS_WIFI_STATE', 'android.permission.READ_PHONE_STATE']",
}