{
"name" : "Calls.AI -Pro Caller ID, Free CRM & Sales Tracking",
"url" : "https://play.google.com/store/apps/details?id=ai.sync.call",
"package" : "ai.sync.call",
"category" : "Communication",
"description" : "Calls.AI is a powerful Caller ID app that provides powerful insights about callers and allows you to add notes, tasks, reminders, and follow-ups to any phone call.  Caller ID for Professionals - Identify unknown phone calls. - Turn phone calls into leads, customers, and arrange by smart tags. - Block annoying robocalls, spam calls, and telemarketers. - View rich caller ID details directly from the apps call log.  Caller Insights - Get rich insights about callers with one tap. - Discover everything about people who call you. - View social profiles, job description, and company details. - Get to know your clients and create great relationships.   Tasks, Reminders & Follow-ups - Create tasks, reminders & follow-ups directly from phone calls. - Never miss an opportunity to turn a lead or customer. - Link tasks, reminders, and follow-ups to phone calls. - Add tasks & follow-ups to any phone contact.  Call Notes - Quickly add a summary of phone calls. - View related notes on the call screen. - Make better relationships with potential customers.  Smart Tags for Contacts - Turn phone calls into leads or customers. - Arrange callers & contacts by groups. - Just like your personal CRM.  Got feedback or want to learn more about Calls.AI? Write to support@sync.ai or go to https://www.sync.ai ",
"desc_perms" : "[]",
"manifest_perms" : "['android.permission.FOREGROUND_SERVICE', 'android.permission.RECEIVE_BOOT_COMPLETED', 'android.permission.MODIFY_AUDIO_SETTINGS', 'com.google.android.finsky.permission.BIND_GET_INSTALL_REFERRER_SERVICE', 'android.permission.ANSWER_PHONE_CALLS', 'android.permission.READ_CALL_LOG', 'com.android.vending.BILLING', 'android.permission.PROCESS_OUTGOING_CALLS', 'android.permission.VIBRATE', 'com.google.android.c2dm.permission.RECEIVE', 'android.permission.CALL_PHONE', 'android.permission.WAKE_LOCK', 'android.permission.INTERNET', 'android.permission.READ_PHONE_STATE', 'android.permission.READ_EXTERNAL_STORAGE', 'android.permission.READ_CONTACTS', 'android.permission.SEND_SMS', 'android.permission.ACCESS_NETWORK_STATE', 'android.permission.RECEIVE_SMS', 'android.permission.SYSTEM_ALERT_WINDOW']",
"perms_with_call" : "['android.permission.BROADCAST_STICKY', 'android.permission.READ_EXTERNAL_STORAGE', 'android.permission.CHANGE_NETWORK_STATE', 'android.permission.ACCESS_COARSE_LOCATION', 'android.permission.ACCESS_FINE_LOCATION', 'android.permission.GET_TASKS', 'android.permission.SEND_SMS', 'android.permission.BLUETOOTH', 'android.permission.WAKE_LOCK', 'android.permission.USE_FINGERPRINT', 'android.permission.ACCESS_NETWORK_STATE', 'android.permission.ACCESS_WIFI_STATE', 'android.permission.READ_PHONE_STATE']" 
"extra_perms" : "['android.permission.CALL_PHONE', 'android.permission.ACCESS_FINE_LOCATION', 'android.permission.ACCESS_WIFI_STATE', 'android.permission.MODIFY_AUDIO_SETTINGS', 'android.permission.INTERNET', 'android.permission.READ_PHONE_STATE', 'com.android.vending.BILLING', 'android.permission.ANSWER_PHONE_CALLS', 'android.permission.READ_CONTACTS', 'android.permission.READ_EXTERNAL_STORAGE', 'android.permission.ACCESS_COARSE_LOCATION', 'android.permission.READ_CALL_LOG', 'android.permission.SEND_SMS', 'android.permission.ACCESS_NETWORK_STATE', 'android.permission.PROCESS_OUTGOING_CALLS', 'android.permission.RECEIVE_SMS', 'android.permission.SYSTEM_ALERT_WINDOW']",
}