{
"name" : "B4A-Bridge",
"url" : "https://play.google.com/store/apps/details?id=anywheresoftware.b4a.b4abridge",
"package" : "anywheresoftware.b4a.b4abridge",
"category" : "Communication",
"description" : "B4A-Bridge is a tool for B4A developers that allows connecting the IDE to physical devices over the local network. See https://www.b4x.com for more information. B4A-Bridge was written in B4A. The source code is available in the forum. B4A-Bridge includes an internal FTP server. You can use it to browse the secondary storage (File.DirRootExternal) with a FTP client or Windows Explorer. ",
"desc_perms" : "['android.permission.ACCESS_NETWORK_STATE', 'android.permission.READ_CONTACTS', 'android.permission.INTERNET', 'android.permission.ACCESS_WIFI_STATE', 'android.permission.GET_ACCOUNTS']",
"manifest_perms" : "['android.permission.WRITE_EXTERNAL_STORAGE', 'android.permission.VIBRATE', 'android.permission.REQUEST_INSTALL_PACKAGES', 'android.permission.ACCESS_NETWORK_STATE', 'android.permission.WAKE_LOCK', 'android.permission.FOREGROUND_SERVICE', 'android.permission.INTERNET', 'android.permission.ACCESS_WIFI_STATE', 'android.permission.CHANGE_WIFI_MULTICAST_STATE', 'android.permission.SYSTEM_ALERT_WINDOW']",
"perms_with_call" : "['android.permission.ACCESS_COARSE_LOCATION', 'android.permission.BROADCAST_STICKY', 'android.permission.USE_FINGERPRINT', 'android.permission.WAKE_LOCK', 'android.permission.ACCESS_NETWORK_STATE', 'android.permission.BLUETOOTH', 'android.permission.ACCESS_WIFI_STATE', 'android.permission.READ_EXTERNAL_STORAGE', 'android.permission.ACCESS_FINE_LOCATION', 'android.permission.SEND_SMS']" 
"extra_perms" : "['android.permission.WRITE_EXTERNAL_STORAGE', 'android.permission.ACCESS_COARSE_LOCATION', 'android.permission.SEND_SMS', 'android.permission.READ_EXTERNAL_STORAGE', 'android.permission.ACCESS_FINE_LOCATION', 'android.permission.SYSTEM_ALERT_WINDOW']",
}