{
"name" : "Calley Rec",
"url" : "https://play.google.com/store/apps/details?id=app.calleyrec",
"package" : "app.calleyrec",
"category" : "Communication",
"description" : "Calley Rec app is used for record voice over calls for incoming & outgoing calls. You can customise settings according to your device compatibility. ",
"desc_perms" : "[]",
"manifest_perms" : "['android.permission.STORAGE', 'android.permission.READ_CONTACTS', 'android.permission.WRITE_EXTERNAL_STORAGE', 'android.permission.RECORD_AUDIO', 'android.permission.GET_ACCOUNTS', 'android.permission.ACCESS_NETWORK_STATE', 'android.permission.READ_PROFILE', 'android.permission.INTERNET', 'android.permission.READ_PHONE_STATE']",
"perms_with_call" : "['android.permission.BROADCAST_STICKY', 'android.permission.ACCESS_COARSE_LOCATION', 'android.permission.ACCESS_FINE_LOCATION', 'android.permission.GET_TASKS', 'android.permission.BLUETOOTH', 'android.permission.WAKE_LOCK', 'android.permission.USE_FINGERPRINT', 'android.permission.ACCESS_NETWORK_STATE']" 
"extra_perms" : "['android.permission.STORAGE', 'android.permission.READ_CONTACTS', 'android.permission.ACCESS_COARSE_LOCATION', 'android.permission.WRITE_EXTERNAL_STORAGE', 'android.permission.ACCESS_FINE_LOCATION', 'android.permission.RECORD_AUDIO', 'android.permission.GET_ACCOUNTS', 'android.permission.ACCESS_NETWORK_STATE', 'android.permission.INTERNET', 'android.permission.READ_PHONE_STATE']",
}