{
"name" : "BA WiFi",
"url" : "https://play.google.com/store/apps/details?id=ar.gob.buenosaires.bawifi",
"package" : "ar.gob.buenosaires.bawifi",
"category" : "Communication",
"description" : "Buenos Aires Wifi te permite localizar las conexiones Wifi libres del Gobierno de la Ciudad. Podrs buscar por comunas, por puntos de inters y por ubicacin. Buenos Aires Wifi allows you to locate the free Wifi connections City Government. You can search by municipalities, points of interest and location. ",
"desc_perms" : "[]",
"manifest_perms" : "['com.google.android.providers.gsf.permission.READ_GSERVICES', 'android.permission.ACCESS_COARSE_LOCATION', 'android.permission.WRITE_EXTERNAL_STORAGE', 'android.permission.ACCESS_FINE_LOCATION', 'ar.gob.buenosaires.bawifi.permission.MAPS_RECEIVE', 'android.permission.ACCESS_NETWORK_STATE', 'android.permission.INTERNET']",
"perms_with_call" : "['android.permission.BROADCAST_STICKY', 'android.permission.ACCESS_COARSE_LOCATION', 'android.permission.ACCESS_FINE_LOCATION', 'android.permission.WAKE_LOCK', 'android.permission.ACCESS_NETWORK_STATE']" 
"extra_perms" : "['ar.gob.buenosaires.bawifi.permission.MAPS_RECEIVE', 'android.permission.ACCESS_NETWORK_STATE', 'android.permission.ACCESS_COARSE_LOCATION', 'android.permission.WRITE_EXTERNAL_STORAGE', 'android.permission.INTERNET', 'android.permission.ACCESS_FINE_LOCATION']",
}