{
"name" : "UA Private Text Messaging, Secure Texting, Calling",
"url" : "https://play.google.com/store/apps/details?id=by.wimix.uaround.messenger",
"package" : "by.wimix.uaround.messenger",
"category" : "Communication",
"description" : "UAround messenger the worlds first instant messenger that provides real protection for correspondence. In our messenger you can encrypt the forwarded and received your message using a 15360 bit key. Your message is encrypted on your phone and stands only on the recipients phone when this phone has a password for decryption. All the way to the recipient message is held in an encrypted form. If your message is intercepted, it will be useless.  Our functions msn  Send private texts  Make secure private phone calls with a private phone number  Send disappearing messages, recall sent messages  Line encrypt all secret sms & messages (Enigma cipher machine)  Private vault to hide photos, videos, passwords and any files   Disguise UAround with a mask app to hide all secrets and privacy  We have gathered all the necessary functionality of the popular instant messengers, such as: - Voice call function - Video call feature - Send Short Message - Share photos - Sending a Document - Send your location in terms - Sending a contact from your address book - Sending a gift (Emoji) - All users of the application can be found in the phone book  We do not promise you to encrypt, unlike other popular applications, we give you the encryption. You can independently verify the encryption. Encrypt a message on your phone and send it to the recipient device. If the recipient does not enter on your phone decryption key, he will not be able to read your message.  How it works. 1. You need to select the user with whom you want to communicate. 2. In the text field, in the right corner there is an icon lock, click on it. 3. In the new window, enter and confirm your key consisting of at least 8 characters. The app will put your key into a 15360 bit key. If the operation is successful, youll be back on the chat screen. 4. Now write and send your messages. All posts in the chat will be encrypted. 5. The recipient will get your messages in an encrypted form. In order that the recipient was able to decrypt incoming messages, he should enter the key as the senders phone. ATTENTION! The encryption key is not sent over the network to the recipient. How to pass the key to decrypt your task recipient. 6. After entering the key in the phone message recipient, he will be able to read and send encrypted messages to you. ",
"desc_perms" : "['android.permission.CALL_PHONE', 'android.permission.READ_EXTERNAL_STORAGE', 'android.permission.WRITE_EXTERNAL_STORAGE', 'android.permission.ACCESS_FINE_LOCATION', 'android.permission.RECORD_AUDIO', 'android.permission.SEND_SMS', 'android.permission.MODIFY_AUDIO_SETTINGS', 'android.permission.ACCESS_NETWORK_STATE', 'android.permission.CAMERA', 'android.permission.INTERNET', 'android.permission.ACCESS_WIFI_STATE', 'android.permission.READ_PHONE_STATE']",
"manifest_perms" : "['android.permission.FOREGROUND_SERVICE', 'android.permission.ACCESS_FINE_LOCATION', 'android.permission.USE_CREDENTIALS', 'android.permission.BLUETOOTH', 'android.permission.RECEIVE_BOOT_COMPLETED', 'android.permission.MODIFY_AUDIO_SETTINGS', 'com.google.android.finsky.permission.BIND_GET_INSTALL_REFERRER_SERVICE', 'android.permission.WRITE_EXTERNAL_STORAGE', 'android.permission.WRITE_CONTACTS', 'android.permission.RECORD_AUDIO', 'android.permission.VIBRATE', 'com.google.android.c2dm.permission.RECEIVE', 'android.permission.CALL_PHONE', 'android.permission.AUTHENTICATE_ACCOUNTS', 'android.permission.WAKE_LOCK', 'android.permission.GET_ACCOUNTS', 'android.permission.DISABLE_KEYGUARD', 'android.permission.CAMERA', 'android.permission.INTERNET', 'android.permission.READ_PHONE_STATE', 'android.permission.READ_CONTACTS', 'android.permission.READ_EXTERNAL_STORAGE', 'android.permission.MANAGE_ACCOUNTS', 'android.permission.ACCESS_COARSE_LOCATION', 'android.permission.ACCESS_NETWORK_STATE', 'android.permission.BLUETOOTH_ADMIN']",
"perms_with_call" : "['android.permission.BROADCAST_STICKY', 'android.permission.CHANGE_NETWORK_STATE', 'android.permission.ACCESS_COARSE_LOCATION', 'android.permission.ACCESS_FINE_LOCATION', 'android.permission.GET_TASKS', 'android.permission.BLUETOOTH', 'android.permission.WAKE_LOCK', 'android.permission.MODIFY_AUDIO_SETTINGS', 'android.permission.USE_FINGERPRINT', 'android.permission.ACCESS_NETWORK_STATE', 'android.permission.ACCESS_WIFI_STATE', 'android.permission.READ_PHONE_STATE']" 
"extra_perms" : "['android.permission.ACCESS_WIFI_STATE', 'android.permission.GET_ACCOUNTS', 'android.permission.READ_CONTACTS', 'android.permission.DISABLE_KEYGUARD', 'android.permission.ACCESS_COARSE_LOCATION', 'android.permission.WRITE_CONTACTS']",
}