{
"name" : "Color Flash Launcher - Call Screen Themes",
"url" : "https://play.google.com/store/apps/details?id=call.color.flash.phone.callerscreen.flashlight.launcher",
"package" : "call.color.flash.phone.callerscreen.flashlight.launcher",
"category" : "Communication",
"description" : "Color Flash Launcher - lead your colorful life with dynamic call flash and color phone themes. Call screen& Live Wallpapers changer makes your phone shining and cool.  Color Flash Launcher - Call Screen Themes new call screen changer with call themes in 2020, customizes caller screen display with call screen themes, LED flash alert. Get the call theme changer, since caller screen themes & LED flashlight alert for call screen is free!  Call screen themes  make your call screen stylish. Call screen changer will provide awesome call screen themes and make your caller screen display special for you!.  Color Flash Launcher - Call Screen Themes is a call theme changer, which reminds the calls with caller screen flash, LED flash alert and call screen theme. Using Call Flash changer to set the caller screen themes & led flashlight . Call Flash & Color Phone,Call Screen Flash Theme,Flashlight,LED Flash make your call screen unique with different call screen themes and color phone themes.  Hot themes for android free  the most useful color phone themes will be provided. Different kinds of free stunning call screen themes are here waiting for you.  Cool wallpapers  different kinds of live wallpapers and 3D wallpapers can be found easily. Free live wallpapers make your background more shining  Emoji  thousands of cute emoji stickers are here.  Transition effect  pick the coolest 3D transition effect to match with your backgrounds. Super Flashlight Color Call Flash - Call Screen, Color Phone Flash contains a free light tool, and the LED flashlight is the brightest, and you can use the power flashlight as a small part of the LED light in the dark. We provide you an SOS flash. With one click, youll get a more useful flash.  Pretty Call Screen & Live Wallpapers There is always one for you. Privacy protection: -App lock: lock the app to protect privacy -Hide app: hide the app on the home screen System optimization: -Junk cleaner: remove junk files -Notification cleaner: organize notifications can remove unwanted ones Tools and plug-ins: -Widgets: quick entrance of the launcher and system widget -Weather: precise weather forecast in the near future -Flashlight: easily to turn on the flashlight in the dark -Notification toolbar: easy access to the tools -Search bar with google search engine Home screen management: -Unread message: get the number of unread messages -Screen manager: quickly align icons -Smart folder: apps with similar functions will be arranged in the same folder -Desktop setting: adjust the icon style and font style -Menu: quick access to the common features ",
"desc_perms" : "['android.permission.CALL_PHONE', 'android.permission.MODIFY_AUDIO_SETTINGS', 'android.permission.READ_PHONE_STATE']",
"manifest_perms" : "['android.permission.BROADCAST_STICKY', 'android.permission.FOREGROUND_SERVICE', 'android.permission.ACCESS_NETWOR', 'android.permission.READ_SYNC_SETTINGS', 'android.permission.WRITE_CALL_LOG', 'android.permission.USE_CREDENTIALS', 'android.permission.RECEIVE_BOOT_COMPLETED', 'android.permission.GET_ACCOUNTS_PRIVILEGED', 'android.permission.MODIFY_AUDIO_SETTINGS', 'com.google.android.finsky.permission.BIND_GET_INSTALL_REFERRER_SERVICE', 'android.permission.ALLOW_ANY_CODEC_FOR_PLAYBACK', 'android.permission.READ_PROFILE', 'android.permission.ANSWER_PHONE_CALLS', 'android.permission.GET_PACKAGE_SIZE', 'android.permission.WRITE_EXTERNAL_STORAGE', 'android.permission.READ_CALL_LOG', 'android.permission.WRITE_CONTACTS', 'android.permission.NFC', 'android.permission.SET_WALLPAPER', 'android.permission.MODIFY_PHONE_STATE', 'com.android.voicemail.permission.WRITE_VOICEMAIL', 'android.permission.PROCESS_OUTGOING_CALLS', 'android.permission.VIBRATE', 'android.permission.ACCESS_WIFI_STATE', 'com.google.android.c2dm.permission.RECEIVE', 'android.permission.CALL_PHONE', 'com.android.launcher.permission.INSTALL_SHORTCUT', 'android.permission.PACKAGE_USAGE_STATS', 'android.permission.BIND_NOTIFICATION_LISTENER_SERVICE', 'android.permission.STOP_APP_SWITCHES', 'android.permission.WAKE_LOCK', 'android.permission.GET_ACCOUNTS', 'android.permission.DISABLE_KEYGUARD', 'android.permission.CAMERA', 'android.permission.REQUEST_DELETE_PACKAGES', 'android.permission.KILL_BACKGROUND_PROCESSES', 'android.permission.INTERNET', 'com.android.voicemail.permission.ADD_VOICEMAIL', 'android.permission.CLEAR_APP_CACHE', 'android.permission.READ_PHONE_STATE', 'android.permission.CONTROL_INCALL_EXPERIENCE', 'android.permission.READ_CONTACTS', 'android.permission.MANAGE_ACCOUNTS', 'com.android.voicemail.permission.READ_VOICEMAIL', 'android.permission.DELETE_CACHE_FILES', 'android.permission.ACCESS_NETWORK_STATE', 'android.permission.WRITE_SETTINGS', 'android.permission.SYSTEM_ALERT_WINDOW']",
"perms_with_call" : "['android.permission.BROADCAST_STICKY', 'android.permission.ACCESS_COARSE_LOCATION', 'android.permission.ACCESS_FINE_LOCATION', 'android.permission.SET_WALLPAPER', 'android.permission.GET_TASKS', 'android.permission.BLUETOOTH', 'android.permission.WAKE_LOCK', 'android.permission.MODIFY_AUDIO_SETTINGS', 'android.permission.USE_FINGERPRINT', 'android.permission.ACCESS_NETWORK_STATE', 'android.permission.KILL_BACKGROUND_PROCESSES', 'android.permission.ACCESS_WIFI_STATE', 'android.permission.READ_PHONE_STATE']" 
"extra_perms" : "['android.permission.ACCESS_NETWOR', 'android.permission.PACKAGE_USAGE_STATS', 'android.permission.BIND_NOTIFICATION_LISTENER_SERVICE', 'android.permission.STOP_APP_SWITCHES', 'android.permission.ACCESS_FINE_LOCATION', 'android.permission.WRITE_CALL_LOG', 'android.permission.GET_ACCOUNTS_PRIVILEGED', 'android.permission.GET_ACCOUNTS', 'android.permission.ALLOW_ANY_CODEC_FOR_PLAYBACK', 'android.permission.DISABLE_KEYGUARD', 'android.permission.CAMERA', 'android.permission.KILL_BACKGROUND_PROCESSES', 'android.permission.REQUEST_DELETE_PACKAGES', 'android.permission.INTERNET', 'com.android.voicemail.permission.ADD_VOICEMAIL', 'android.permission.CONTROL_INCALL_EXPERIENCE', 'android.permission.ANSWER_PHONE_CALLS', 'android.permission.READ_CONTACTS', 'com.android.voicemail.permission.READ_VOICEMAIL', 'android.permission.SYSTEM_ALERT_WINDOW', 'android.permission.ACCESS_COARSE_LOCATION', 'android.permission.WRITE_EXTERNAL_STORAGE', 'android.permission.READ_CALL_LOG', 'android.permission.WRITE_CONTACTS', 'android.permission.NFC', 'android.permission.DELETE_CACHE_FILES', 'android.permission.MODIFY_PHONE_STATE', 'com.android.voicemail.permission.WRITE_VOICEMAIL', 'android.permission.ACCESS_NETWORK_STATE', 'android.permission.PROCESS_OUTGOING_CALLS', 'android.permission.ACCESS_WIFI_STATE']",
}