{
"name" : "Cool VPN â€“ Fast Secure&Unlimited VPN- Hotspot",
"url" : "https://play.google.com/store/apps/details?id=cc.coolline.client",
"package" : "cc.coolline.client",
"category" : "Communication",
"description" : "Disguise your online identity and access blocked apps and sites with Cool VPN, while keeping your mobile activities anonymous, private and secure!  Cool VPN Proxy is the most trusted security, privacy and access platform with top performance on speed, stability and security. Cool VPN gives you true online freedom  bypassing geo-restrictions and accessing the worlds content from anywhere, with just one tap.   Why choose Cool VPN?   Unblock geo-restricted contents: Encrypt all your traffic and get access to global media, video, messaging or social apps and networks.   Secure all online activities: Hide your IP address, identity, and location from trackers, and enjoy maximum privacy and security.   Unparalleled VPN Performance: our proprietary servers ensure the fastest VPN speed, most stable and secured connections.   Largest VPN Coverage: Cool VPN offers VPN coverage from 20 countries including US, UK, JP, IN, AU, CA, CN, and more!   No Logs Kept: Cool VPN no track or keep any logs of its users and their activities. Your security and privacy are guaranteed!   Best Customer Support: Any questions or suggestions, simply shoot an email to foxecomp@gmail.com. Satisfaction guaranteed!    Protect your sensitive data:We secure your internet traffic with 4sa encryption so that no one can get their hands on your online data.    Quality service :Cool VPN Proxy Subscription provides more secure and private internet access for your mobile device.   Cool VPN makes cybersecurity as easy as it gets  from VPN download to connecting.  Start your 7-day free trial today. ",
"desc_perms" : "['android.permission.WRITE_EXTERNAL_STORAGE', 'android.permission.INTERNET', 'android.permission.READ_EXTERNAL_STORAGE', 'android.permission.ACCESS_NETWORK_STATE']",
"manifest_perms" : "['android.permission.FOREGROUND_SERVICE', 'com.google.android.c2dm.permission.RECEIVE', 'android.permission.VIBRATE', 'android.permission.READ_EXTERNAL_STORAGE', 'android.permission.REQUEST_INSTALL_PACKAGES', 'android.permission.WAKE_LOCK', 'android.permission.RECEIVE_BOOT_COMPLETED', 'android.permission.CAMERA', 'com.google.android.finsky.permission.BIND_GET_INSTALL_REFERRER_SERVICE', 'android.permission.ACCESS_NETWORK_STATE', 'com.android.vending.BILLING', 'android.permission.INTERNET', 'android.permission.ACCESS_WIFI_STATE', 'android.permission.READ_PHONE_STATE']",
"perms_with_call" : "['android.permission.BROADCAST_STICKY', 'android.permission.BLUETOOTH_ADMIN', 'android.permission.CHANGE_NETWORK_STATE', 'android.permission.ACCESS_COARSE_LOCATION', 'android.permission.ACCESS_FINE_LOCATION', 'android.permission.GET_TASKS', 'android.permission.BLUETOOTH', 'android.permission.WAKE_LOCK', 'android.permission.USE_FINGERPRINT', 'android.permission.ACCESS_NETWORK_STATE', 'android.permission.ACCESS_WIFI_STATE', 'android.permission.CHANGE_WIFI_STATE']" 
"extra_perms" : "['android.permission.CAMERA', 'com.android.vending.BILLING', 'android.permission.ACCESS_COARSE_LOCATION', 'android.permission.ACCESS_WIFI_STATE', 'android.permission.ACCESS_FINE_LOCATION', 'android.permission.READ_PHONE_STATE']",
}