{
"name" : "Locals",
"url" : "https://play.google.com/store/apps/details?id=cdac.gyg",
"package" : "cdac.gyg",
"category" : "Communication",
"description" : "Whether youre looking to get some help with your your local city problems, or want to be aware of cities around the world, Locals is sure to have what youre looking for.  Join our community who will make sure were all getting the most out of our help! ",
"desc_perms" : "['android.permission.READ_CONTACTS', 'android.permission.GET_ACCOUNTS', 'android.permission.ACCESS_NETWORK_STATE', 'android.permission.INTERNET', 'android.permission.ACCESS_WIFI_STATE']",
"manifest_perms" : "['android.permission.ACCESS_COARSE_LOCATION', 'android.permission.ACCESS_FINE_LOCATION', 'android.permission.USE_CREDENTIALS', 'android.permission.ACCESS_NETWORK_STATE', 'android.permission.INTERNET', 'android.permission.ACCESS_WIFI_STATE', 'android.permission.CLEAR_APP_CACHE']",
"perms_with_call" : "['android.permission.ACCESS_COARSE_LOCATION', 'android.permission.ACCESS_WIFI_STATE', 'android.permission.ACCESS_FINE_LOCATION']" 
"extra_perms" : "['android.permission.ACCESS_COARSE_LOCATION', 'android.permission.ACCESS_FINE_LOCATION']",
}