{
"name" : "yallo swype",
"url" : "https://play.google.com/store/apps/details?id=ch.swype",
"package" : "ch.swype",
"category" : "Communication",
"description" : "SUPER SALE  50% discount on swype monthly for an entire year!  Only 19.50/month.   Swype in or out, anytime No commitment. You can start, stop & change anytime. yallo swype is as flexible as you, super easy and adapts to your needs. Not the other way around.  Everything at your fingertips You are in full control. Everything in the app. Anywhere. Anytime. With the yallo swype app you have full access to your account and can control everything through the app.  Impossible to pay more All packages are unlimited. No hidden costs. No on top charges ever. You can choose between 2 tariffs  Daily or Monthly. For unlimited high speed internet and unlimited calls in Switzerland you pay just CHF 2 per day or CHF 39 per month! Its impossible to pay more.   Pay with TWINT Payment is easy and secure within the app with TWINT or otherwise with Visa or Mastercard.   yallo swype Mobile. Just better. ",
"desc_perms" : "[]",
"manifest_perms" : "['android.permission.VIBRATE', 'com.google.android.c2dm.permission.RECEIVE', 'android.permission.RECORD_AUDIO', 'android.permission.WAKE_LOCK', 'com.google.android.finsky.permission.BIND_GET_INSTALL_REFERRER_SERVICE', 'android.permission.USE_FINGERPRINT', 'android.permission.ACCESS_NETWORK_STATE', 'android.permission.FLASHLIGHT', 'android.permission.CAMERA', 'android.permission.INTERNET', 'android.permission.ACCESS_WIFI_STATE']",
"perms_with_call" : "['android.permission.BROADCAST_STICKY', 'android.permission.BLUETOOTH_ADMIN', 'android.permission.CHANGE_NETWORK_STATE', 'android.permission.ACCESS_COARSE_LOCATION', 'android.permission.ACCESS_FINE_LOCATION', 'android.permission.GET_TASKS', 'android.permission.BLUETOOTH', 'android.permission.WAKE_LOCK', 'android.permission.USE_FINGERPRINT', 'android.permission.ACCESS_NETWORK_STATE', 'android.permission.ACCESS_WIFI_STATE', 'android.permission.CHANGE_WIFI_STATE']" 
"extra_perms" : "['android.permission.RECORD_AUDIO', 'android.permission.CAMERA', 'android.permission.ACCESS_NETWORK_STATE', 'android.permission.ACCESS_COARSE_LOCATION', 'android.permission.INTERNET', 'android.permission.ACCESS_WIFI_STATE', 'android.permission.ACCESS_FINE_LOCATION']",
}