{
"name" : "Flight Safety Swiss Air Force",
"url" : "https://play.google.com/store/apps/details?id=ch.zem.flightsafety",
"package" : "ch.zem.flightsafety",
"category" : "Communication",
"description" : "The Swiss Air Force Flight Safety App for smartphones provides you with the convenience of easy and compact access to official information, video clips and pictures relevant to flight safety.   The integrated news feature provides the crew with instant unclassified flight safety information. ",
"desc_perms" : "[]",
"manifest_perms" : "['android.permission.ACCESS_FINE_LOCATION', 'ch.zem.flightsafety.permission.MAPS_RECEIVE', 'android.permission.READ_PROFILE', 'android.permission.WRITE_EXTERNAL_STORAGE', 'android.permission.ACCESS_NETWORK_STATE', 'com.majeur.launcher.permission.UPDATE_BADGE', 'ch.zem.flightsafety.permission.C2D_MESSAGE', 'android.permission.USE_FINGERPRINT', 'com.sonyericsson.home.permission.BROADCAST_BADGE', 'com.google.android.c2dm.permission.RECEIVE', 'android.permission.CALL_PHONE', 'android.permission.AUTHENTICATE_ACCOUNTS', 'android.permission.WAKE_LOCK', 'android.permission.GET_ACCOUNTS', 'com.sonymobile.home.permission.PROVIDER_INSERT_BADGE', 'android.permission.INTERNET', 'com.sec.android.provider.badge.permission.READ', 'com.sec.android.provider.badge.permission.WRITE', 'android.permission.READ_CONTACTS', 'android.permission.READ_EXTERNAL_STORAGE', 'com.htc.launcher.permission.READ_SETTINGS', 'com.htc.launcher.permission.UPDATE_SHORTCUT', 'com.anddoes.launcher.permission.UPDATE_COUNT']",
"perms_with_call" : "['android.permission.BROADCAST_STICKY', 'android.permission.ACCESS_COARSE_LOCATION', 'android.permission.ACCESS_FINE_LOCATION', 'android.permission.GET_TASKS', 'android.permission.WAKE_LOCK', 'android.permission.BLUETOOTH', 'android.permission.USE_FINGERPRINT', 'android.permission.ACCESS_NETWORK_STATE']" 
"extra_perms" : "['android.permission.CALL_PHONE', 'android.permission.READ_EXTERNAL_STORAGE', 'android.permission.READ_CONTACTS', 'android.permission.ACCESS_COARSE_LOCATION', 'android.permission.WRITE_EXTERNAL_STORAGE', 'android.permission.ACCESS_FINE_LOCATION', 'ch.zem.flightsafety.permission.MAPS_RECEIVE', 'android.permission.GET_ACCOUNTS', 'android.permission.ACCESS_NETWORK_STATE', 'android.permission.INTERNET']",
}