{
"name" : "SessionCloud SIP Softphone",
"url" : "https://play.google.com/store/apps/details?id=co.froute.sessioncloud",
"package" : "co.froute.sessioncloud",
"category" : "Communication",
"description" : "SessionCloud is a feature-rich SIP VoIP Softphone which supports provisioning by operator code.  NOTE: You will need to get your operator code from your VoIP provider or IT department.  Please note some mobile network operators prohibit or restrict the use of VoIP over their networks and may impose additional fees or other charges. Please check with your operator before making calls over LTE networks.  Softphone features:  - Supports making SIP VoIP calls over LTE and WiFi - Incoming Calls via Push Notifications  - Video Calls with H264 &VP8 codec  - SMS Messaging ( SIP SIMPLE support required ) - Multiple accounts - simultaneously registered. Receive calls on any registered account. - Set call background image to contact photo or custom image - Dial Plan - Dual Line - Swap between 2 active calls - Conference - Merge and Split - Attended and Unattended Transfer - TLS Encryption with optional certificate verification - SRTP secure calls - Bluetooth Support - Call Recording - Quick import of accounts from major VoIP providers - Excellent audio quality - G722, G711 ,GSM and iLBC codec support - G729 Annex A available as Premium Feature - Speakerphone, Mute and Hold - DTMF Support , RFC2833 and Inband - Ringtones - Contacts integration, add or edit contacts from within the app - Dial from Call History and Favorites - Voicemail Notifications  If you need technical support please email support@sessiontalk.co.uk ",
"desc_perms" : "['android.permission.CALL_PHONE', 'android.permission.READ_CONTACTS', 'android.permission.WRITE_EXTERNAL_STORAGE', 'android.permission.WRITE_CONTACTS', 'android.permission.RECORD_AUDIO', 'android.permission.MODIFY_AUDIO_SETTINGS', 'android.permission.ACCESS_NETWORK_STATE', 'android.permission.CAMERA', 'android.permission.INTERNET', 'android.permission.READ_PHONE_STATE']",
"manifest_perms" : "['android.permission.BROADCAST_STICKY', 'android.permission.FOREGROUND_SERVICE', 'android.permission.BLUETOOTH', 'android.permission.RECEIVE_BOOT_COMPLETED', 'android.permission.MODIFY_AUDIO_SETTINGS', 'android.permission.WRITE_INTERNAL_STORAGE', 'android.permission.WRITE_EXTERNAL_STORAGE', 'android.permission.WRITE_CONTACTS', 'android.permission.RECORD_AUDIO', 'com.android.vending.CHECK_LICENSE', 'com.android.vending.BILLING', 'android.permission.VIBRATE', 'android.permission.ACCESS_WIFI_STATE', 'com.google.android.c2dm.permission.RECEIVE', 'android.permission.CALL_PHONE', 'android.permission.WAKE_LOCK', 'android.permission.DISABLE_KEYGUARD', 'android.permission.CAMERA', 'android.permission.INTERNET', 'android.permission.READ_PHONE_STATE', 'android.permission.REQUEST_IGNORE_BATTERY_OPTIMIZATIONS', 'android.permission.READ_CONTACTS', 'com.sonyericsson.permission.CAMERA_EXTENDED', 'android.permission.USE_FULL_SCREEN_INTENT', 'co.froute.sessioncloud.permission.C2D_MESSAGE', 'android.permission.ACCESS_NETWORK_STATE', 'android.permission.WRITE_SETTINGS', 'android.permission.BLUETOOTH_ADMIN']",
"perms_with_call" : "['android.permission.BROADCAST_STICKY', 'android.permission.CHANGE_NETWORK_STATE', 'android.permission.ACCESS_COARSE_LOCATION', 'android.permission.ACCESS_FINE_LOCATION', 'android.permission.GET_TASKS', 'android.permission.BLUETOOTH', 'android.permission.WAKE_LOCK', 'android.permission.MODIFY_AUDIO_SETTINGS', 'android.permission.USE_FINGERPRINT', 'android.permission.ACCESS_NETWORK_STATE', 'android.permission.DISABLE_KEYGUARD', 'android.permission.ACCESS_WIFI_STATE', 'android.permission.READ_PHONE_STATE']" 
"extra_perms" : "['android.permission.REQUEST_IGNORE_BATTERY_OPTIMIZATIONS', 'android.permission.WRITE_INTERNAL_STORAGE', 'android.permission.ACCESS_COARSE_LOCATION', 'com.sonyericsson.permission.CAMERA_EXTENDED', 'android.permission.ACCESS_FINE_LOCATION', 'android.permission.USE_FULL_SCREEN_INTENT', 'com.android.vending.CHECK_LICENSE', 'com.android.vending.BILLING', 'android.permission.DISABLE_KEYGUARD', 'android.permission.ACCESS_WIFI_STATE']",
}