{
"name" : "Dialpad",
"url" : "https://play.google.com/store/apps/details?id=co.switchapp",
"package" : "co.switchapp",
"category" : "Communication",
"description" : "Dialpad is a business phone system that brings everything togetherCRM, Help Desk, emailsto help you have a smarter conversation. With a platform that supports voice, video, and messaging, companies can keep it all under one roof no matter the device or location.   Features that matter:   Seamless Integrations Bring context to your conversations with native integrations for G Suite, Office 365, Salesforce, Zendesk, and more.   Real-Time Coaching Everyone needs a little help sometimesdeliver it live with Ai powered features that help nudge your team in the right direction.   Analytics & Dashboards Get a clear picture of the conversations happening across your teams, from competitor insights to customer feedback, so you know what your next steps should be.  Business SMS Need to send a quick note to a prospect or colleague? Take your pick between SMS, MMS, or group chat.   Voice Intelligence (Ai) Focus on the conversation, not note-taking, with Voice Intelligence features that automatically capture what was said, and by who, on each call. ",
"desc_perms" : "['android.permission.CAMERA']",
"manifest_perms" : "['android.permission.KILL_BACKGROUND_PROCESSES', 'android.permission.WRITE_EXTERNAL_STORAGE', 'android.permission.RECEIVE_BOOT_COMPLETED', 'android.permission.READ_CALL_LOG', 'android.permission.RECORD_AUDIO', 'android.permission.SYSTEM_ALERT_WINDOW', 'android.permission.CALL_PHONE', 'android.permission.WRITE_CONTACTS', 'android.permission.FOREGROUND_SERVICE', 'android.permission.MODE_IN_COMMUNICATION', 'android.permission.WAKE_LOCK', 'com.google.android.providers.gsf.permission.READ_GSERVICES', 'android.permission.MODIFY_AUDIO_SETTINGS', 'android.permission.GET_TASKS', 'android.permission.PROCESS_OUTGOING_CALLS', 'android.permission.ACCESS_NETWORK_STATE', 'android.permission.READ_CONTACTS', 'android.permission.REQUEST_IGNORE_BATTERY_OPTIMIZATIONS', 'android.permission.READ_EXTERNAL_STORAGE', 'android.permission.MANAGE_ACCOUNTS', 'com.google.android.c2dm.permission.RECEIVE', 'android.permission.WRITE_CALL_LOG', 'com.google.android.finsky.permission.BIND_GET_INSTALL_REFERRER_SERVICE', 'android.permission.INTERNET', 'android.permission.BLUETOOTH', 'android.permission.READ_PHONE_STATE', 'android.permission.ACCESS_WIFI_STATE', 'android.permission.USE_FULL_SCREEN_INTENT', 'android.permission.VIBRATE']",
"perms_with_call" : "['android.permission.ACCESS_COARSE_LOCATION', 'android.permission.ACCESS_FINE_LOCATION', 'android.permission.BROADCAST_STICKY', 'android.permission.CHANGE_NETWORK_STATE', 'android.permission.ACCESS_WIFI_STATE', 'android.permission.WAKE_LOCK', 'android.permission.USE_FINGERPRINT', 'android.permission.MODIFY_AUDIO_SETTINGS', 'android.permission.GET_TASKS', 'android.permission.ACCESS_NETWORK_STATE', 'android.permission.BLUETOOTH']" 
"extra_perms" : "['android.permission.KILL_BACKGROUND_PROCESSES', 'android.permission.ACCESS_COARSE_LOCATION', 'android.permission.ACCESS_FINE_LOCATION', 'android.permission.WRITE_EXTERNAL_STORAGE', 'android.permission.READ_CONTACTS', 'android.permission.REQUEST_IGNORE_BATTERY_OPTIMIZATIONS', 'android.permission.READ_EXTERNAL_STORAGE', 'android.permission.READ_CALL_LOG', 'android.permission.WRITE_CALL_LOG', 'android.permission.RECORD_AUDIO', 'android.permission.SYSTEM_ALERT_WINDOW', 'android.permission.CALL_PHONE', 'android.permission.WRITE_CONTACTS', 'android.permission.INTERNET', 'android.permission.READ_PHONE_STATE', 'android.permission.MODE_IN_COMMUNICATION', 'android.permission.ACCESS_WIFI_STATE', 'android.permission.USE_FULL_SCREEN_INTENT', 'android.permission.MODIFY_AUDIO_SETTINGS', 'android.permission.PROCESS_OUTGOING_CALLS', 'android.permission.ACCESS_NETWORK_STATE']",
}