{
"name" : "Toky: business phone system",
"url" : "https://play.google.com/store/apps/details?id=co.toky.business.app",
"package" : "co.toky.business.app",
"category" : "Communication",
"description" : "To use this app, please sign up on https://toky.co/signup first   Use this calling app to make and receive calls using Toky for Business on your device. Use Toky virtual phone system on the go and stay connected outside of the office or while you are traveling using WiFi or mobile networks. Turn your mobile device into your virtual call center and improve sales and customer service. Send SMS, call customers from anywhere, and receive international calls from your website, virtual phone numbers or Facebook fan page.   Make and receive international calls Get virtual phone numbers in more than 60 countries and answer calls from your mobile device or desktop. You can get even toll-free phone numbers.   Send SMS Use one your SMS enabled phone numbers to send text messages to mobile phones in many countries.   Listen to voicemails Listen to voicemails left by customers directly in the app   Use call center features With Toky virtual phone system, you can get call center features like greeting message, voicemail, agents, call queue, call forwarding, call recording, caller ID, you can also get virtual PBX services like extension number per agent and much more.   Receive calls from internet  Share your Toky call link and your customers can call you for free. Receive calls from a web browser without having a Toky account. Share your call link and anyone can call you, just like if you would have shared your phone number.   Receive calls from your website  Add our Click to call Toky widget to your website and start receiving calls from visitors for free.   Work with your available time  Create call filters location for working days and hours when you want to receive calls. Never receive unexpected calls again.   Improve collaboration and productivity  Make free calls to other agents or transfer a received call to the right person easily.   Apps and CRM integrations  Improve your sales and customer service processes integrating your CRM and apps with Toky, every call received and made from this app or website is synchronized with any tool connected to our cloud phone system.  Other Toky Tools you can use   Toky Chrome Extension https://chrome.google.com/webstore/detail/toky-for-business/jjmbdcmkifgnnlegpbmhemieakedebdb  Toky Click to call Chrome Extension https://chrome.google.com/webstore/detail/toky-click-to-call/fhjiofbghkamgjbbndpaghklifdckhmk  Toky Bulk SMS sender add-on for Google Sheets https://chrome.google.com/webstore/detail/toky-bulk-sms-sender/mfhgikfmfhbodhakmobfobgffmmhkgdh?utm_source=permalink   Create your Toky account and start making and receiving calls in minutes!    Contact: https://toky.co https://twitter.com/TokyApp https://facebook.com/TokyApp   Call Us: https://toky.co/toky     Frequently asked questions:  https://help.toky.co ",
"desc_perms" : "['android.permission.READ_CONTACTS', 'android.permission.SEND_SMS', 'android.permission.READ_EXTERNAL_STORAGE', 'android.permission.READ_PHONE_STATE', 'android.permission.ACCESS_WIFI_STATE', 'android.permission.MODIFY_AUDIO_SETTINGS', 'android.permission.GET_ACCOUNTS', 'android.permission.CALL_PHONE', 'android.permission.ACCESS_NETWORK_STATE', 'android.permission.INTERNET']",
"manifest_perms" : "['android.permission.WRITE_EXTERNAL_STORAGE', 'android.permission.RECEIVE_BOOT_COMPLETED', 'android.permission.BROADCAST_STICKY', 'android.permission.RECORD_AUDIO', 'android.permission.SYSTEM_ALERT_WINDOW', 'android.permission.CALL_PHONE', 'android.permission.WRITE_SETTINGS', 'android.permission.USE_TOKY_BUSINESS_SIP', 'android.permission.FOREGROUND_SERVICE', 'android.permission.WAKE_LOCK', 'android.permission.CONFIGURE_TOKY_BUSINESS_SIP', 'com.google.android.providers.gsf.permission.READ_GSERVICES', 'android.permission.MODIFY_AUDIO_SETTINGS', 'co.toky.business.app.permission.C2D_MESSAGE', 'android.permission.READ_LOGS', 'android.permission.ACCESS_NETWORK_STATE', 'android.permission.READ_CONTACTS', 'android.permission.REQUEST_IGNORE_BATTERY_OPTIMIZATIONS', 'android.permission.READ_EXTERNAL_STORAGE', 'com.google.android.c2dm.permission.RECEIVE', 'android.permission.USE_SIP', 'android.permission.RAISED_THREAD_PRIORITY', 'android.permission.DISABLE_KEYGUARD', 'android.permission.CAMERA', 'com.google.android.finsky.permission.BIND_GET_INSTALL_REFERRER_SERVICE', 'android.permission.BLUETOOTH', 'android.permission.INTERNET', 'android.permission.READ_PHONE_STATE', 'android.permission.ACCESS_WIFI_STATE', 'android.permission.USE_FULL_SCREEN_INTENT', 'android.permission.VIBRATE', 'android.permission.READ_PROFILE']",
"perms_with_call" : "['android.permission.ACCESS_COARSE_LOCATION', 'android.permission.ACCESS_FINE_LOCATION', 'android.permission.BROADCAST_STICKY', 'android.permission.CHANGE_NETWORK_STATE', 'android.permission.ACCESS_WIFI_STATE', 'android.permission.WAKE_LOCK', 'android.permission.MODIFY_AUDIO_SETTINGS', 'android.permission.DISABLE_KEYGUARD', 'android.permission.GET_TASKS', 'android.permission.ACCESS_NETWORK_STATE', 'android.permission.BLUETOOTH']" 
"extra_perms" : "['android.permission.WRITE_EXTERNAL_STORAGE', 'android.permission.ACCESS_COARSE_LOCATION', 'android.permission.ACCESS_FINE_LOCATION', 'android.permission.REQUEST_IGNORE_BATTERY_OPTIMIZATIONS', 'android.permission.USE_TOKY_BUSINESS_SIP', 'android.permission.DISABLE_KEYGUARD', 'android.permission.RAISED_THREAD_PRIORITY', 'android.permission.USE_SIP', 'android.permission.USE_FULL_SCREEN_INTENT', 'android.permission.CONFIGURE_TOKY_BUSINESS_SIP', 'android.permission.SYSTEM_ALERT_WINDOW', 'android.permission.RECORD_AUDIO', 'android.permission.READ_LOGS', 'android.permission.CAMERA']",
}