{
"name" : "GO4YU Calling pozivi ka Srbiji",
"url" : "https://play.google.com/store/apps/details?id=com.go4yu",
"package" : "com.go4yu",
"category" : "Communication",
"description" : "TA JE SVE MOGUE UZ GO4YU CALLING?  Dobija srpski 076 broj potpuno besplatno   Omogui prijateljima i porodici iz Srbije da te zovu na tvoj 076 broj i sa fiksnog i sa mobilnog telefona za SAMO 0,01$/min (1,20 din/min)   Tvoji iz Srbije ti alju SMS poruku po ceni od 0,01$/min (1,20 din/sms)  Razgovaraj i razmenjuj SMS sa Srbijom po najboljim cenama  GO4YU Calling menja tvoj nain komunikacije sa porodicom i prijateljima u Srbiji. Bilo da si u Americi, Australiji, Africi ili Aziji sada moe najdrae koji ive u Srbiji da zove po izuzetno povoljnim cenama.   RAZGOVARAJ KAO KOD KUE  Kako?  Jednostavno  besplatno preuzmi aplikaciju sa Google Play store-a, registruj se i spremi se za mnooogo vie razgovora.  Nakon registracije, dobie 076 srpski broj i Welcome paket sa 30 minuta i 300 SMS poruka ka Srbiji koje moe da iskoristi u narednih 30 dana.   OSTVARI BONUS MINUTE UZ GO4Friends  Preporui prijateljima da besplatno preuzmu GO4YU Calling aplikaciju.  Prilikom registracije neka unesu tvoj 076 broj telefona. Sjajno! Ti dobija 10, a tvoj prijatelj 5 BONUS minuta za razgovore sa Srbijom.  to vie prijatelja pozove, vie bonus minuta i za tebe i za njih.  ZOVI SRBIJU PO NAJBOLJIM CENAMA  Nakon to potroi Welcome paket, moe da kupi jedan od Planova iz nae ponude koji ti omoguavaju da zove tvoje po najboljim cenama i da im alje neogranien broj SMS poruka.  Razgovori i razmena SMS poruka mogui su sa korisnicima mobilne i fiksne mree Telekoma Srbija. ",
"desc_perms" : "[]",
"manifest_perms" : "['me.everything.badger.permission.BADGE_COUNT_WRITE', 'android.permission.INTERNET', 'com.anddoes.launcher.permission.UPDATE_COUNT', 'android.permission.READ_CONTACTS', 'android.permission.ACCESS_NETWORK_STATE', 'android.permission.WRITE_EXTERNAL_STORAGE', 'com.sec.android.provider.badge.permission.WRITE', 'android.permission.ACCESS_WIFI_STATE', 'android.permission.CALL_PHONE', 'com.huawei.android.launcher.permission.WRITE_SETTINGS', 'com.oppo.launcher.permission.WRITE_SETTINGS', 'com.sonyericsson.home.permission.BROADCAST_BADGE', 'com.sec.android.provider.badge.permission.READ', 'android.permission.BLUETOOTH', 'android.permission.BROADCAST_STICKY', 'android.permission.READ_EXTERNAL_STORAGE', 'android.permission.READ_APP_BADGE', 'com.oppo.launcher.permission.READ_SETTINGS', 'com.htc.launcher.permission.READ_SETTINGS', 'android.permission.CAMERA', 'com.sonymobile.home.permission.PROVIDER_INSERT_BADGE', 'android.permission.WRITE_CONTACTS', 'android.permission.READ_PROFILE', 'android.permission.RECORD_AUDIO', 'com.majeur.launcher.permission.UPDATE_BADGE', 'com.android.vending.BILLING', 'android.permission.GET_ACCOUNTS', 'com.go4yu.permission.C2D_MESSAGE', 'me.everything.badger.permission.BADGE_COUNT_READ', 'android.permission.MODIFY_AUDIO_SETTINGS', 'android.permission.READ_PHONE_STATE', 'com.htc.launcher.permission.UPDATE_SHORTCUT', 'com.huawei.android.launcher.permission.READ_SETTINGS', 'android.permission.CHANGE_WIFI_MULTICAST_STATE', 'com.google.android.finsky.permission.BIND_GET_INSTALL_REFERRER_SERVICE', 'com.google.android.c2dm.permission.RECEIVE', 'android.permission.VIBRATE', 'android.permission.WAKE_LOCK', 'com.huawei.android.launcher.permission.CHANGE_BADGE', 'android.permission.RECEIVE_BOOT_COMPLETED']",
"perms_with_call" : "['android.permission.ACCESS_COARSE_LOCATION', 'android.permission.MODIFY_AUDIO_SETTINGS', 'android.permission.ACCESS_FINE_LOCATION', 'android.permission.CHANGE_WIFI_MULTICAST_STATE', 'android.permission.ACCESS_NETWORK_STATE', 'android.permission.GET_TASKS', 'android.permission.BLUETOOTH', 'android.permission.BROADCAST_STICKY', 'android.permission.WAKE_LOCK', 'android.permission.CHANGE_NETWORK_STATE', 'android.permission.ACCESS_WIFI_STATE']" 
"extra_perms" : "['android.permission.CAMERA', 'android.permission.INTERNET', 'android.permission.WRITE_CONTACTS', 'android.permission.ACCESS_FINE_LOCATION', 'android.permission.RECORD_AUDIO', 'android.permission.READ_CONTACTS', 'android.permission.ACCESS_NETWORK_STATE', 'android.permission.WRITE_EXTERNAL_STORAGE', 'com.android.vending.BILLING', 'android.permission.ACCESS_WIFI_STATE', 'android.permission.CALL_PHONE', 'android.permission.GET_ACCOUNTS', 'android.permission.ACCESS_COARSE_LOCATION', 'android.permission.MODIFY_AUDIO_SETTINGS', 'android.permission.READ_PHONE_STATE', 'android.permission.READ_EXTERNAL_STORAGE']",
}