{
"name" : "Zippi Achieve",
"url" : "https://play.google.com/store/apps/details?id=com.distribution.altmessenger",
"package" : "com.distribution.altmessenger",
"category" : "Communication",
"description" : "Zippi is a secure and intelligent enterprise collaboration platform that is driving productivity by making conversations contextual, intuitive and seamless. Now internal, cross-functional and remote teams can chat, share files and work together more efficiently. Your teams communication is not scattered across emails, meetings and multiple tools, it is at one single place for everyone. Zippi not only helps teams work together, it also aligns conversations to business objectives to keep the focus on whats important.  Teams can achieve more with Zippi, using highly intuitive features like; smart work-groups, focused conversations, contextual task management, polls, appreciation, secure file sharing, AI enabled virtual assistant and much more.  Features:   Collaboration: Remain connected with peers and work groups, a secure method of sharing business data.   Conversations: Contextual conversations which simplify transactions, easy and faster interactions to close open tasks.   Align on business objectives: Define and share objectives with your team. Track and maintain all related conversation threads to focus on whats important.   Task management: Assign, share and add rich context to tasks, within an ongoing conversation. Track deadlines and completed tasks in one place.   Secure data sharing: Share any types of messages, files and links securely - no screenshots, only in-app downloads.   Make decisions as a team: Invite Group members to participate in fun polls.   Highly secure: SSO and SSL encrypted messaging, file sharing, data storage and backup  Note: The Zippi app is designed for use by PeopleStrong Alt customers and requires authorized PeopleStrong Alt credentials.  Screens:  Home: Connect with any one you wish to from your organization over a chat.  Group: Stay connected with peers and work groups, a secure method of sharing business data.  Favourites: Tag your frequent contact in favourite window and reach out to them in a single tap.  My profile: Build your profile and view peers profile for details, integrate your profiles with your social media accounts. ",
"desc_perms" : "['android.permission.INTERNET', 'android.permission.ACCESS_WIFI_STATE', 'android.permission.READ_EXTERNAL_STORAGE', 'android.permission.ACCESS_NETWORK_STATE']",
"manifest_perms" : "['android.permission.FOREGROUND_SERVICE', 'com.huawei.android.launcher.permission.CHANGE_BADGE', 'com.android.launcher.permission.UNINSTALL_SHORTCUT', 'com.android.launcher.permission.READ_SETTINGS', 'android.permission.ACCESS_FINE_LOCATION', 'android.permission.RECEIVE_BOOT_COMPLETED', 'com.oppo.launcher.permission.WRITE_SETTINGS', 'com.google.android.finsky.permission.BIND_GET_INSTALL_REFERRER_SERVICE', 'com.htc.launcher.permission.UPDATE_SHORTCUT', 'android.permission.WRITE_EXTERNAL_STORAGE', 'com.majeur.launcher.permission.UPDATE_BADGE', 'com.huawei.android.launcher.permission.READ_SETTINGS', 'android.permission.RECORD_AUDIO', 'com.anddoes.launcher.permission.UPDATE_COUNT', 'android.permission.FLASHLIGHT', 'com.sonyericsson.home.permission.BROADCAST_BADGE', 'android.permission.VIBRATE', 'me.everything.badger.permission.BADGE_COUNT_READ', 'com.google.android.c2dm.permission.RECEIVE', 'com.android.launcher.permission.INSTALL_SHORTCUT', 'com.huawei.android.launcher.permission.WRITE_SETTINGS', 'android.permission.WAKE_LOCK', 'com.sonymobile.home.permission.PROVIDER_INSERT_BADGE', 'android.permission.CAMERA', 'android.permission.INTERNET', 'android.permission.READ_APP_BADGE', 'com.android.launcher.permission.WRITE_SETTINGS', 'com.sec.android.provider.badge.permission.READ', 'com.sec.android.provider.badge.permission.WRITE', 'android.permission.READ_EXTERNAL_STORAGE', 'me.everything.badger.permission.BADGE_COUNT_WRITE', 'android.permission.ACCESS_COARSE_LOCATION', 'com.htc.launcher.permission.READ_SETTINGS', 'android.permission.ACCESS_NETWORK_STATE', 'android.permission.INSTALL_SHORTCUT', 'com.oppo.launcher.permission.READ_SETTINGS', 'android.permission.SYSTEM_ALERT_WINDOW']",
"perms_with_call" : "['android.permission.BROADCAST_STICKY', 'android.permission.CHANGE_NETWORK_STATE', 'android.permission.ACCESS_COARSE_LOCATION', 'android.permission.ACCESS_FINE_LOCATION', 'android.permission.GET_TASKS', 'android.permission.WAKE_LOCK', 'android.permission.ACCESS_NETWORK_STATE', 'android.permission.ACCESS_WIFI_STATE']" 
"extra_perms" : "['com.android.launcher.permission.WRITE_SETTINGS', 'android.permission.SYSTEM_ALERT_WINDOW', 'android.permission.ACCESS_COARSE_LOCATION', 'android.permission.WRITE_EXTERNAL_STORAGE', 'com.android.launcher.permission.READ_SETTINGS', 'android.permission.ACCESS_FINE_LOCATION', 'android.permission.RECORD_AUDIO', 'android.permission.INSTALL_SHORTCUT', 'android.permission.CAMERA', 'android.permission.ACCESS_WIFI_STATE']",
}