{
"name" : "chomp Emoji - Android Pie Style",
"url" : "https://play.google.com/store/apps/details?id=com.p1.chompsms.androidoemojis",
"package" : "com.p1.chompsms.androidoemojis",
"category" : "Communication",
"description" : "This is an *add-on* to the chomp SMS application that utilizes the latest Android Pie styled emojis.   Provides 2900+ of the latest (Unicode 11) emojis including diversity (skin tone) on any Android phone.  You access the Android Pie emoji using the + icon to the left of the message field in the conversation. Long hold on a human skin emoji (for example a hand gesture) to see diversity (skin tone color) options.  IMPORTANT: These Android Oreo emoji are ONLY available in chomp SMS and not system wide (e.g. keyboard app).   Licensed under Apache 2.0 @ https://github.com/googlei18n/noto-emoji/blob/master/LICENSE ",
"desc_perms" : "['android.permission.READ_EXTERNAL_STORAGE']",
"manifest_perms" : "[]",
"perms_with_call" : "[]" 
"extra_perms" : "[]",
}