{
"name" : "Speed Dial Widget - Quick and easy to call",
"url" : "https://play.google.com/store/apps/details?id=com.SpeedDial.OneTouch",
"package" : "com.SpeedDial.OneTouch",
"category" : "Communication",
"description" : "Have an elderly family member or a young child that has trouble using a phone? Are you tired of searching through your contacts or recent calls to find someone you want to message, call, or video call? Then Speed dial app is for you.  Speed dial widgetis the best way to get in touch with your favorites with just one touch. You can Message, Call and Video call etc. Straight from your home screen.   *Its very useful for Elders*  Elders or Users with bad eyesight. can easily identify Contact with Photo and Call it.  *Key Features*   1) Just one tap and do Actions : Phone Call , SMS , WhatsApp message, WhatsApp Call , Skype call, Facebook messenger, Google Duo Video call. 2) Choose what to do on single or double tap on contact like Call or Message etc. Or you can choose specific action for each contact. 3) You call & message to all your selected contacts from home screen using app widget. 4) Categories your contacts into groups like Family, Business, Friends etc 5) You can add each group widget into home screen 6) Change shape of Contact List photos. 7) Choose app colour theme or your choice. 8) Dual SIM Support 9) Dial pad 10) Backup and Restore app data  and many more....  For Redmi, Please do following setting to make the app widget working. Go to Settings--Apps-- Manage apps-- select Speed Dial Widget -- here 1. Allow other permissions - Allow all options here.  Please remove and again add the app widget from home screen. It will surely fix the issue. ",
"desc_perms" : "['android.permission.CAMERA', 'android.permission.READ_PHONE_STATE', 'android.permission.MODIFY_AUDIO_SETTINGS', 'android.permission.READ_CONTACTS', 'android.permission.WRITE_CONTACTS', 'android.permission.READ_EXTERNAL_STORAGE', 'android.permission.CALL_PHONE']",
"manifest_perms" : "['android.permission.READ_EXTERNAL_STORAGE', 'android.permission.INTERNET', 'android.permission.READ_PHONE_STATE', 'android.permission.CAMERA', 'com.android.vending.BILLING', 'android.permission.CHANGE_NETWORK_STATE', 'com.google.android.finsky.permission.BIND_GET_INSTALL_REFERRER_SERVICE', 'android.permission.ACCESS_NETWORK_STATE', 'com.google.android.c2dm.permission.RECEIVE', 'android.permission.READ_CONTACTS', 'android.permission.WRITE_CONTACTS', 'android.permission.WAKE_LOCK', 'android.permission.CALL_PHONE', 'com.SpeedDial.OneTouch.permission.C2D_MESSAGE', 'android.permission.WRITE_EXTERNAL_STORAGE']",
"perms_with_call" : "['android.permission.ACCESS_COARSE_LOCATION', 'android.permission.ACCESS_NETWORK_STATE', 'android.permission.GET_TASKS', 'android.permission.BROADCAST_STICKY', 'android.permission.SET_WALLPAPER', 'android.permission.WAKE_LOCK', 'android.permission.ACCESS_FINE_LOCATION']" 
"extra_perms" : "['android.permission.INTERNET', 'com.android.vending.BILLING', 'android.permission.ACCESS_FINE_LOCATION', 'android.permission.ACCESS_COARSE_LOCATION', 'android.permission.ACCESS_NETWORK_STATE', 'android.permission.WRITE_EXTERNAL_STORAGE']",
}