{
"name" : "imagineBroadband",
"url" : "https://play.google.com/store/apps/details?id=com.imagine.android.broadband",
"package" : "com.imagine.android.broadband",
"category" : "Communication",
"description" : "A refreshed new look, imagineBroadband (previously MyTelBru) offers you the convenience and time-efficient means of carrying out your imagine services on the go with your Android device. Whether its internet or voice services, imagineBroadband is the seamless mobile app for payments, usage tracking, updates and so much more.  Once downloaded, the apps simple interface and easy navigation will grant you access to a number of functions such as:   Pay your bills   View your profile   Monitor your usage   Get notified on whats new   View account history and activity, and more.  To enjoy these services and more, download the app to undergo a simple registration process and youre ready to experience what imagineBroadband has to offer. ",
"desc_perms" : "['android.permission.WRITE_EXTERNAL_STORAGE', 'android.permission.GET_ACCOUNTS', 'android.permission.INTERNET', 'android.permission.ACCESS_WIFI_STATE', 'android.permission.ACCESS_NETWORK_STATE']",
"manifest_perms" : "['com.imagine.android.broadband.permission.MAPS_RECEIVE', 'android.permission.WAKE_LOCK', 'android.permission.WRITE_EXTERNAL_STORAGE', 'com.google.android.finsky.permission.BIND_GET_INSTALL_REFERRER_SERVICE', 'android.permission.INTERNET', 'com.google.android.c2dm.permission.RECEIVE', 'android.permission.SYSTEM_ALERT_WINDOW', 'android.permission.ACCESS_NETWORK_STATE', 'android.permission.VIBRATE']",
"perms_with_call" : "['android.permission.GET_TASKS', 'android.permission.ACCESS_COARSE_LOCATION', 'android.permission.BLUETOOTH', 'android.permission.ACCESS_FINE_LOCATION', 'android.permission.ACCESS_NETWORK_STATE', 'android.permission.BROADCAST_STICKY', 'android.permission.WAKE_LOCK']" 
"extra_perms" : "['android.permission.SYSTEM_ALERT_WINDOW', 'com.imagine.android.broadband.permission.MAPS_RECEIVE', 'android.permission.ACCESS_COARSE_LOCATION', 'android.permission.ACCESS_FINE_LOCATION']",
}