{
"name" : "Criptext Secure Email",
"url" : "https://play.google.com/store/apps/details?id=com.criptext.mail",
"package" : "com.criptext.mail",
"category" : "Communication",
"description" : "Finally, an email service thats built around your privacy. Get your @criptext.com email address and see what its like to have peace of mind and privacy in every email you send.   Features:  +End-to-end Encryption: Criptext uses the open source Signal Protocol library to encrypt your emails. Your emails are locked with a unique key thats generated and stored on your device alone, which means only you and your intended recipient can read the emails you send.  +No data collection: unlike every other email service out there, Criptext doesnt store your emails in its servers. Instead, your entire inbox is stored exclusively on your device.  +Open Source: our source code is open for everyone to see that Criptext actually works the way its advertised. You dont have to trust us, you can verify for yourself: https://github.com/Criptext  +Easy to use: our app is designed to work as simple as any other email app  so much so, youll forget how secure it is.  Get Criptext and see how easy it is to email with more security and privacy! ",
"desc_perms" : "['android.permission.INTERNET', 'android.permission.ACCESS_NETWORK_STATE']",
"manifest_perms" : "['com.google.android.c2dm.permission.RECEIVE', 'android.permission.READ_CONTACTS', 'android.permission.MANAGE_ACCOUNTS', 'android.permission.READ_EXTERNAL_STORAGE', 'android.permission.WRITE_EXTERNAL_STORAGE', 'android.permission.ACCESS_WIFI_STATE', 'android.permission.RECEIVE_BOOT_COMPLETED', 'android.permission.GET_ACCOUNTS', 'android.permission.WAKE_LOCK', 'android.permission.USE_FINGERPRINT', 'android.permission.ACCESS_NETWORK_STATE', 'com.google.android.finsky.permission.BIND_GET_INSTALL_REFERRER_SERVICE', 'android.permission.VIBRATE', 'com.criptext.mail.permission.C2D_MESSAGE', 'android.permission.INTERNET', 'android.permission.SYSTEM_ALERT_WINDOW', 'android.permission.READ_PHONE_STATE']",
"perms_with_call" : "['android.permission.BROADCAST_STICKY', 'android.permission.ACCESS_COARSE_LOCATION', 'android.permission.ACCESS_FINE_LOCATION', 'android.permission.GET_TASKS', 'android.permission.BLUETOOTH', 'android.permission.WAKE_LOCK', 'android.permission.USE_FINGERPRINT', 'android.permission.ACCESS_NETWORK_STATE']" 
"extra_perms" : "['android.permission.READ_CONTACTS', 'android.permission.READ_EXTERNAL_STORAGE', 'android.permission.ACCESS_COARSE_LOCATION', 'android.permission.WRITE_EXTERNAL_STORAGE', 'android.permission.ACCESS_FINE_LOCATION', 'android.permission.ACCESS_WIFI_STATE', 'android.permission.GET_ACCOUNTS', 'android.permission.SYSTEM_ALERT_WINDOW', 'android.permission.READ_PHONE_STATE']",
}