{
"name" : "imo beta free calls and text",
"url" : "https://play.google.com/store/apps/details?id=com.imo.android.imoimbeta",
"package" : "com.imo.android.imoimbeta",
"category" : "Communication",
"description" : "Message and video chat with your friends and family for free, no matter what device they are on!  With imo beta, users can preview and try new and experimental IM features. However, the beta app is less stable than the official imo instant messenger app. For the latest stable version, download our official app at https://play.google.com/store/apps/details?id=com.imo.android.imoim.  - Send unlimited messages and make free video and voice calls over your 2G, 3G, 4G or Wi-Fi connection* - Make high-quality video and voice calls - Group chat with friends, family, roommates and others - Share photos and videos - Express yourself with hundreds of free stickers! - Encrypted chats and calls - Optimized for Android tablets - Avoid SMS and phone call charges  *Data charges may apply. Contact your provider for details. ",
"desc_perms" : "['android.permission.CALL_PHONE', 'android.permission.RECORD_AUDIO', 'android.permission.WRITE_EXTERNAL_STORAGE', 'android.permission.INTERNET', 'android.permission.GET_ACCOUNTS', 'android.permission.READ_PHONE_STATE', 'android.permission.ACCESS_WIFI_STATE', 'android.permission.READ_CONTACTS', 'android.permission.ACCESS_NETWORK_STATE', 'android.permission.WRITE_CONTACTS', 'android.permission.READ_EXTERNAL_STORAGE', 'android.permission.CAMERA']",
"manifest_perms" : "['android.permission.READ_APP_BADGE', 'android.permission.NFC', 'android.permission.AUTHENTICATE_ACCOUNTS', 'com.android.launcher.permission.INSTALL_SHORTCUT', 'android.permission.GET_TASKS', 'com.vivo.notification.permission.BADGE_ICON', 'android.permission.GET_ACCOUNTS', 'android.permission.MANAGE_ACCOUNTS', 'com.huawei.android.launcher.permission.CHANGE_BADGE', 'com.imo.android.imoimbeta.permission.MIPUSH_RECEIVE', 'me.everything.badger.permission.BADGE_COUNT_READ', 'android.permission.ACCESS_WIFI_STATE', 'android.permission.ACCESS_COARSE_LOCATION', 'com.google.android.c2dm.permission.RECEIVE', 'android.permission.ACCESS_NETWORK_STATE', 'android.permission.WRITE_SYNC_SETTINGS', 'android.permission.READ_PHONE_STATE', 'sg.bigo.live.permission.Bepulled', 'android.permission.WAKE_LOCK', 'android.permission.GET_PACKAGE_SIZE', 'com.sec.android.provider.badge.permission.WRITE', 'com.sonymobile.home.permission.PROVIDER_INSERT_BADGE', 'com.huawei.android.launcher.permission.READ_SETTINGS', 'com.huawei.android.launcher.permission.CHANGE_BADGE ', 'com.huawei.android.launcher.permission.WRITE_SETTINGS', 'com.imo.android.imoimbeta.permission.PERMISSION_SAFE_BROADCAST', 'android.permission.WRITE_EXTERNAL_STORAGE', 'android.permission.CHANGE_WIFI_MULTICAST_STATE', 'video.like.permission.Bepulled', 'com.htc.launcher.permission.UPDATE_SHORTCUT', 'android.permission.READ_CONTACTS', 'android.permission.READ_SYNC_SETTINGS', 'com.anddoes.launcher.permission.UPDATE_COUNT', 'com.google.android.providers.gsf.permission.READ_GSERVICES', 'android.permission.ACCESS_LOCATION_EXTRA_COMMANDS', 'video.like.lockscreen.read', 'android.permission.CAMERA', 'android.permission.BROADCAST_STICKY', 'android.permission.USE_FULL_SCREEN_INTENT', 'com.android.vending.BILLING', 'com.google.android.finsky.permission.BIND_GET_INSTALL_REFERRER_SERVICE', 'com.oppo.launcher.permission.WRITE_SETTINGS', 'com.majeur.launcher.permission.UPDATE_BADGE', 'com.sec.android.provider.badge.permission.READ', 'me.everything.badger.permission.BADGE_COUNT_WRITE', 'android.permission.READ_PROFILE', 'android.permission.BLUETOOTH', 'com.android.launcher.permission.UNINSTALL_SHORTCUT', 'android.permission.SYSTEM_ALERT_WINDOW', 'android.permission.WRITE_CONTACTS', 'android.permission.READ_EXTERNAL_STORAGE', 'android.permission.FOREGROUND_SERVICE', 'android.permission.VIBRATE', 'android.permission.MODIFY_AUDIO_SETTINGS', 'com.htc.launcher.permission.READ_SETTINGS', 'android.permission.REQUEST_INSTALL_PACKAGES', 'android.permission.CALL_PHONE', 'com.oppo.launcher.permission.READ_SETTINGS', 'android.permission.REAL_GET_TASK', 'android.permission.RECORD_AUDIO', 'android.permission.READ_PHONE_NUMBERS', 'android.permission.INTERNET', 'android.permission.GET_PERMISSIONS', 'android.permission.CHANGE_WIFI_STATE', 'android.permission.RECEIVE_BOOT_COMPLETED', 'com.sonyericsson.home.permission.BROADCAST_BADGE', 'android.permission.ACCESS_FINE_LOCATION']",
"perms_with_call" : "['android.permission.WAKE_LOCK', 'android.permission.GET_TASKS', 'android.permission.USE_FINGERPRINT', 'android.permission.ACCESS_WIFI_STATE', 'android.permission.ACCESS_COARSE_LOCATION', 'android.permission.BLUETOOTH', 'android.permission.USE_SIP', 'android.permission.MODIFY_AUDIO_SETTINGS', 'android.permission.ACCESS_NETWORK_STATE', 'android.permission.READ_PHONE_STATE', 'android.permission.BROADCAST_STICKY', 'android.permission.ACCESS_FINE_LOCATION']" 
"extra_perms" : "['android.permission.NFC', 'com.vivo.notification.permission.BADGE_ICON', 'com.imo.android.imoimbeta.permission.MIPUSH_RECEIVE', 'android.permission.ACCESS_COARSE_LOCATION', 'android.permission.USE_FULL_SCREEN_INTENT', 'android.permission.SYSTEM_ALERT_WINDOW', 'sg.bigo.live.permission.Bepulled', 'com.huawei.android.launcher.permission.CHANGE_BADGE ', 'android.permission.MODIFY_AUDIO_SETTINGS', 'android.permission.REAL_GET_TASK', 'com.imo.android.imoimbeta.permission.PERMISSION_SAFE_BROADCAST', 'android.permission.READ_PHONE_NUMBERS', 'video.like.permission.Bepulled', 'android.permission.GET_PERMISSIONS', 'android.permission.ACCESS_FINE_LOCATION', 'android.permission.ACCESS_LOCATION_EXTRA_COMMANDS', 'video.like.lockscreen.read', 'com.android.vending.BILLING', 'android.permission.USE_SIP']",
}