{
"name" : "Contacts+",
"url" : "https://play.google.com/store/apps/details?id=com.contapps.android",
"package" : "com.contapps.android",
"category" : "Communication",
"description" : "Contacts+ is the worlds leading contacts (phone book) and dialer app, powered with caller ID & spam block - all in one place. Known & loved by over 10 million users worldwide, Contacts+ is brought to you by the Contacts Plus Team.  CONNECT WITH FRIENDS, BLOCK SPAMMERS Contacts+ is a true all-in-one contacts, dialer, sms and call log app that makes it easy to connect with friends and block unwanted people, telemarketers and spam via caller ID & block. Whether its a call or sms - youre always in control.  MAKE IT YOUR OWN Above all, Contacts+ is private and customizable with themes  FEATURES + Caller ID + Calls & SMS spam block + White / Dark Themes + Speed dial - Double tap to call  + Fast dialer search + Smart contacts sort + Birthday reminders + Merge duplicate contacts  CONTACT US:  Wed love to know what you think :-)  support@contactsplus.com https://www.contactsplus.com/faq ",
"desc_perms" : "['android.permission.CALL_PHONE', 'android.permission.READ_CONTACTS', 'android.permission.WRITE_CONTACTS', 'android.permission.GET_ACCOUNTS', 'android.permission.MODIFY_AUDIO_SETTINGS', 'android.permission.ACCESS_NETWORK_STATE', 'android.permission.INTERNET', 'android.permission.ACCESS_WIFI_STATE', 'android.permission.READ_PHONE_STATE']",
"manifest_perms" : "['android.permission.FOREGROUND_SERVICE', 'android.permission.WRITE_SMS', 'android.permission.READ_SYNC_SETTINGS', 'android.permission.WRITE_CALL_LOG', 'android.permission.RECEIVE_BOOT_COMPLETED', 'com.google.android.finsky.permission.BIND_GET_INSTALL_REFERRER_SERVICE', 'android.permission.ANSWER_PHONE_CALLS', 'android.permission.WRITE_EXTERNAL_STORAGE', 'android.permission.READ_CALL_LOG', 'android.permission.WRITE_CONTACTS', 'com.android.vending.BILLING', 'android.permission.RECEIVE_MMS', 'android.permission.VIBRATE', 'com.google.android.c2dm.permission.RECEIVE', 'android.permission.CALL_PHONE', 'android.permission.READ_APN_SETTINGS', 'android.permission.WAKE_LOCK', 'android.permission.GET_ACCOUNTS', 'android.permission.DISABLE_KEYGUARD', 'android.permission.CAMERA', 'android.permission.INTERNET', 'android.permission.READ_PHONE_STATE', 'android.permission.READ_CONTACTS', 'android.permission.READ_SMS', 'android.permission.READ_EXTERNAL_STORAGE', 'android.permission.CHANGE_NETWORK_STATE', 'android.permission.MANAGE_ACCOUNTS', 'android.permission.SEND_SMS', 'android.permission.ACCESS_NETWORK_STATE', 'android.permission.RECEIVE_SMS', 'android.permission.SYSTEM_ALERT_WINDOW', 'com.samsung.android.providers.context.permission.WRITE_USE_APP_FEATURE_SURVEY']",
"perms_with_call" : "['android.permission.BROADCAST_STICKY', 'android.permission.READ_EXTERNAL_STORAGE', 'android.permission.CHANGE_NETWORK_STATE', 'android.permission.ACCESS_COARSE_LOCATION', 'android.permission.ACCESS_FINE_LOCATION', 'android.permission.GET_TASKS', 'android.permission.WAKE_LOCK', 'android.permission.SEND_SMS', 'android.permission.DISABLE_KEYGUARD', 'android.permission.ACCESS_NETWORK_STATE', 'android.permission.RECEIVE_MMS', 'android.permission.ACCESS_WIFI_STATE']" 
"extra_perms" : "['android.permission.WRITE_SMS', 'android.permission.ACCESS_FINE_LOCATION', 'android.permission.WRITE_CALL_LOG', 'android.permission.READ_APN_SETTINGS', 'android.permission.DISABLE_KEYGUARD', 'android.permission.CAMERA', 'android.permission.ANSWER_PHONE_CALLS', 'android.permission.READ_EXTERNAL_STORAGE', 'android.permission.READ_SMS', 'android.permission.SYSTEM_ALERT_WINDOW', 'android.permission.ACCESS_COARSE_LOCATION', 'android.permission.WRITE_EXTERNAL_STORAGE', 'android.permission.READ_CALL_LOG', 'android.permission.SEND_SMS', 'com.android.vending.BILLING', 'android.permission.RECEIVE_MMS', 'android.permission.RECEIVE_SMS', 'android.permission.ACCESS_WIFI_STATE', 'com.samsung.android.providers.context.permission.WRITE_USE_APP_FEATURE_SURVEY']",
}