{
"name" : "Crystal Dialer",
"url" : "https://play.google.com/store/apps/details?id=com.lf.aurora.crystal",
"package" : "com.lf.aurora.crystal",
"category" : "Communication",
"description" : "Features :- Crystal dialer uses SIP protocol based for signalling. Supports G729 codec. Runs Behind NAT or private IP. User Friendly Interface. Auto Sync of Balance. Real Time Sip status messages. Call History. Address book integration. Compatible with all sip standard switches. It has very efficient implementation of jitter buffer to play voice smoothly. Silent suppression and comfort noise generation has been used to reduce the bandwidth usage, and this makes the dialer more efficient in making VoIP calls. Integrates with mobiles phonebook. ",
"desc_perms" : "['android.permission.CALL_PHONE', 'android.permission.READ_PHONE_STATE', 'android.permission.MODIFY_AUDIO_SETTINGS']",
"manifest_perms" : "['android.permission.ACCESS_WIFI_STATE', 'com.google.android.c2dm.permission.RECEIVE', 'android.permission.ACCESS_NETWORK_STATE', 'android.permission.READ_PHONE_STATE', 'android.permission.WAKE_LOCK', 'android.permission.RAISED_THREAD_PRIORITY', 'android.permission.WRITE_EXTERNAL_STORAGE', 'android.permission.READ_LOGS', 'android.permission.READ_CONTACTS', 'com.lf.aurora.crystal.permission.C2D_MESSAGE', 'android.permission.SET_WALLPAPER_HINTS', 'android.permission.BLUETOOTH', 'android.permission.WRITE_CONTACTS', 'android.permission.READ_EXTERNAL_STORAGE', 'android.permission.MODIFY_AUDIO_SETTINGS', 'android.permission.VIBRATE', 'android.permission.RECORD_AUDIO', 'android.permission.INTERNET', 'android.permission.WRITE_SETTINGS', 'android.permission.DISABLE_KEYGUARD', 'android.permission.CONFIGURE_SIP', 'android.permission.SET_WALLPAPER', 'android.permission.USE_SIP']",
"perms_with_call" : "['android.permission.BROADCAST_STICKY', 'android.permission.GET_TASKS', 'android.permission.USE_FINGERPRINT', 'android.permission.SET_WALLPAPER', 'android.permission.RECEIVE_BOOT_COMPLETED', 'android.permission.ACCESS_WIFI_STATE', 'android.permission.ACCESS_COARSE_LOCATION', 'android.permission.BLUETOOTH', 'android.permission.ACCESS_FINE_LOCATION', 'android.permission.DISABLE_KEYGUARD', 'android.permission.ACCESS_NETWORK_STATE', 'android.permission.READ_PHONE_STATE', 'android.permission.MODIFY_AUDIO_SETTINGS', 'android.permission.WAKE_LOCK']" 
"extra_perms" : "['android.permission.ACCESS_WIFI_STATE', 'android.permission.ACCESS_COARSE_LOCATION', 'android.permission.USE_SIP', 'android.permission.ACCESS_NETWORK_STATE', 'android.permission.WRITE_CONTACTS', 'android.permission.READ_EXTERNAL_STORAGE', 'android.permission.RAISED_THREAD_PRIORITY', 'android.permission.RECORD_AUDIO', 'android.permission.WRITE_EXTERNAL_STORAGE', 'android.permission.READ_LOGS', 'android.permission.INTERNET', 'android.permission.READ_CONTACTS', 'android.permission.DISABLE_KEYGUARD', 'android.permission.CONFIGURE_SIP', 'android.permission.ACCESS_FINE_LOCATION']",
}