{
"name" : "WeChat",
"url" : "https://play.google.com/store/apps/details?id=com.tencent.mm",
"package" : "com.tencent.mm",
"category" : "Communication",
"description" : "WeChat is more than a messaging and social media app  it is a lifestyle for over one billion users across the world. Chat and make calls with friends, read news and use local services in Official Accounts and Mini Programs, play fun games with friends, enjoy mobile payment features with WeChat Pay, and much more.  Why do over one billion people use WeChat? Well... - MORE WAYS TO CHAT: Message friends using text, photo, voice, video, location sharing, and more. Create group chats with up to 500 members. - VOICE & VIDEO CALL: High-quality voice and video calls to anywhere in the world. Make group video calls with up to 9 people. - REAL-TIME LOCATION: Not good at explaining directions? Share your real-time location with the press of a button. - MOMENTS: Share your favorite moments. Post photos, videos, and more to your Moments stream. - TIME CAPSULE (NEW!): Share glimpses of your day. Record short videos to post in your Time Capsule before they disappear in 24 hours. - STICKER GALLERY: Browse thousands of fun, animated stickers to help express yourself in chats, including stickers with your favorite cartoon and movie characters. - CUSTOM STICKERS: Make chatting more unique with custom stickers and the new Selfie Stickers feature. - OFFICIAL ACCOUNTS: Tons of accounts to follow with original content and news for your reading pleasure. - MINI PROGRAMS: Countless third-party services all within the WeChat app that dont require additional installation, saving you precious phone storage and time.  - TOP STORIES: See the latest articles your friends are reading and discover all kinds of interesting content. - GAMES: Have fun and compete with friends in a huge selection of WeChat Mini Games and Tencent Games (*only available in certain regions). - WECHAT PAY: Enjoy the convenience of world-leading mobile payment features with WeChat Pay and Wallet (*only available in certain regions). - WECHAT OUT: Make calls to mobile phones and landlines around the globe at super low rates (*only available in certain regions). - LANGUAGE SUPPORT: Localized in 20 different languages and can translate friends messages and Moments posts. - BETTER PRIVACY: Giving you the highest level of control over your privacy, WeChat is the only messaging app to be certified by TRUSTe. - AND MUCH MORE: Exercise with friends on WeRun, scan QR codes, and much more. ",
"desc_perms" : "['android.permission.WRITE_EXTERNAL_STORAGE', 'android.permission.READ_CONTACTS', 'android.permission.ACCESS_FINE_LOCATION', 'android.permission.ACCESS_NETWORK_STATE', 'android.permission.READ_EXTERNAL_STORAGE', 'android.permission.READ_PHONE_STATE', 'android.permission.ACCESS_WIFI_STATE', 'android.permission.MODIFY_AUDIO_SETTINGS', 'android.permission.RECORD_AUDIO', 'android.permission.GET_ACCOUNTS', 'android.permission.CAMERA', 'android.permission.CALL_PHONE', 'android.permission.WRITE_CONTACTS', 'android.permission.INTERNET']",
"manifest_perms" : "['android.permission.WRITE_EXTERNAL_STORAGE', 'android.permission.ACCESS_COARSE_LOCATION', 'android.permission.ACCESS_FINE_LOCATION', 'android.permission.RECEIVE_BOOT_COMPLETED', 'android.permission.BODY_SENSORS', 'android.permission.PACKAGE_USAGE_STATS', 'com.huawei.authentication.HW_ACCESS_AUTH_SERVICE', 'android.permission.BROADCAST_STICKY', 'com.tencent.mm.ext.permission.WRITE', 'com.android.launcher.permission.INSTALL_SHORTCUT', 'android.permission.CHANGE_NETWORK_STATE', 'com.tencent.mm.wear.message', 'android.permission.REQUEST_INSTALL_PACKAGES', 'com.tencent.mm.permission.C2D_MESSAGE', 'android.permission.CHANGE_WIFI_MULTICAST_STATE', 'com.tencent.mm.WAID_PROVIDER_WRITE', 'android.permission.RECORD_AUDIO', 'android.permission.SYSTEM_ALERT_WINDOW', 'android.permission.DOWNLOAD_WITHOUT_NOTIFICATION', 'android.permission.GET_ACCOUNTS', 'android.permission.WRITE_CONTACTS', 'com.android.vending.CHECK_LICENSE', 'android.permission.WRITE_SETTINGS', 'com.android.launcher.permission.UNINSTALL_SHORTCUT', 'android.permission.GET_PACKAGE_SIZE', 'com.open.gallery.smart.Write', 'android.permission.FOREGROUND_SERVICE', 'android.permission.WAKE_LOCK', 'com.tencent.mm.location.permission.SEND_VIEW', 'com.google.android.providers.gsf.permission.READ_GSERVICES', 'com.tencent.mm.ext.permission.READ', 'android.permission.MODIFY_AUDIO_SETTINGS', 'android.permission.AUTHENTICATE_ACCOUNTS', 'com.soter.permission.ACCESS_SOTER_KEYSTORE', 'android.permission.GET_TASKS', 'com.android.vending.BILLING', 'android.permission.ACCESS_NETWORK_STATE', 'android.permission.READ_CONTACTS', 'android.permission.REQUEST_IGNORE_BATTERY_OPTIMIZATIONS', 'android.permission.READ_EXTERNAL_STORAGE', 'com.open.gallery.smart.Provider', 'android.permission.MANAGE_ACCOUNTS', 'miui.permission.READ_STEPS', 'android.permission.NFC', 'android.permission.BLUETOOTH_ADMIN', 'android.permission.WRITE_APP_BADGE', 'com.google.android.c2dm.permission.RECEIVE', 'com.tencent.mm.permission.MM_MESSAGE', 'android.permission.USE_FACERECOGNITION', 'android.permission.USE_FINGERPRINT', 'android.permission.CHANGE_WIFI_STATE', 'android.permission.FLASHLIGHT', 'com.tencent.mm.matrix.strategynotify', 'android.permission.CAMERA', 'com.google.android.finsky.permission.BIND_GET_INSTALL_REFERRER_SERVICE', 'android.permission.ACTIVITY_RECOGNITION', 'android.permission.INTERNET', 'android.permission.BLUETOOTH', 'com.bbk.launcher2.permission.READ_SETTINGS', 'com.open.gallery.smart.Read', 'com.android.launcher.permission.READ_SETTINGS', 'android.permission.READ_PHONE_STATE', 'com.tencent.mm.plugin.permission.WRITE', 'android.permission.ACCESS_WIFI_STATE', 'android.permission.READ_SYNC_SETTINGS', 'android.permission.USE_FULL_SCREEN_INTENT', 'com.tencent.mm.plugin.permission.READ', 'android.permission.WRITE_SYNC_SETTINGS', 'android.permission.ACCESS_NOTIFICATION_POLICY', 'com.huawei.android.launcher.permission.CHANGE_BADGE', 'android.permission.VIBRATE', 'android.permission.READ_PROFILE']",
"perms_with_call" : "['android.permission.ACCESS_COARSE_LOCATION', 'android.permission.ACCESS_FINE_LOCATION', 'android.permission.BROADCAST_STICKY', 'android.permission.READ_PHONE_STATE', 'android.permission.CHANGE_NETWORK_STATE', 'android.permission.BLUETOOTH_ADMIN', 'android.permission.ACCESS_WIFI_STATE', 'android.permission.WAKE_LOCK', 'android.permission.USE_FINGERPRINT', 'android.permission.CHANGE_WIFI_MULTICAST_STATE', 'android.permission.CHANGE_WIFI_STATE', 'android.permission.MODIFY_AUDIO_SETTINGS', 'android.permission.GET_TASKS', 'android.permission.ACCESS_NETWORK_STATE', 'android.permission.BLUETOOTH']" 
"extra_perms" : "['android.permission.ACCESS_COARSE_LOCATION', 'android.permission.REQUEST_IGNORE_BATTERY_OPTIMIZATIONS', 'android.permission.BODY_SENSORS', 'android.permission.PACKAGE_USAGE_STATS', 'com.huawei.authentication.HW_ACCESS_AUTH_SERVICE', 'com.tencent.mm.wear.message', 'com.tencent.mm.ext.permission.WRITE', 'com.open.gallery.smart.Provider', 'miui.permission.READ_STEPS', 'android.permission.NFC', 'android.permission.WRITE_APP_BADGE', 'android.permission.USE_FACERECOGNITION', 'com.tencent.mm.permission.MM_MESSAGE', 'com.tencent.mm.WAID_PROVIDER_WRITE', 'android.permission.SYSTEM_ALERT_WINDOW', 'android.permission.DOWNLOAD_WITHOUT_NOTIFICATION', 'com.tencent.mm.matrix.strategynotify', 'com.android.vending.CHECK_LICENSE', 'android.permission.ACTIVITY_RECOGNITION', 'com.bbk.launcher2.permission.READ_SETTINGS', 'com.open.gallery.smart.Read', 'com.android.launcher.permission.READ_SETTINGS', 'com.open.gallery.smart.Write', 'com.tencent.mm.plugin.permission.WRITE', 'com.tencent.mm.location.permission.SEND_VIEW', 'android.permission.USE_FULL_SCREEN_INTENT', 'com.tencent.mm.plugin.permission.READ', 'com.tencent.mm.ext.permission.READ', 'com.soter.permission.ACCESS_SOTER_KEYSTORE', 'com.android.vending.BILLING']",
}