{
"name" : "LinkedUp (JKKNIU CSE)",
"url" : "https://play.google.com/store/apps/details?id=com.jkkniu.cse.linkedup",
"package" : "com.jkkniu.cse.linkedup",
"category" : "Communication",
"description" : " File Share  Announcement  Exam/Class Reminder  Notice Board  Question Bank  Syllabus  Improvement  Class Routine  Result Publish  Student Database ",
"desc_perms" : "[]",
"manifest_perms" : "['com.sonyericsson.home.permission.BROADCAST_BADGE', 'com.huawei.android.launcher.permission.READ_SETTINGS', 'com.sec.android.provider.badge.permission.READ', 'com.anddoes.launcher.permission.UPDATE_COUNT', 'android.permission.WRITE_EXTERNAL_STORAGE', 'com.majeur.launcher.permission.UPDATE_BADGE', 'android.permission.READ_APP_BADGE', 'com.google.android.c2dm.permission.RECEIVE', 'android.permission.ACCESS_NETWORK_STATE', 'android.permission.READ_EXTERNAL_STORAGE', 'com.htc.launcher.permission.UPDATE_SHORTCUT', 'android.permission.INTERNET', 'com.oppo.launcher.permission.READ_SETTINGS', 'me.everything.badger.permission.BADGE_COUNT_READ', 'android.permission.VIBRATE', 'com.huawei.android.launcher.permission.CHANGE_BADGE', 'android.permission.RECEIVE_BOOT_COMPLETED', 'com.huawei.android.launcher.permission.WRITE_SETTINGS', 'com.htc.launcher.permission.READ_SETTINGS', 'com.jkkniu.cse.linkedup.permission.C2D_MESSAGE', 'com.sec.android.provider.badge.permission.WRITE', 'android.permission.WAKE_LOCK', 'com.oppo.launcher.permission.WRITE_SETTINGS', 'me.everything.badger.permission.BADGE_COUNT_WRITE', 'com.sonymobile.home.permission.PROVIDER_INSERT_BADGE']",
"perms_with_call" : "['android.permission.ACCESS_COARSE_LOCATION', 'android.permission.USE_FINGERPRINT', 'android.permission.BROADCAST_STICKY', 'android.permission.ACCESS_NETWORK_STATE', 'android.permission.WAKE_LOCK', 'android.permission.GET_TASKS', 'android.permission.BLUETOOTH', 'android.permission.ACCESS_FINE_LOCATION']" 
"extra_perms" : "['android.permission.WRITE_EXTERNAL_STORAGE', 'android.permission.ACCESS_COARSE_LOCATION', 'android.permission.ACCESS_NETWORK_STATE', 'android.permission.INTERNET', 'android.permission.READ_EXTERNAL_STORAGE', 'android.permission.ACCESS_FINE_LOCATION']",
}