{
"name" : "X Plus Messenger",
"url" : "https://play.google.com/store/apps/details?id=com.xplus.messenger",
"package" : "com.xplus.messenger",
"category" : "Communication",
"description" : "X Plus Messenger is an UNOFFICIAL messaging app that uses Telegrams API and add new features.   Features: +Download Manager, manage and schedule your downloads with a multi queue download manager. +Copy part of text/posts. +Advanced/Multiple/NoQuote Forward. +Changed Max dialogs pinned count in X Plus settings +Voice changer, change your voice when send voice messages. +Hidden section, hide your chats and contacts and set password for them. +Send Drawing, draw anything you like and send as message. +Auto answer machine, send auto message to contact when you cant answer. +Separate channels, groups, users,... in chats list. +Favorite chats, add chats to favorite chats and show them in separate list. +Contact changes, can show contact changes like change name, avatar and phone in one page. +Special contact, notify you when your special contact is online. +X Plus settings, you can customize your X Plus app in X Plus settings. +... and other features.   ** Official channel: https://t.me/XPlus_Channel ",
"desc_perms" : "['android.permission.READ_EXTERNAL_STORAGE', 'android.permission.ACCESS_NETWORK_STATE', 'android.permission.INTERNET']",
"manifest_perms" : "['android.permission.WRITE_EXTERNAL_STORAGE', 'android.permission.ACCESS_COARSE_LOCATION', 'android.permission.ACCESS_FINE_LOCATION', 'android.permission.RECEIVE_BOOT_COMPLETED', 'android.permission.READ_APP_BADGE', 'com.android.launcher.permission.INSTALL_SHORTCUT', 'com.sonyericsson.home.permission.BROADCAST_BADGE', 'android.permission.MANAGE_OWN_CALLS', 'android.permission.RECORD_AUDIO', 'android.permission.GET_ACCOUNTS', 'android.permission.SYSTEM_ALERT_WINDOW', 'android.permission.INSTALL_SHORTCUT', 'me.everything.badger.permission.BADGE_COUNT_WRITE', 'android.permission.CALL_PHONE', 'android.permission.WRITE_CONTACTS', 'com.android.launcher.permission.UNINSTALL_SHORTCUT', 'com.anddoes.launcher.permission.UPDATE_COUNT', 'android.permission.FOREGROUND_SERVICE', 'android.permission.WAKE_LOCK', 'com.google.android.providers.gsf.permission.READ_GSERVICES', 'com.sonymobile.home.permission.PROVIDER_INSERT_BADGE', 'android.permission.MODIFY_AUDIO_SETTINGS', 'android.permission.AUTHENTICATE_ACCOUNTS', 'com.majeur.launcher.permission.UPDATE_BADGE', 'android.permission.ACCESS_NETWORK_STATE', 'com.xplus.messenger.permission.MAPS_RECEIVE', 'android.permission.READ_CONTACTS', 'android.permission.READ_EXTERNAL_STORAGE', 'android.permission.MANAGE_ACCOUNTS', 'me.everything.badger.permission.BADGE_COUNT_READ', 'com.google.android.c2dm.permission.RECEIVE', 'android.permission.USE_BIOMETRIC', 'android.permission.USE_FINGERPRINT', 'com.sec.android.provider.badge.permission.WRITE', 'com.htc.launcher.permission.READ_SETTINGS', 'android.permission.CAMERA', 'android.permission.INTERNET', 'android.permission.BLUETOOTH', 'com.oppo.launcher.permission.WRITE_SETTINGS', 'com.htc.launcher.permission.UPDATE_SHORTCUT', 'android.permission.READ_PHONE_STATE', 'com.oppo.launcher.permission.READ_SETTINGS', 'android.permission.ACCESS_WIFI_STATE', 'android.permission.READ_SYNC_SETTINGS', 'com.huawei.android.launcher.permission.READ_SETTINGS', 'com.huawei.android.launcher.permission.WRITE_SETTINGS', 'android.permission.WRITE_SYNC_SETTINGS', 'com.huawei.android.launcher.permission.CHANGE_BADGE', 'android.permission.VIBRATE', 'android.permission.READ_PROFILE', 'com.sec.android.provider.badge.permission.READ']",
"perms_with_call" : "['android.permission.ACCESS_COARSE_LOCATION', 'android.permission.ACCESS_FINE_LOCATION', 'android.permission.BROADCAST_STICKY', 'android.permission.READ_PHONE_STATE', 'android.permission.CHANGE_NETWORK_STATE', 'android.permission.ACCESS_WIFI_STATE', 'android.permission.WAKE_LOCK', 'android.permission.USE_FINGERPRINT', 'android.permission.CHANGE_WIFI_STATE', 'android.permission.MODIFY_AUDIO_SETTINGS', 'android.permission.GET_TASKS', 'android.permission.ACCESS_NETWORK_STATE', 'android.permission.BLUETOOTH']" 
"extra_perms" : "['android.permission.WRITE_EXTERNAL_STORAGE', 'android.permission.ACCESS_COARSE_LOCATION', 'android.permission.ACCESS_FINE_LOCATION', 'android.permission.READ_CONTACTS', 'android.permission.MANAGE_OWN_CALLS', 'android.permission.RECORD_AUDIO', 'android.permission.GET_ACCOUNTS', 'android.permission.SYSTEM_ALERT_WINDOW', 'android.permission.CAMERA', 'android.permission.INSTALL_SHORTCUT', 'android.permission.CALL_PHONE', 'android.permission.WRITE_CONTACTS', 'android.permission.READ_PHONE_STATE', 'android.permission.ACCESS_WIFI_STATE', 'android.permission.MODIFY_AUDIO_SETTINGS', 'com.xplus.messenger.permission.MAPS_RECEIVE']",
}