{
"name" : "Mabrook Prime",
"url" : "https://play.google.com/store/apps/details?id=com.app.mabrookprime",
"package" : "com.app.mabrookprime",
"category" : "Communication",
"description" : "MabrookPrime is a Mobile VoIP dialer application that allows to make VoIP calls from any of the Android devices and it uses 3G/Edge/Wi-Fi Internet connectivity.It is developed based on the requirements of VoIP Providers business needs  Features :- It uses SIP protocol based for signaling. Supports G729,PCMU, PCMA codecs. Runs Behind NAT or private IP. User Friendly Interface. Auto Sync of Balance. Real Time Sip status messages. Call History. Address book integration. Compatible with all sip standard switches. It has very efficient implementation of jitter buffer to play voice smoothly. Silent suppression and comfort noise generation has been used to reduce the bandwidth usage, and this makes the dialer more efficient in making VoIP calls. Integrates with mobiles phonebook and auto detects (+) sign when contact is picked from phonebook. ",
"desc_perms" : "['android.permission.CALL_PHONE', 'android.permission.MODIFY_AUDIO_SETTINGS', 'android.permission.ACCESS_NETWORK_STATE', 'android.permission.INTERNET', 'android.permission.ACCESS_WIFI_STATE', 'android.permission.READ_PHONE_STATE']",
"manifest_perms" : "['android.permission.BLUETOOTH_ADMIN', 'android.permission.CALL_PHONE', 'android.permission.READ_CONTACTS', 'android.permission.SYSTEM_ALERT_WINDOW', 'android.permission.WRITE_EXTERNAL_STORAGE', 'android.permission.WRITE_CONTACTS', 'android.permission.RECORD_AUDIO', 'android.permission.BLUETOOTH', 'android.permission.WAKE_LOCK', 'android.permission.MODIFY_AUDIO_SETTINGS', 'android.permission.ACCESS_NETWORK_STATE', 'android.permission.DISABLE_KEYGUARD', 'android.permission.VIBRATE', 'android.permission.INTERNET', 'android.permission.ACCESS_WIFI_STATE', 'android.permission.READ_PHONE_STATE']",
"perms_with_call" : "['android.permission.BROADCAST_STICKY', 'android.permission.ACCESS_COARSE_LOCATION', 'android.permission.ACCESS_FINE_LOCATION', 'android.permission.GET_TASKS', 'android.permission.WAKE_LOCK', 'android.permission.BLUETOOTH', 'android.permission.MODIFY_AUDIO_SETTINGS', 'android.permission.USE_FINGERPRINT', 'android.permission.ACCESS_NETWORK_STATE', 'android.permission.ACCESS_WIFI_STATE', 'android.permission.READ_PHONE_STATE']" 
"extra_perms" : "['android.permission.READ_CONTACTS', 'android.permission.ACCESS_COARSE_LOCATION', 'android.permission.WRITE_EXTERNAL_STORAGE', 'android.permission.WRITE_CONTACTS', 'android.permission.ACCESS_FINE_LOCATION', 'android.permission.RECORD_AUDIO', 'android.permission.DISABLE_KEYGUARD', 'android.permission.SYSTEM_ALERT_WINDOW']",
}