{
"name" : "RSA SecurID Authenticate",
"url" : "https://play.google.com/store/apps/details?id=com.rsa.via",
"package" : "com.rsa.via",
"category" : "Communication",
"description" : "The RSA SecurID Authenticate app works with RSA SecurID Access to provide strong authentication and convenient single sign-on to corporate applications. Install the app on your Android device, and then use the device to authenticate to applications protected by RSA SecurID Access. The Authenticate app lets you conveniently verify your identity by tapping the device, verifying with Fingerprint, or by entering a tokencode generated by the app.   Note: Your company must be an RSA SecurID Access customer to use this app. Please contact your administrator if you did not receive the information required to register your device. ",
"desc_perms" : "['android.permission.INTERNET', 'android.permission.ACCESS_NETWORK_STATE', 'android.permission.ACCESS_WIFI_STATE', 'android.permission.WRITE_EXTERNAL_STORAGE']",
"manifest_perms" : "['android.permission.RECEIVE_BOOT_COMPLETED', 'android.permission.INTERNET', 'android.permission.READ_PHONE_STATE', 'android.permission.CAMERA', 'android.permission.ACCESS_WIFI_STATE', 'com.google.android.finsky.permission.BIND_GET_INSTALL_REFERRER_SERVICE', 'android.permission.BLUETOOTH_ADMIN', 'android.permission.USE_FINGERPRINT', 'android.permission.ACCESS_NETWORK_STATE', 'android.permission.BLUETOOTH', 'com.google.android.c2dm.permission.RECEIVE', 'com.samsung.android.providers.context.permission.WRITE_USE_APP_FEATURE_SURVEY', 'android.permission.WAKE_LOCK', 'android.permission.WRITE_EXTERNAL_STORAGE']",
"perms_with_call" : "['android.permission.ACCESS_WIFI_STATE', 'android.permission.BLUETOOTH_ADMIN', 'android.permission.ACCESS_COARSE_LOCATION', 'android.permission.BLUETOOTH', 'android.permission.ACCESS_NETWORK_STATE', 'android.permission.USE_FINGERPRINT', 'android.permission.GET_TASKS', 'android.permission.BROADCAST_STICKY', 'android.permission.WAKE_LOCK', 'android.permission.ACCESS_FINE_LOCATION']" 
"extra_perms" : "['android.permission.CAMERA', 'android.permission.READ_PHONE_STATE', 'com.samsung.android.providers.context.permission.WRITE_USE_APP_FEATURE_SURVEY', 'android.permission.ACCESS_COARSE_LOCATION', 'android.permission.ACCESS_FINE_LOCATION']",
}