{
"name" : "LightyearVPN",
"url" : "https://play.google.com/store/apps/details?id=com.stingsystemllc.lightyearapp",
"package" : "com.stingsystemllc.lightyearapp",
"category" : "Communication",
"description" : "* Sign up now and earn 1-day free trial.  * Give us 5 Star rating and earn another 1-day free trial.  Enjoy internet freedom with the simple and fast VPN.  LightyearVPN is a high speed VPN that helps you to defeat content restriction and censorship with the reliable protocols, Shadowsocks and V2Ray. Unlimited data and device. One tap to connect to VPN server.  FEATUREAS 1. V2Ray and Shadowsocks protocols. 2. Strong encryption. 3. Premium VIP servers and routing. 4. No Configuration. Easy to use. 5. Unlimited data and bandwidth. 6. No logs.  HOW TO USE IT 1. Sign up and download the app. 2. Select a server. 3. Connect!  HOW TO SIGN UP 1. Visit our website. 2. Locate the Sign up button at top right corner. 3. Create an account.  HOW TO UPGRADE TO VIP 1. Create an account. 2. Choose a plan. 3. Pay with Alipay, WeChat and PayPal. 4. Connect to the VIP servers.  For more information on how LightyearVPN works, please take a look at: https://www.lightyearvpn.com https://lightyearapp.xyz (unblocked)  If you have any questions or feedbacks regarding LightyearVPN, write to us at: admin@lightyearvpn.com  If you have any privacy concerns, please take a look at our Privacy Policy and FAQ pages Privacy Policy - https://lightyearvpn.com/privacy-poilcy FAQ - https://lightyearvpn.com/faq  Copyright  2020 STING SYSTEM LLC. All rights reserved. ",
"desc_perms" : "['android.permission.INTERNET', 'android.permission.ACCESS_WIFI_STATE', 'android.permission.ACCESS_NETWORK_STATE', 'android.permission.GET_ACCOUNTS', 'android.permission.WRITE_EXTERNAL_STORAGE']",
"manifest_perms" : "['android.permission.RECEIVE_BOOT_COMPLETED', 'android.permission.READ_EXTERNAL_STORAGE', 'android.permission.INTERNET', 'android.permission.READ_PHONE_STATE', 'com.android.vending.BILLING', 'android.permission.CHANGE_NETWORK_STATE', 'com.google.android.finsky.permission.BIND_GET_INSTALL_REFERRER_SERVICE', 'android.permission.FOREGROUND_SERVICE', 'android.permission.ACCESS_NETWORK_STATE', 'com.google.android.c2dm.permission.RECEIVE', 'android.permission.WAKE_LOCK', 'android.permission.WRITE_EXTERNAL_STORAGE']",
"perms_with_call" : "['android.permission.ACCESS_WIFI_STATE', 'android.permission.CHANGE_NETWORK_STATE', 'android.permission.ACCESS_COARSE_LOCATION', 'android.permission.USE_FINGERPRINT', 'android.permission.ACCESS_NETWORK_STATE', 'android.permission.GET_TASKS', 'android.permission.BROADCAST_STICKY', 'android.permission.WAKE_LOCK', 'android.permission.ACCESS_FINE_LOCATION']" 
"extra_perms" : "['android.permission.READ_EXTERNAL_STORAGE', 'android.permission.READ_PHONE_STATE', 'android.permission.ACCESS_WIFI_STATE', 'com.android.vending.BILLING', 'android.permission.ACCESS_COARSE_LOCATION', 'android.permission.ACCESS_FINE_LOCATION']",
}