{
"name" : "Vyke",
"url" : "https://play.google.com/store/apps/details?id=com.vyke.vtl",
"package" : "com.vyke.vtl",
"category" : "Communication",
"description" : "Vykes app gives you up to 4 real extra mobile numbers, free calls & chat to other Vyke users, and low cost calls & SMS to anyone, all wrapped up in one simple to use app.  We create different profiles on social media, dating sites and websites but still give out our personal mobile numbers without a second thought. Vyke allows you to control your mobile identity while keeping your main number private.  Get a different phone number for each part of your life, whether youre at home, work, abroad, socialising, dating or selling online. All you need to decide is when each number is on, off or sent to voicemail.  KEY FEATURES  * Up to four extra UK, US, Canadian, Dutch or Polish mobile numbers * Free voicemail on each number * Call or message other Vyke users for free * Share pictures and messages * Low cost calls to mobiles and landlines * SMS for less to anywhere in the world * Crystal clear voice calls * Keep your personal number private * Make and receive calls  * Decide when each number is on, off or sent to voicemail * Control who has your personal number  Vyke is for anyone who could use a second line without a second device:  * Online daters  keep your personal number private until youre ready * Online sellers  create a profile just for selling online * International travellers  connect to Wi-Fi to avoid roaming fees * International callers  stay in touch with friends and family  * Business users  ditch your second phone and port your number to Vyke * Tablet users  turn your tablet into a fully functioning phone * International presence  make and receive calls like a local * Stop nuisance calls  create a number just for signups to stop getting spam calls  Get Vyke today to add your own extra mobile numbers and start saving on domestic and international calls and SMS while keeping your personal number private.  For the latest Vyke updates go to http://facebook.com/VykeMobile or follow us on Twitter http://twitter.com/VykeMobile. ",
"desc_perms" : "['android.permission.READ_CONTACTS', 'android.permission.WRITE_EXTERNAL_STORAGE', 'android.permission.RECEIVE_SMS', 'android.permission.READ_PHONE_STATE', 'android.permission.ACCESS_WIFI_STATE', 'android.permission.WRITE_CONTACTS', 'android.permission.MODIFY_AUDIO_SETTINGS', 'android.permission.RECORD_AUDIO', 'android.permission.GET_ACCOUNTS', 'android.permission.CAMERA', 'android.permission.CALL_PHONE', 'android.permission.ACCESS_NETWORK_STATE', 'com.android.vending.BILLING', 'android.permission.INTERNET']",
"manifest_perms" : "['android.permission.WRITE_EXTERNAL_STORAGE', 'android.permission.ACCESS_COARSE_LOCATION', 'android.permission.ACCESS_FINE_LOCATION', 'android.permission.RECEIVE_BOOT_COMPLETED', 'android.permission.READ_APP_BADGE', 'android.permission.BROADCAST_STICKY', 'com.sonyericsson.home.permission.BROADCAST_BADGE', 'android.permission.RECORD_AUDIO', 'android.permission.GET_ACCOUNTS', 'com.vyke.vtl.permission.MAPS_RECEIVE', 'me.everything.badger.permission.BADGE_COUNT_WRITE', 'android.permission.CALL_PHONE', 'android.permission.WRITE_CONTACTS', 'com.anddoes.launcher.permission.UPDATE_COUNT', 'android.permission.FOREGROUND_SERVICE', 'android.permission.WAKE_LOCK', 'com.sonymobile.home.permission.PROVIDER_INSERT_BADGE', 'android.permission.MODIFY_AUDIO_SETTINGS', 'com.majeur.launcher.permission.UPDATE_BADGE', 'com.android.vending.BILLING', 'android.permission.ACCESS_NETWORK_STATE', 'android.permission.READ_CONTACTS', 'android.permission.READ_EXTERNAL_STORAGE', 'me.everything.badger.permission.BADGE_COUNT_READ', 'android.permission.BLUETOOTH_ADMIN', 'com.google.android.c2dm.permission.RECEIVE', 'com.sec.android.provider.badge.permission.WRITE', 'com.android.launcher.permission.WRITE_SETTINGS', 'com.htc.launcher.permission.READ_SETTINGS', 'android.permission.CAMERA', 'android.permission.BLUETOOTH', 'android.permission.INTERNET', 'com.oppo.launcher.permission.WRITE_SETTINGS', 'com.android.launcher.permission.READ_SETTINGS', 'com.htc.launcher.permission.UPDATE_SHORTCUT', 'android.permission.READ_PHONE_STATE', 'com.oppo.launcher.permission.READ_SETTINGS', 'android.permission.ACCESS_WIFI_STATE', 'android.permission.USE_FULL_SCREEN_INTENT', 'com.huawei.android.launcher.permission.READ_SETTINGS', 'com.huawei.android.launcher.permission.WRITE_SETTINGS', 'com.huawei.android.launcher.permission.CHANGE_BADGE', 'android.permission.VIBRATE', 'com.sec.android.provider.badge.permission.READ']",
"perms_with_call" : "['android.permission.ACCESS_COARSE_LOCATION', 'android.permission.ACCESS_FINE_LOCATION', 'android.permission.BROADCAST_STICKY', 'android.permission.READ_PHONE_STATE', 'android.permission.CHANGE_NETWORK_STATE', 'android.permission.BLUETOOTH_ADMIN', 'android.permission.ACCESS_WIFI_STATE', 'android.permission.WAKE_LOCK', 'android.permission.USE_FINGERPRINT', 'android.permission.CHANGE_WIFI_STATE', 'android.permission.MODIFY_AUDIO_SETTINGS', 'android.permission.GET_TASKS', 'android.permission.ACCESS_NETWORK_STATE', 'android.permission.BLUETOOTH']" 
"extra_perms" : "['android.permission.ACCESS_COARSE_LOCATION', 'android.permission.ACCESS_FINE_LOCATION', 'com.android.launcher.permission.READ_SETTINGS', 'android.permission.READ_EXTERNAL_STORAGE', 'com.android.launcher.permission.WRITE_SETTINGS', 'com.vyke.vtl.permission.MAPS_RECEIVE', 'android.permission.USE_FULL_SCREEN_INTENT']",
}