{
"name" : "Truecaller: Caller ID, block fraud & scam calls",
"url" : "https://play.google.com/store/apps/details?id=com.truecaller",
"package" : "com.truecaller",
"category" : "Communication",
"description" : "*Truecaller does not upload your phonebook to make it public or searchable*   ** Truecaller is the worlds best Caller ID and spam blocking app - 500 million downloads worldwide **  Manage all your calls and messages quickly, by filtering out telemarketers, robocalls and other unwanted disturbances. With a community-based spam list updated by millions of users worldwide, Truecaller is the only app you need to make your communication safe and efficient.   Powerful Dialer & Caller ID:  - The worlds best Caller ID will identify anyone calling you  - See who is calling even before they call - Use Voice calling to talk to your friends on Truecaller for free - Call Recording - Record important phone calls and save them to your phone (not supported on Android Pie and above) - Backup call history, contacts, messages and settings to Google Drive   World Class Blocking & Spam Detection: - Block calls and SMS - Identify and auto-block telemarketers, robocallers, scammers, fraud, sales, and more - Community based spam reporting in real time - Advanced blocking options for blocking countries, similar digit sequences, and more!  Smart Messaging:  - Automatically identify every unknown SMS  - Automatically block spam and telemarketing SMS  - Organize your SMS into Personal, Other and Spam - Free Chat with your friends and family in Group Chat - Use Flash messaging for urgent messages  Truecaller Premium - Upgrade and get access to: - No ads - Know who viewed your profile - Advanced blocking and filtering options - Option to view profiles privately - Get the Premium badge on your profile - 30 contact requests a month - Record phone calls (not supported on Android Pie and above)  Truecaller Gold  Stand out from the crowd: - Gold Caller ID - High priority support - All Premium features   -----------------------  Got feedback? Write to support@truecaller.com or go to http://truecaller.com/support ",
"desc_perms" : "['android.permission.READ_CONTACTS', 'android.permission.READ_PHONE_STATE', 'android.permission.MODIFY_AUDIO_SETTINGS', 'android.permission.GET_ACCOUNTS', 'android.permission.CALL_PHONE']",
"manifest_perms" : "['android.permission.WRITE_EXTERNAL_STORAGE', 'android.permission.ACCESS_COARSE_LOCATION', 'android.permission.ACCESS_FINE_LOCATION', 'android.permission.SEND_SMS', 'android.permission.RECEIVE_BOOT_COMPLETED', 'android.permission.RECEIVE_SMS', 'com.truecaller.permission.ACTION_HANDLER', 'android.permission.READ_APP_BADGE', 'com.android.launcher.permission.INSTALL_SHORTCUT', 'android.permission.READ_CALL_LOG', 'android.permission.CHANGE_NETWORK_STATE', 'com.sonyericsson.home.permission.BROADCAST_BADGE', 'android.permission.MODIFY_PHONE_STATE', 'com.truecaller.permission.ENHANCED_NOTIFICATION', 'android.permission.SYSTEM_ALERT_WINDOW', 'android.permission.GET_ACCOUNTS', 'android.permission.RECORD_AUDIO', 'me.everything.badger.permission.BADGE_COUNT_WRITE', 'com.truecaller.permission.sdk.internal.read_account_state', 'android.permission.CALL_PHONE', 'android.permission.WRITE_CONTACTS', 'android.permission.WRITE_SETTINGS', 'com.truecaller.permission.EDIT_PROFILE', 'com.anddoes.launcher.permission.UPDATE_COUNT', 'android.permission.FOREGROUND_SERVICE', 'android.permission.BIND_NOTIFICATION_LISTENER_SERVICE', 'android.permission.RECEIVE_MMS', 'android.permission.CALL_PRIVILEGED', 'android.permission.WAKE_LOCK', 'com.google.android.providers.gsf.permission.READ_GSERVICES', 'com.sonymobile.home.permission.PROVIDER_INSERT_BADGE', 'android.permission.MODIFY_AUDIO_SETTINGS', 'android.permission.AUTHENTICATE_ACCOUNTS', 'com.majeur.launcher.permission.UPDATE_BADGE', 'com.truecaller.permission.USE_NUMBER_SERVICE', 'android.permission.PROCESS_OUTGOING_CALLS', 'android.permission.ACCESS_NETWORK_STATE', 'android.permission.USE_CREDENTIALS', 'com.android.vending.BILLING', 'android.permission.READ_CONTACTS', 'android.permission.REQUEST_IGNORE_BATTERY_OPTIMIZATIONS', 'android.permission.READ_EXTERNAL_STORAGE', 'android.permission.MMS_SEND_OUTBOX_MSG', 'android.permission.MANAGE_ACCOUNTS', 'me.everything.badger.permission.BADGE_COUNT_READ', 'android.permission.ALLOW_ANY_CODEC_FOR_PLAYBACK', 'com.google.android.c2dm.permission.RECEIVE', 'com.android.voicemail.permission.READ_VOICEMAIL', 'android.permission.WRITE_CALL_LOG', 'com.sec.android.provider.badge.permission.WRITE', 'android.permission.ANSWER_PHONE_CALLS', 'com.htc.launcher.permission.READ_SETTINGS', 'android.permission.CAMERA', 'android.permission.WRITE_SMS', 'android.permission.DISABLE_KEYGUARD', 'com.google.android.finsky.permission.BIND_GET_INSTALL_REFERRER_SERVICE', 'android.permission.INTERNET', 'android.permission.BLUETOOTH', 'com.oppo.launcher.permission.WRITE_SETTINGS', 'com.htc.launcher.permission.UPDATE_SHORTCUT', 'android.permission.READ_PHONE_STATE', 'com.truecaller.permission.SDK_ACTION_HANDLER', 'com.oppo.launcher.permission.READ_SETTINGS', 'android.permission.ACCESS_WIFI_STATE', 'android.permission.USE_FULL_SCREEN_INTENT', 'com.huawei.android.launcher.permission.READ_SETTINGS', 'com.huawei.android.launcher.permission.WRITE_SETTINGS', 'com.android.voicemail.permission.WRITE_VOICEMAIL', 'android.permission.ACCESS_NOTIFICATION_POLICY', 'com.android.voicemail.permission.ADD_VOICEMAIL', 'com.huawei.android.launcher.permission.CHANGE_BADGE', 'android.permission.VIBRATE', 'android.permission.READ_PROFILE', 'android.permission.READ_SMS', 'com.sec.android.provider.badge.permission.READ']",
"perms_with_call" : "['android.permission.ACCESS_COARSE_LOCATION', 'android.permission.ACCESS_FINE_LOCATION', 'android.permission.RECEIVE_BOOT_COMPLETED', 'android.permission.SEND_SMS', 'android.permission.BROADCAST_STICKY', 'android.permission.READ_PHONE_STATE', 'android.permission.READ_EXTERNAL_STORAGE', 'android.permission.RECEIVE_MMS', 'android.permission.CHANGE_NETWORK_STATE', 'android.permission.ACCESS_WIFI_STATE', 'android.permission.WAKE_LOCK', 'android.permission.MODIFY_AUDIO_SETTINGS', 'android.permission.GET_TASKS', 'android.permission.ACCESS_NETWORK_STATE', 'android.permission.BLUETOOTH']" 
"extra_perms" : "['android.permission.WRITE_EXTERNAL_STORAGE', 'android.permission.ACCESS_COARSE_LOCATION', 'android.permission.ACCESS_FINE_LOCATION', 'android.permission.SEND_SMS', 'android.permission.RECEIVE_SMS', 'com.truecaller.permission.ACTION_HANDLER', 'android.permission.READ_CALL_LOG', 'android.permission.MODIFY_PHONE_STATE', 'com.truecaller.permission.ENHANCED_NOTIFICATION', 'android.permission.RECORD_AUDIO', 'android.permission.SYSTEM_ALERT_WINDOW', 'com.truecaller.permission.sdk.internal.read_account_state', 'android.permission.WRITE_CONTACTS', 'com.truecaller.permission.EDIT_PROFILE', 'android.permission.BIND_NOTIFICATION_LISTENER_SERVICE', 'android.permission.RECEIVE_MMS', 'android.permission.CALL_PRIVILEGED', 'com.truecaller.permission.USE_NUMBER_SERVICE', 'android.permission.PROCESS_OUTGOING_CALLS', 'android.permission.ACCESS_NETWORK_STATE', 'com.android.vending.BILLING', 'android.permission.REQUEST_IGNORE_BATTERY_OPTIMIZATIONS', 'android.permission.READ_EXTERNAL_STORAGE', 'android.permission.MMS_SEND_OUTBOX_MSG', 'android.permission.ALLOW_ANY_CODEC_FOR_PLAYBACK', 'com.android.voicemail.permission.READ_VOICEMAIL', 'android.permission.WRITE_CALL_LOG', 'android.permission.ANSWER_PHONE_CALLS', 'android.permission.DISABLE_KEYGUARD', 'android.permission.CAMERA', 'android.permission.WRITE_SMS', 'android.permission.INTERNET', 'com.truecaller.permission.SDK_ACTION_HANDLER', 'android.permission.ACCESS_WIFI_STATE', 'android.permission.USE_FULL_SCREEN_INTENT', 'com.android.voicemail.permission.WRITE_VOICEMAIL', 'com.android.voicemail.permission.ADD_VOICEMAIL', 'android.permission.READ_SMS']",
}