{
"name" : "Second Phone Number: private texting & calling app",
"url" : "https://play.google.com/store/apps/details?id=com.bpmobile.second.phone",
"package" : "com.bpmobile.second.phone",
"category" : "Communication",
"description" : "Naturally, you need a SIM card to make a call or send a text. But how about when you need to talk and prefer not to share your real phone number? You can choose a custom phone number to make phone calls and send messages using the Second phone number app.   *Making Calls*  There is no need to buy an additional SIM card and swap it when you go abroad and want to chat with your family or friends. You can make a call in just a few taps.   Save money by making international calls and texting from the 2nd line number at the cheapest rates to reach your relatives anywhere in the world. Communicate via this calling app at any place, any time!   *Sending Texts and Voicemail*  International texting is easy in this texting app. You can send a text or MMS to your foreign host when you arrive on vacation, and you dont speak Italian, for instance.   *Why else use it?*  You can use the 2d phone number instead of your actual phone number in different situations like:    Chatting with your date, family, and friends  Exchange voicemails when you cant call or text  Calling and messaging for work (e.g., as a second work number)  *Features*   Get extra numbers for calls and private texting  Make calls and send texts to any phone numbers within 28 countries worldwide   Send MMS (available for US and Canadian numbers)  Use Voicemail to forward calls (available for US numbers)  Send SMS and view text message history  Add a number with just a few taps and delete it if you dont need it anymore   Phone numbers available in: the USA, Australia, Austria, Belgium, Brazil, Canada, Czech Republic, Denmark, Finland, France, Greece, Ireland, Israel, Estonia, Japan, the Netherlands, New Zealand, Norway, Poland, Portugal, Puerto Rico, Slovakia, South Africa, Spain, Sweden, Switzerland, the United Kingdom. ",
"desc_perms" : "['android.permission.CALL_PHONE', 'android.permission.READ_EXTERNAL_STORAGE', 'android.permission.READ_CONTACTS', 'android.permission.WRITE_EXTERNAL_STORAGE', 'android.permission.WRITE_CONTACTS', 'android.permission.SEND_SMS', 'android.permission.GET_ACCOUNTS', 'android.permission.MODIFY_AUDIO_SETTINGS', 'android.permission.ACCESS_NETWORK_STATE', 'android.permission.INTERNET', 'android.permission.ACCESS_WIFI_STATE', 'android.permission.READ_PHONE_STATE']",
"manifest_perms" : "['com.google.android.c2dm.permission.RECEIVE', 'android.permission.READ_CONTACTS', 'android.permission.WRITE_EXTERNAL_STORAGE', 'android.permission.ACCESS_NETWORK_STATE', 'android.permission.RECORD_AUDIO', 'android.permission.WAKE_LOCK', 'android.permission.MODIFY_AUDIO_SETTINGS', 'com.google.android.finsky.permission.BIND_GET_INSTALL_REFERRER_SERVICE', 'com.android.vending.BILLING', 'android.permission.INTERNET', 'android.permission.ACCESS_WIFI_STATE']",
"perms_with_call" : "['android.permission.BROADCAST_STICKY', 'android.permission.ACCESS_COARSE_LOCATION', 'android.permission.ACCESS_FINE_LOCATION', 'android.permission.GET_TASKS', 'android.permission.WAKE_LOCK', 'android.permission.MODIFY_AUDIO_SETTINGS', 'android.permission.ACCESS_NETWORK_STATE', 'android.permission.ACCESS_WIFI_STATE', 'android.permission.READ_PHONE_STATE']" 
"extra_perms" : "['android.permission.RECORD_AUDIO', 'com.android.vending.BILLING', 'android.permission.ACCESS_COARSE_LOCATION', 'android.permission.ACCESS_FINE_LOCATION', 'android.permission.READ_PHONE_STATE']",
}