{
"name" : "WhatsApp Messenger",
"url" : "https://play.google.com/store/apps/details?id=com.whatsapp",
"package" : "com.whatsapp",
"category" : "Communication",
"description" : "WhatsApp from Facebook  WhatsApp Messenger is a FREE messaging app available for Android and other smartphones. WhatsApp uses your phones Internet connection (4G/3G/2G/EDGE or Wi-Fi, as available) to let you message and call friends and family. Switch from SMS to WhatsApp to send and receive messages, calls, photos, videos, documents, and Voice Messages.  WHY USE WHATSAPP:   NO FEES: WhatsApp uses your phones Internet connection (4G/3G/2G/EDGE or Wi-Fi, as available) to let you message and call friends and family, so you dont have to pay for every message or call.* There are no subscription fees to use WhatsApp.   MULTIMEDIA: Send and receive photos, videos, documents, and Voice Messages.   FREE CALLS: Call your friends and family for free with WhatsApp Calling, even if theyre in another country.* WhatsApp calls use your phones Internet connection rather than your cellular plans voice minutes. (Note: Data charges may apply. Contact your provider for details. Also, you cant access 911 and other emergency service numbers through WhatsApp).   GROUP CHAT: Enjoy group chats with your contacts so you can easily stay in touch with your friends or family.   WHATSAPP WEB: You can also send and receive WhatsApp messages right from your computers browser.   NO INTERNATIONAL CHARGES: Theres no extra charge to send WhatsApp messages internationally. Chat with your friends around the world and avoid international SMS charges.*   SAY NO TO USERNAMES AND PINS: Why bother having to remember yet another username or PIN? WhatsApp works with your phone number, just like SMS, and integrates seamlessly with your phones existing address book.   ALWAYS LOGGED IN: With WhatsApp, youre always logged in so you dont miss messages. No more confusion about whether youre logged in or logged out.   QUICKLY CONNECT WITH YOUR CONTACTS: Your address book is used to quickly and easily connect you with your contacts who have WhatsApp so theres no need to add hard-to-remember usernames.   OFFLINE MESSAGES: Even if you miss your notifications or turn off your phone, WhatsApp will save your recent messages until the next time you use the app.   AND MUCH MORE: Share your location, exchange contacts, set custom wallpapers and notification sounds, broadcast messages to multiple contacts at once, and more!  *Data charges may apply. Contact your provider for details.  ---------------------------------------------------------  Were always excited to hear from you! If you have any feedback, questions, or concerns, please email us at:  android-support@whatsapp.com  or follow us on twitter:  http://twitter.com/WhatsApp @WhatsApp --------------------------------------------------------- ",
"desc_perms" : "['android.permission.READ_CONTACTS', 'android.permission.ACCESS_FINE_LOCATION', 'android.permission.READ_EXTERNAL_STORAGE', 'android.permission.READ_PHONE_STATE', 'android.permission.ACCESS_WIFI_STATE', 'android.permission.CALL_PHONE', 'android.permission.ACCESS_NETWORK_STATE', 'android.permission.INTERNET']",
"manifest_perms" : "['android.permission.WRITE_EXTERNAL_STORAGE', 'android.permission.ACCESS_COARSE_LOCATION', 'android.permission.ACCESS_FINE_LOCATION', 'android.permission.RECEIVE_BOOT_COMPLETED', 'android.permission.SEND_SMS', 'android.permission.RECEIVE_SMS', 'android.permission.BROADCAST_STICKY', 'android.permission.REQUEST_INSTALL_PACKAGES', 'com.android.launcher.permission.INSTALL_SHORTCUT', 'android.permission.CHANGE_NETWORK_STATE', 'com.sonyericsson.home.permission.BROADCAST_BADGE', 'android.permission.MANAGE_OWN_CALLS', 'android.permission.RECORD_AUDIO', 'android.permission.GET_ACCOUNTS', 'android.permission.INSTALL_SHORTCUT', 'com.whatsapp.sticker.READ', 'android.permission.WRITE_CONTACTS', 'com.android.launcher.permission.UNINSTALL_SHORTCUT', 'android.permission.FOREGROUND_SERVICE', 'com.whatsapp.permission.REGISTRATION', 'android.permission.WAKE_LOCK', 'android.permission.READ_SYNC_STATS', 'com.google.android.providers.gsf.permission.READ_GSERVICES', 'com.sonymobile.home.permission.PROVIDER_INSERT_BADGE', 'com.whatsapp.permission.BROADCAST', 'android.permission.MODIFY_AUDIO_SETTINGS', 'android.permission.AUTHENTICATE_ACCOUNTS', 'android.permission.GET_TASKS', 'android.permission.USE_CREDENTIALS', 'android.permission.ACCESS_NETWORK_STATE', 'android.permission.READ_CONTACTS', 'android.permission.READ_EXTERNAL_STORAGE', 'android.permission.MANAGE_ACCOUNTS', 'android.permission.NFC', 'com.google.android.c2dm.permission.RECEIVE', 'android.permission.USE_BIOMETRIC', 'android.permission.USE_FINGERPRINT', 'com.sec.android.provider.badge.permission.WRITE', 'android.permission.CHANGE_WIFI_STATE', 'com.htc.launcher.permission.READ_SETTINGS', 'android.permission.CAMERA', 'android.permission.INTERNET', 'android.permission.BLUETOOTH', 'com.htc.launcher.permission.UPDATE_SHORTCUT', 'android.permission.READ_PHONE_STATE', 'com.whatsapp.permission.MAPS_RECEIVE', 'android.permission.ACCESS_WIFI_STATE', 'android.permission.READ_SYNC_SETTINGS', 'android.permission.USE_FULL_SCREEN_INTENT', 'com.huawei.android.launcher.permission.READ_SETTINGS', 'com.huawei.android.launcher.permission.WRITE_SETTINGS', 'android.permission.WRITE_SYNC_SETTINGS', 'com.huawei.android.launcher.permission.CHANGE_BADGE', 'android.permission.VIBRATE', 'android.permission.READ_PROFILE', 'com.sec.android.provider.badge.permission.READ']",
"perms_with_call" : "['android.permission.ACCESS_COARSE_LOCATION', 'android.permission.ACCESS_FINE_LOCATION', 'android.permission.READ_EXTERNAL_STORAGE', 'android.permission.SEND_SMS', 'android.permission.BROADCAST_STICKY', 'android.permission.READ_PHONE_STATE', 'android.permission.RECEIVE_BOOT_COMPLETED', 'android.permission.CHANGE_NETWORK_STATE', 'android.permission.ACCESS_WIFI_STATE', 'android.permission.WAKE_LOCK', 'android.permission.USE_FINGERPRINT', 'android.permission.CHANGE_WIFI_STATE', 'android.permission.MODIFY_AUDIO_SETTINGS', 'android.permission.GET_TASKS', 'android.permission.ACCESS_NETWORK_STATE', 'android.permission.BLUETOOTH']" 
"extra_perms" : "['android.permission.WRITE_EXTERNAL_STORAGE', 'android.permission.ACCESS_COARSE_LOCATION', 'android.permission.SEND_SMS', 'android.permission.RECEIVE_SMS', 'android.permission.NFC', 'android.permission.MANAGE_OWN_CALLS', 'android.permission.RECORD_AUDIO', 'android.permission.GET_ACCOUNTS', 'android.permission.INSTALL_SHORTCUT', 'android.permission.CAMERA', 'com.whatsapp.sticker.READ', 'android.permission.WRITE_CONTACTS', 'com.whatsapp.permission.REGISTRATION', 'com.whatsapp.permission.MAPS_RECEIVE', 'android.permission.USE_FULL_SCREEN_INTENT', 'com.whatsapp.permission.BROADCAST', 'android.permission.MODIFY_AUDIO_SETTINGS']",
}