{
"name" : "BlackBerry AtHoc",
"url" : "https://play.google.com/store/apps/details?id=com.athoc.panic",
"package" : "com.athoc.panic",
"category" : "Communication",
"description" : "The BlackBerry AtHoc mobile app brings the industrys leading crisis communication capabilities to the palm of your hands.   During an event, users can receive critical alerts, and easily share pictures and videos from the field back to their operations center to enhance situational awareness across the organization. Users can also send one-click duress signals or even share their real-time GPS location to give further awareness of their location for added security and protection.   In addition, system operators are enabled to send alerts and manage their system while on-the-go, helping to get the word out and ensure safety for their people.   Learn more about BlackBerry AtHoc Mobile Apps here:  http://www.athoc.com/products/mobile-notifier-apps.html Note:  Use of the BlackBerry AtHoc mobile app requires an Organization Code from your system administrator.  The BlackBerry AtHoc mobile app uses GPS services when location tracker feature is ON. Continued use of GPS running in the background can dramatically decrease battery life. ",
"desc_perms" : "['android.permission.ACCESS_FINE_LOCATION', 'android.permission.ACCESS_NETWORK_STATE', 'android.permission.CAMERA', 'android.permission.INTERNET', 'android.permission.ACCESS_WIFI_STATE']",
"manifest_perms" : "['android.permission.FOREGROUND_SERVICE', 'android.permission.VIBRATE', 'android.permission.BLUETOOTH_ADMIN', 'com.google.android.c2dm.permission.RECEIVE', 'android.permission.CALL_PHONE', 'android.permission.ACCESS_COARSE_LOCATION', 'android.permission.ACCESS_BACKGROUND_LOCATION', 'android.permission.WRITE_EXTERNAL_STORAGE', 'android.permission.ACCESS_FINE_LOCATION', 'android.permission.RECORD_AUDIO', 'android.permission.BLUETOOTH', 'android.permission.RECEIVE_BOOT_COMPLETED', 'android.permission.WAKE_LOCK', 'android.permission.BLUETOOTH_PRIVILEGED', 'android.permission.ACCESS_NETWORK_STATE', 'android.permission.CAMERA', 'android.permission.INTERNET', 'android.permission.ACCESS_WIFI_STATE']",
"perms_with_call" : "['android.permission.BROADCAST_STICKY', 'android.permission.CHANGE_NETWORK_STATE', 'android.permission.ACCESS_COARSE_LOCATION', 'android.permission.ACCESS_FINE_LOCATION', 'android.permission.GET_TASKS', 'android.permission.WAKE_LOCK', 'android.permission.BLUETOOTH', 'android.permission.USE_FINGERPRINT', 'android.permission.ACCESS_NETWORK_STATE', 'android.permission.ACCESS_WIFI_STATE']" 
"extra_perms" : "['android.permission.RECORD_AUDIO', 'android.permission.CALL_PHONE', 'android.permission.BLUETOOTH_PRIVILEGED', 'android.permission.ACCESS_BACKGROUND_LOCATION', 'android.permission.ACCESS_COARSE_LOCATION', 'android.permission.WRITE_EXTERNAL_STORAGE']",
}