{
"name" : "AIRSIM",
"url" : "https://play.google.com/store/apps/details?id=com.airsimroam",
"package" : "com.airsimroam",
"category" : "Communication",
"description" : "AIRSIM ROAM lets you manage your AIRSIM account, you can top up, buy data package and enjoy roaming in over 80+ countries using your AIRSIM. .  AIRSIM is a special SIM card that combines Soft SIM and Over-the-AIR (OTA)technologies. When you travel abroad, our system will assign a suitable local SIM card to your AIRSIM according to your location. With AIRSIM, you can always enjoy great savings on roaming mobile data service.  Advantages:  1. AIRSIM is reusable and allows you to enjoy economical mobile data service in 130+ countries.  2. You can buy the data plan or top up via AIRSIM Roam. You can enjoy the data service immediately upon arrival.  3. You dont need to spend time on buying local SIM cards anymore. ",
"desc_perms" : "['android.permission.CALL_PHONE', 'android.permission.ACCESS_NETWORK_STATE', 'com.android.vending.BILLING', 'android.permission.INTERNET', 'android.permission.ACCESS_WIFI_STATE', 'android.permission.READ_PHONE_STATE']",
"manifest_perms" : "['com.airsimroam.permission.C2D_MESSAGE', 'android.permission.USE_CREDENTIALS', 'android.permission.MODIFY_AUDIO_SETTINGS', 'android.permission.WRITE_EXTERNAL_STORAGE', 'android.permission.FLASHLIGHT', 'android.permission.VIBRATE', 'com.google.android.c2dm.permission.VIBRATE', 'android.permission.ACCESS_WIFI_STATE', 'com.google.android.c2dm.permission.RECEIVE', 'android.permission.PACKAGE_USAGE_STATS', 'android.permission.MOUNT_UNMOUNT_FILESYSTEMS', 'android.permission.WAKE_LOCK', 'android.permission.CAMERA', 'android.permission.INTERNET', 'android.permission.CHANGE_WIFI_STATE', 'android.permission.READ_PHONE_STATE', 'android.permission.READ_EXTERNAL_STORAGE', 'android.permission.ACCESS_NETWORK_STATE', 'android.permission.WRITE_SETTINGS', 'com.android.browser.permission.READ_HISTORY_BOOKMARKS']",
"perms_with_call" : "['android.permission.BROADCAST_STICKY', 'android.permission.ACCESS_COARSE_LOCATION', 'android.permission.ACCESS_FINE_LOCATION', 'android.permission.GET_TASKS', 'android.permission.WAKE_LOCK', 'android.permission.BLUETOOTH', 'android.permission.USE_FINGERPRINT', 'android.permission.ACCESS_NETWORK_STATE', 'android.permission.ACCESS_WIFI_STATE', 'android.permission.CHANGE_WIFI_STATE']" 
"extra_perms" : "['android.permission.READ_EXTERNAL_STORAGE', 'android.permission.PACKAGE_USAGE_STATS', 'android.permission.WRITE_EXTERNAL_STORAGE', 'android.permission.ACCESS_COARSE_LOCATION', 'android.permission.ACCESS_FINE_LOCATION', 'android.permission.MOUNT_UNMOUNT_FILESYSTEMS', 'android.permission.MODIFY_AUDIO_SETTINGS', 'android.permission.CAMERA', 'com.google.android.c2dm.permission.VIBRATE', 'com.android.browser.permission.READ_HISTORY_BOOKMARKS']",
}