{
"name" : "Sync.ME - Caller ID, Spam Call Blocker & Contacts",
"url" : "https://play.google.com/store/apps/details?id=com.syncme.syncmeapp",
"package" : "com.syncme.syncmeapp",
"category" : "Communication",
"description" : "Sync.ME is the worlds #1 caller ID and spam blocker app. See whos call you received and sync contacts photos with their social network profile picture.  Identify spammers and block robocalls with the worlds best reverse phone lookup and spam blocker app.   Trusted by more than 20 million users worldwide!  TechCrunch - The App That Turns You into a God.  It has never been easier to sync contacts and reveal the true caller. Search phone numbers and get the caller ID. Make a reverse phone lookup, detect robocalls and report blacklist. Block spammers, block telemarketers, block callers, block robocalls, block SMS and block text messages.  Main Key Features:   Sync Contacts Photos  See whos call you received and sync your contacts photos with their social network profile picture. Add full screen photos to your contacts in your address book contact list.   Caller ID  See whos the caller when you receive incoming calls. See the true caller ID, sync unknown Caller ID.   Call Blocker - Block callers, telemarketers and block robocalls. Block unknown calls with our best call blocker. Block spam calls and add spammers to your blacklist.    Reverse Phone Lookup - View the true caller ID with our best reverse phone lookup. Now you can identify and block callers, block spammers and unknown numbers by adding them to your blacklist.   Identify Robocalls  Sync.ME lets you identify spam calls, telemarketers, robocalls and see whos call it is. Show the truecaller ID and make a reverse phone lookup to block callers. You can block spam calls and robocalls with the best call blocker with a tap of a button.   Block Spammers - Block callers and make your own blacklist of robocalls, spammers and telemarketers. Make a reverse phone lookup with the best caller ID app. See whos call on the top spammers list and add them to your blacklist.  Call Recorder  Record any phone call you want to save.    Text ID  Identify SMS and text messages of spam, telemarketers and unknown caller ID. See the true Caller ID and blacklist phone numbers. You can make a reverse phone number lookup for any spam text message.   Find Out Who Called - Copy any phone number and Sync.ME will make a reverse phone lookup so you can search phone numbers and identify unknown calls with a true caller ID. Received a spam call? Quickly block spammers, block telemarketers and block robocalls with just one tap.   Caller ID Themes - Choose your color call theme for your caller ID with the Sync.ME color call app. View color call themes with full screen photos of your address book contacts from Google+,Twitter, LinkedIn and VK.   Merge Contacts - Find duplicate contacts and merge contacts in your address book by combining them into one. Cleanup your address book and quickly merge contact details of duplicate contacts in your address book contact list.   Backup Contacts - Export contacts and backup contacts file of all of your contacts in your address book. Sync your contacts backup to your Google Drive and automatically backup contacts with the Sync.ME Pro.   Background Contact Sync - Always keep your contacts up-to-date 24/7 with latest contact profile pictures from social networks. Keep your address book contacts synced with pictures so you can know who call.  Sync.ME is best used for its caller ID and spam call blocker. You can identify calls with our true caller ID. Block annoying spam calls and robocalls with our top spam blocker app. You can always know who called me with Sync.MEs show caller reverse phone lookup features.    Website: http://www.sync.me  Facebook: facebook.com/syncmeapp   Twitter: twitter.com/syncme   Support: support@sync.me ",
"desc_perms" : "['android.permission.INTERNET', 'android.permission.READ_PHONE_STATE', 'android.permission.ACCESS_WIFI_STATE', 'android.permission.ACCESS_NETWORK_STATE', 'android.permission.MODIFY_AUDIO_SETTINGS', 'android.permission.READ_CONTACTS', 'android.permission.WRITE_CONTACTS', 'android.permission.CALL_PHONE']",
"manifest_perms" : "['android.permission.RECEIVE_BOOT_COMPLETED', 'android.permission.REQUEST_IGNORE_BATTERY_OPTIMIZATIONS', 'android.permission.SEND_SMS', 'android.permission.VIBRATE', 'android.permission.FOREGROUND_SERVICE', 'android.permission.MODIFY_AUDIO_SETTINGS', 'android.permission.AUTHENTICATE_ACCOUNTS', 'android.permission.WRITE_PROFILE', 'android.permission.PROCESS_OUTGOING_CALLS', 'android.permission.WRITE_EXTERNAL_STORAGE', 'android.permission.READ_PROFILE', 'android.permission.WRITE_SYNC_SETTINGS', 'android.permission.WAKE_LOCK', 'android.permission.SYSTEM_ALERT_WINDOW', 'android.permission.INTERNET', 'com.android.vending.BILLING', 'android.permission.RECORD_AUDIO', 'android.permission.ANSWER_PHONE_CALLS', 'android.permission.READ_CALL_LOG', 'com.google.android.c2dm.permission.RECEIVE', 'android.permission.READ_CONTACTS', 'android.permission.CALL_PHONE', 'android.permission.READ_PHONE_STATE', 'android.permission.MANAGE_ACCOUNTS', 'com.google.android.finsky.permission.BIND_GET_INSTALL_REFERRER_SERVICE', 'android.permission.ACCESS_NETWORK_STATE', 'android.permission.RECEIVE_SMS', 'android.permission.GET_ACCOUNTS', 'android.permission.WRITE_CONTACTS', 'android.permission.READ_EXTERNAL_STORAGE']",
"perms_with_call" : "['android.permission.READ_EXTERNAL_STORAGE', 'android.permission.READ_PHONE_STATE', 'android.permission.ACCESS_WIFI_STATE', 'android.permission.SEND_SMS', 'android.permission.CHANGE_NETWORK_STATE', 'android.permission.ACCESS_COARSE_LOCATION', 'android.permission.BLUETOOTH', 'android.permission.ACCESS_NETWORK_STATE', 'android.permission.MODIFY_AUDIO_SETTINGS', 'android.permission.USE_FINGERPRINT', 'android.permission.GET_TASKS', 'android.permission.BROADCAST_STICKY', 'android.permission.WAKE_LOCK', 'android.permission.ACCESS_FINE_LOCATION']" 
"extra_perms" : "['android.permission.REQUEST_IGNORE_BATTERY_OPTIMIZATIONS', 'android.permission.ANSWER_PHONE_CALLS', 'com.android.vending.BILLING', 'android.permission.SEND_SMS', 'android.permission.RECORD_AUDIO', 'android.permission.ACCESS_COARSE_LOCATION', 'android.permission.READ_CALL_LOG', 'android.permission.WRITE_PROFILE', 'android.permission.PROCESS_OUTGOING_CALLS', 'android.permission.ACCESS_FINE_LOCATION', 'android.permission.WRITE_EXTERNAL_STORAGE', 'android.permission.ACCESS_WIFI_STATE', 'android.permission.RECEIVE_SMS', 'android.permission.GET_ACCOUNTS', 'android.permission.READ_EXTERNAL_STORAGE', 'android.permission.SYSTEM_ALERT_WINDOW']",
}