{
"name" : "Zoiper IAX SIP VOIP Softphone",
"url" : "https://play.google.com/store/apps/details?id=com.zoiper.android.app",
"package" : "com.zoiper.android.app",
"category" : "Communication",
"description" : "Zoiper is a FREE IAX and SIP softphone application for voip calls over 3G or WiFi. There are NO ADVERTISEMENTS.  For support please visit: http://community.zoiper.com  Zoiper softphone offers a simple user interface and superb audio quality for smooth Voice over IP experience.  Contact us for whitelabel versions with your logo and company or for our VoiP SDK if you want to build your own solution or visit http://www.zoiper.com/en/voip-sdk  Available for both SIP and IAX systems, Zoiper is a phone solution perfectly fit for end users, service providers, call centers or any business willing to benefit from VoIP communications.  Want to distribute it to your users ? Use the free automatic provisioning system on http://oem.zoiper.com and avoid tedious manual configurations!.  IMPORTANT: Zoiper softphone is a standalone client-side software VOIP phone application and is not bundled together with a voip service. To make and receive voip calls using Zoiper, you must subscribe to any SIP or IAX based service provider across the globe.  Zoipers key features include:  - Support for different color schemes - Bluetooth support - Lowest battery usage with highest reliability / stability on google play - Lowest latency of all android softphones - Excellent audio quality, even on older devices - Supports calling over 3G and WIFI - Multiprotocol with SIP and IAX support, compatible with all RFC compliant PBXs - Background / multitasking support - Integration with the native android contact list - Speakerphone mute and hold - UDP and TCP transports (use TCP for better battery life!) - Supports g711 (ulaw, alaw), speex, iLBC and gsm codecs - Supports sending of DTMF - DNS SRV - Built-in echo cancellation - STUN support - Change ringtone per account - Call waiting - Video support (gold users only) - ZRTP / TLS support (gold users only) - Call Transfer (gold users only) - Wideband audio (gold users only)  Zoiper is also available as customized branding solutions or VoIP SDK, please contact us for more information.  - Phones that are unstable because they have broken audio implementations: Alcatel one touch series (poor audio drivers cause system freezes and crashes) HTC one m8 (causes freezes.)  WARNING: using Zoiper as a default dialer may interfere with dialing 911 emergency services.  WARNING: Please use only versions from the appstore, we have reasons to believe some of the (russian) .apk files floating on the web contain a trojan that might steal username and password and make fraudulent calls. The official zoiper from google play is safe to use. ",
"desc_perms" : "['android.permission.MODIFY_AUDIO_SETTINGS', 'android.permission.CALL_PHONE', 'android.permission.READ_PHONE_STATE']",
"manifest_perms" : "['android.permission.WRITE_EXTERNAL_STORAGE', 'android.permission.ACCESS_COARSE_LOCATION', 'android.permission.ACCESS_FINE_LOCATION', 'android.permission.RECEIVE_BOOT_COMPLETED', 'android.permission.BROADCAST_STICKY', 'android.permission.RECORD_AUDIO', 'android.permission.GET_ACCOUNTS', 'android.permission.CALL_PHONE', 'android.permission.WRITE_CONTACTS', 'android.permission.WRITE_SETTINGS', 'android.permission.FOREGROUND_SERVICE', 'android.permission.CALL_PRIVILEGED', 'android.permission.WAKE_LOCK', 'android.permission.MODIFY_AUDIO_SETTINGS', 'android.permission.DEVICE_POWER', 'android.permission.READ_LOGS', 'com.android.vending.BILLING', 'android.permission.ACCESS_NETWORK_STATE', 'android.permission.READ_CONTACTS', 'android.permission.REQUEST_IGNORE_BATTERY_OPTIMIZATIONS', 'android.permission.READ_EXTERNAL_STORAGE', 'android.permission.BLUETOOTH_ADMIN', 'com.google.android.c2dm.permission.RECEIVE', 'android.permission.CHANGE_WIFI_STATE', 'android.permission.CAMERA', 'com.google.android.finsky.permission.BIND_GET_INSTALL_REFERRER_SERVICE', 'android.permission.INTERNET', 'android.permission.BLUETOOTH', 'android.permission.READ_PHONE_STATE', 'android.permission.ACCESS_WIFI_STATE', 'android.permission.READ_SYNC_SETTINGS', 'android.permission.USE_FULL_SCREEN_INTENT', 'android.permission.ACCESS_NOTIFICATION_POLICY', 'android.permission.VIBRATE', 'android.permission.READ_PROFILE']",
"perms_with_call" : "['android.permission.ACCESS_COARSE_LOCATION', 'android.permission.ACCESS_FINE_LOCATION', 'android.permission.BROADCAST_STICKY', 'android.permission.READ_PHONE_STATE', 'android.permission.CHANGE_NETWORK_STATE', 'android.permission.BLUETOOTH_ADMIN', 'android.permission.ACCESS_WIFI_STATE', 'android.permission.WAKE_LOCK', 'android.permission.USE_FINGERPRINT', 'android.permission.CHANGE_WIFI_STATE', 'android.permission.MODIFY_AUDIO_SETTINGS', 'android.permission.GET_TASKS', 'android.permission.ACCESS_NETWORK_STATE', 'android.permission.BLUETOOTH']" 
"extra_perms" : "['android.permission.WRITE_EXTERNAL_STORAGE', 'android.permission.ACCESS_COARSE_LOCATION', 'android.permission.ACCESS_FINE_LOCATION', 'android.permission.REQUEST_IGNORE_BATTERY_OPTIMIZATIONS', 'android.permission.READ_CONTACTS', 'android.permission.READ_EXTERNAL_STORAGE', 'android.permission.RECORD_AUDIO', 'android.permission.GET_ACCOUNTS', 'android.permission.CAMERA', 'android.permission.WRITE_CONTACTS', 'android.permission.INTERNET', 'android.permission.CALL_PRIVILEGED', 'android.permission.ACCESS_WIFI_STATE', 'android.permission.USE_FULL_SCREEN_INTENT', 'android.permission.DEVICE_POWER', 'android.permission.READ_LOGS', 'com.android.vending.BILLING', 'android.permission.ACCESS_NETWORK_STATE']",
}