{
"name" : "Connect Portal",
"url" : "https://play.google.com/store/apps/details?id=com.zoho.zohopulse.client",
"package" : "com.zoho.zohopulse.client",
"category" : "Communication",
"description" : "Use the Connect Portal app to securely access your Zoho Connect portal, and collaborate freely with the other members.  Start conversations with group members, participate in polls and group conversations, and stay up to speed on activities through Feeds.  Access your groups and work together with the other members.   Stay on top of the portal activities through push notifications. ",
"desc_perms" : "['android.permission.ACCESS_WIFI_STATE', 'android.permission.ACCESS_NETWORK_STATE', 'android.permission.INTERNET']",
"manifest_perms" : "['android.permission.WRITE_EXTERNAL_STORAGE', 'android.permission.READ_APP_BADGE', 'com.sonyericsson.home.permission.BROADCAST_BADGE', 'android.permission.SYSTEM_ALERT_WINDOW', 'android.permission.GET_ACCOUNTS', 'me.everything.badger.permission.BADGE_COUNT_WRITE', 'com.anddoes.launcher.permission.UPDATE_COUNT', 'android.permission.FOREGROUND_SERVICE', 'android.permission.WAKE_LOCK', 'com.sonymobile.home.permission.PROVIDER_INSERT_BADGE', 'com.majeur.launcher.permission.UPDATE_BADGE', 'android.permission.AUTHENTICATE_ACCOUNTS', 'android.permission.ACCESS_NETWORK_STATE', 'android.permission.READ_CONTACTS', 'android.permission.READ_EXTERNAL_STORAGE', 'me.everything.badger.permission.BADGE_COUNT_READ', 'com.google.android.c2dm.permission.RECEIVE', 'com.zoho.zohopulse.client.permission.C2D_MESSAGE', 'com.sec.android.provider.badge.permission.WRITE', 'com.htc.launcher.permission.READ_SETTINGS', 'android.permission.CAMERA', 'com.google.android.finsky.permission.BIND_GET_INSTALL_REFERRER_SERVICE', 'android.permission.INTERNET', 'com.oppo.launcher.permission.WRITE_SETTINGS', 'com.htc.launcher.permission.UPDATE_SHORTCUT', 'android.permission.READ_PHONE_STATE', 'com.oppo.launcher.permission.READ_SETTINGS', 'android.permission.READ_SYNC_SETTINGS', 'com.huawei.android.launcher.permission.READ_SETTINGS', 'com.huawei.android.launcher.permission.WRITE_SETTINGS', 'android.permission.WRITE_SYNC_SETTINGS', 'com.huawei.android.launcher.permission.CHANGE_BADGE', 'com.sec.android.provider.badge.permission.READ']",
"perms_with_call" : "['android.permission.ACCESS_COARSE_LOCATION', 'android.permission.ACCESS_FINE_LOCATION', 'android.permission.BROADCAST_STICKY', 'android.permission.READ_PHONE_STATE', 'android.permission.WAKE_LOCK', 'android.permission.GET_TASKS', 'android.permission.ACCESS_NETWORK_STATE', 'android.permission.BLUETOOTH']" 
"extra_perms" : "['android.permission.WRITE_EXTERNAL_STORAGE', 'android.permission.ACCESS_COARSE_LOCATION', 'android.permission.ACCESS_FINE_LOCATION', 'android.permission.READ_EXTERNAL_STORAGE', 'android.permission.READ_CONTACTS', 'android.permission.READ_PHONE_STATE', 'android.permission.SYSTEM_ALERT_WINDOW', 'android.permission.GET_ACCOUNTS', 'android.permission.CAMERA']",
}