{
"name" : "Textra SMS",
"url" : "https://play.google.com/store/apps/details?id=com.textra",
"package" : "com.textra",
"category" : "Communication",
"description" : "Want a beautiful, super fast and highly customizable alternative to your stock Android messaging app?  Well today is your day. Textra is simply outstanding!  Comes with a bunch of great features, notably 180+ material design theme, bubble & app icon colors. Dark, light & auto-night modes, multiple bubble styles, scheduled (future) SMS & MMS, stop during send, slide to delete, slide to call, quick snap camera, multi-select picture gallery, quick reply SMS popup, awesome MMS GROUP messaging, quick voice memos, GIFs, 21 text sizes, message blocker / blacklisting, pin-to-top, automatic video & picture compression, plus heaps more!  Customize your preferred theme & bubble colors, signatures and notifications (icon shape, LED color, sound, vibration, privacy, reminders and muting) PER CONTACT as well.  Get all the latest (2900+) Android, Twitter, Emoji One & iOS style emojis including diversity (skin tone). Just pick your preferred emoji style and express yourself!  NEW: Copy Partial Text inside a bubble, tap a bubble to check out this great new feature!  Its pretty special; try it, tell your friends, shout from the treetops, but most of all enjoy it.  Fully compatible with Pushbullet, MightyText, Android Wear and Android Auto (car) for enhanced notifications and quick reply.  All Textra features are free forever. Occasionally youll see an ad, or you can choose to make a once only in-app purchase to remove ads forever.  Support, Knowledge Base & Feedback @ https://textra.uservoice.com  Simple. Beautiful. Fast. ",
"desc_perms" : "['android.permission.WRITE_EXTERNAL_STORAGE', 'android.permission.READ_EXTERNAL_STORAGE', 'android.permission.READ_PHONE_STATE', 'android.permission.CAMERA', 'android.permission.CALL_PHONE']",
"manifest_perms" : "['android.permission.WRITE_EXTERNAL_STORAGE', 'android.permission.ACCESS_COARSE_LOCATION', 'android.permission.SEND_SMS', 'android.permission.RECEIVE_BOOT_COMPLETED', 'android.permission.RECEIVE_SMS', 'android.permission.EXPAND_STATUS_BAR', 'android.permission.CHANGE_NETWORK_STATE', 'com.sonyericsson.home.permission.BROADCAST_BADGE', 'android.permission.RECORD_AUDIO', 'android.permission.SYSTEM_ALERT_WINDOW', 'android.permission.GET_ACCOUNTS', 'android.permission.CALL_PHONE', 'android.permission.WRITE_CONTACTS', 'android.permission.RECEIVE_MMS', 'android.permission.WAKE_LOCK', 'com.sonymobile.home.permission.PROVIDER_INSERT_BADGE', 'android.permission.RECEIVE_WAP_PUSH', 'android.permission.GET_TASKS', 'com.android.vending.BILLING', 'android.permission.ACCESS_NETWORK_STATE', 'android.permission.READ_CONTACTS', 'com.htc.launcher.permission.WRITE_SETTINGS', 'com.google.android.c2dm.permission.RECEIVE', 'com.sec.android.provider.badge.permission.WRITE', 'android.permission.CHANGE_WIFI_STATE', 'com.android.launcher.permission.WRITE_SETTINGS', 'com.htc.launcher.permission.READ_SETTINGS', 'android.permission.DISABLE_KEYGUARD', 'android.permission.WRITE_SMS', 'android.permission.CAMERA', 'android.permission.INTERNET', 'android.permission.BLUETOOTH', 'com.android.launcher.permission.READ_SETTINGS', 'com.htc.launcher.permission.UPDATE_SHORTCUT', 'android.permission.READ_PHONE_STATE', 'android.permission.ACCESS_WIFI_STATE', 'com.huawei.android.launcher.permission.READ_SETTINGS', 'com.huawei.android.launcher.permission.WRITE_SETTINGS', 'com.huawei.android.launcher.permission.CHANGE_BADGE', 'android.permission.VIBRATE', 'android.permission.READ_SMS', 'com.sec.android.provider.badge.permission.READ']",
"perms_with_call" : "['android.permission.ACCESS_COARSE_LOCATION', 'android.permission.ACCESS_FINE_LOCATION', 'android.permission.SEND_SMS', 'android.permission.READ_EXTERNAL_STORAGE', 'android.permission.BROADCAST_STICKY', 'android.permission.RECEIVE_MMS', 'android.permission.CHANGE_NETWORK_STATE', 'android.permission.ACCESS_WIFI_STATE', 'android.permission.WAKE_LOCK', 'android.permission.CHANGE_WIFI_STATE', 'android.permission.GET_TASKS', 'android.permission.ACCESS_NETWORK_STATE', 'android.permission.BLUETOOTH']" 
"extra_perms" : "['android.permission.READ_CONTACTS', 'android.permission.ACCESS_COARSE_LOCATION', 'android.permission.ACCESS_FINE_LOCATION', 'android.permission.SEND_SMS', 'android.permission.READ_EXTERNAL_STORAGE', 'android.permission.RECEIVE_SMS', 'android.permission.EXPAND_STATUS_BAR', 'com.htc.launcher.permission.WRITE_SETTINGS', 'com.android.launcher.permission.WRITE_SETTINGS', 'android.permission.RECORD_AUDIO', 'android.permission.GET_ACCOUNTS', 'android.permission.SYSTEM_ALERT_WINDOW', 'android.permission.DISABLE_KEYGUARD', 'android.permission.WRITE_SMS', 'android.permission.WRITE_CONTACTS', 'android.permission.INTERNET', 'com.android.launcher.permission.READ_SETTINGS', 'android.permission.RECEIVE_MMS', 'android.permission.ACCESS_WIFI_STATE', 'android.permission.RECEIVE_WAP_PUSH', 'com.android.vending.BILLING', 'android.permission.ACCESS_NETWORK_STATE', 'android.permission.READ_SMS']",
}