{
"name" : "ILA Longshoremenâ€™s Association",
"url" : "https://play.google.com/store/apps/details?id=com.ila",
"package" : "com.ila",
"category" : "Communication",
"description" : "Thank you for using the ILA mobile app. We regularly update our app to improve our app functionality and enhance features that our members have requested.    NEW HOME SCREEN WITH CHECK INFORMATION  Members will be able to see payroll data by local from the previous week and current status of certifications right from the home screen.    *****NEW FEATURE***** Timesheet Daily  Members can now view daily timesheet information including timesheet number, hours, pay, local and company name.    *****NEW FEATURE***** Timesheet Details  Members can view detailed information including total hours, gross pay, total pay, time on, time off, rate of pay, and job code from the Daily Timesheet.    *****NEW FEATURE***** Certifications  The Certifications feature provides members:  - active status of certifications  - certification requirements for primary and secondary certifications  - notifications before primary certification expires or becomes inactive due to expiring secondary certification  - information about exceptions, prerequisites and validity duration for every certification.  *****NEW FEATURE***** Container Royalty  Members can review Container Royalty eligibility rules, current contract hours, additional hours, consecutive qualified years, average hours per year and hours needed for current year check.    *****NEW FEATURE***** Work Log  With the work log feature, you can:  - enter daily work logs directly into the app  - view daily and monthly worklogs  - view time on/time off, total hours, and total gross pay  - track daily work logs by company, job type, vessel name, timesheet number, terminal, dock, job title  - access for printing daily logs by date range   *****OTHER NEW FEATURES*****  Also check out these features: MILA healthcare benefits overview, summary and helpful links; updated FAQ section; and leadership training podcasts!    For questions or feedback email us at support@iladistrict.com    Find out more about the ILA app and features at ilaapp.com ",
"desc_perms" : "[]",
"manifest_perms" : "['android.permission.ACCESS_COARSE_LOCATION', 'android.permission.WRITE_CALENDAR', 'com.google.android.c2dm.permission.RECEIVE', 'android.permission.ACCESS_NETWORK_STATE', 'android.permission.READ_PHONE_STATE', 'android.permission.WAKE_LOCK', 'android.permission.MEDIA_CONTENT_CONTROL', 'android.permission.WRITE_EXTERNAL_STORAGE', 'com.htc.launcher.permission.UPDATE_SHORTCUT', 'com.anddoes.launcher.permission.UPDATE_COUNT', 'android.permission.CAMERA', 'android.permission.READ_CALENDAR', 'com.majeur.launcher.permission.UPDATE_BADGE', 'com.sec.android.provider.badge.permission.READ', 'android.permission.READ_EXTERNAL_STORAGE', 'com.htc.launcher.permission.READ_SETTINGS', 'android.permission.CALL_PHONE', 'com.ila.permission.C2D_MESSAGE', 'android.permission.INTERNET', 'android.permission.ACCESS_FINE_LOCATION', 'com.sonyericsson.home.permission.BROADCAST_BADGE', 'com.sec.android.provider.badge.permission.WRITE']",
"perms_with_call" : "['android.permission.WAKE_LOCK', 'android.permission.GET_TASKS', 'android.permission.USE_FINGERPRINT', 'android.permission.ACCESS_COARSE_LOCATION', 'android.permission.BLUETOOTH', 'android.permission.ACCESS_NETWORK_STATE', 'android.permission.BROADCAST_STICKY', 'android.permission.ACCESS_FINE_LOCATION']" 
"extra_perms" : "['android.permission.CALL_PHONE', 'android.permission.MEDIA_CONTENT_CONTROL', 'android.permission.WRITE_EXTERNAL_STORAGE', 'android.permission.READ_CALENDAR', 'android.permission.INTERNET', 'android.permission.READ_PHONE_STATE', 'android.permission.ACCESS_COARSE_LOCATION', 'android.permission.WRITE_CALENDAR', 'android.permission.ACCESS_NETWORK_STATE', 'android.permission.READ_EXTERNAL_STORAGE', 'android.permission.CAMERA', 'android.permission.ACCESS_FINE_LOCATION']",
}