{
"name" : "Xgen Email - Fast & Secure Email Client",
"url" : "https://play.google.com/store/apps/details?id=com.bharatsync.communicator",
"package" : "com.bharatsync.communicator",
"category" : "Communication",
"description" : "Xgen Email is powerful Email app supporting IDN & EAI Top Features:  * IDN (Internationalized domain name) Compliant * EAI (Email Address Internationalization) Compliant * Push mail using IMAP IDLE * Multiple Accounts * Email signatures * Bcc-to-self * Folder subscriptions * All folder synchronization * Empty Trash * Message sorting * Delivery and Read Notifications * OTP Code without SMS * Eml Viewer * Calendar And Contact Sync * Notification Management * Email Snooze * Block Unwanted Email * Group Mail (Personalized) **Modules** * and more  -simultaneous and conference calls are not handled properly.  ****Disclaimer**** Any log of data and communication cannot be the responsibility of the company, please use it for casual and personal use only. We do not share data with any third party outside the company. ",
"desc_perms" : "['android.permission.READ_CONTACTS']",
"manifest_perms" : "['android.permission.FOREGROUND_SERVICE', 'android.permission.WRITE_SYNC_SETTINGS', 'android.permission.READ_SYNC_SETTINGS', 'com.bharatsync.communicator.permission.REMOTE_CONTROL', 'android.permission.ACCESS_FINE_LOCATION', 'com.bharatsync.communicator.permission.DELETE_MESSAGES', 'android.permission.RECEIVE_BOOT_COMPLETED', 'com.google.android.finsky.permission.BIND_GET_INSTALL_REFERRER_SERVICE', 'android.permission.WRITE_EXTERNAL_STORAGE', 'android.permission.WRITE_CONTACTS', 'com.bharatsync.communicator.permission.READ_ATTACHMENT', 'android.permission.WRITE_CALENDAR', 'android.permission.VIBRATE', 'android.permission.ACCESS_WIFI_STATE', 'android.permission.READ_CALENDAR', 'com.google.android.c2dm.permission.RECEIVE', 'android.permission.AUTHENTICATE_ACCOUNTS', 'com.bharatsync.communicator.permission.C2D_MESSAGE', 'android.permission.WAKE_LOCK', 'android.permission.GET_ACCOUNTS', 'android.permission.CAMERA', 'android.permission.INTERNET', 'android.permission.READ_CONTACTS', 'android.permission.MANAGE_ACCOUNTS', 'android.permission.READ_EXTERNAL_STORAGE', 'android.permission.ACCESS_COARSE_LOCATION', 'com.bharatsync.communicator.permission.READ_MESSAGES', 'android.permission.READ_SYNC_STATS', 'android.permission.ACCESS_NETWORK_STATE', 'android.permission.SYSTEM_ALERT_WINDOW']",
"perms_with_call" : "['android.permission.BROADCAST_STICKY', 'android.permission.ACCESS_COARSE_LOCATION', 'android.permission.ACCESS_FINE_LOCATION', 'android.permission.GET_TASKS', 'android.permission.WAKE_LOCK', 'android.permission.ACCESS_NETWORK_STATE', 'android.permission.ACCESS_WIFI_STATE']" 
"extra_perms" : "['com.bharatsync.communicator.permission.REMOTE_CONTROL', 'com.bharatsync.communicator.permission.DELETE_MESSAGES', 'android.permission.ACCESS_FINE_LOCATION', 'android.permission.ACCESS_WIFI_STATE', 'android.permission.GET_ACCOUNTS', 'android.permission.CAMERA', 'android.permission.INTERNET', 'android.permission.READ_EXTERNAL_STORAGE', 'android.permission.ACCESS_COARSE_LOCATION', 'android.permission.WRITE_EXTERNAL_STORAGE', 'android.permission.WRITE_CONTACTS', 'com.bharatsync.communicator.permission.READ_MESSAGES', 'com.bharatsync.communicator.permission.READ_ATTACHMENT', 'android.permission.ACCESS_NETWORK_STATE', 'android.permission.WRITE_CALENDAR', 'android.permission.SYSTEM_ALERT_WINDOW', 'android.permission.READ_CALENDAR']",
}