{
"name" : "Super Fast Browser",
"url" : "https://play.google.com/store/apps/details?id=com.browser.tssomas",
"package" : "com.browser.tssomas",
"category" : "Communication",
"description" : "Super Fast Browser Features:  Adblock Block annoying adverts and enjoy an uninterrupted browsing experience. With ad block we can efficiently block adverts, pop-ups, and banners. Not only blocking ads but also loading pages faster and saving you data.   Speed dials Access your favourite sites instantly from anywhere in the browser.   Private browsing Browse in secret without saving history, cookies, or cache.   Personalizable bookmarks   The latest world news at your fingertips   Font size adjustments   Reader mode   Super fast   Selectable downloads You choose where your downloads go   Download videos - You can download almost any video you find!   Quiet browsing - we wont annoy you with notifications   Supported on Android 5.0+   Open beta testing available   Accessibility options   Multiple language support   Smooth user experience - No more frozen pages. Web searching, speed dials, bookmarks, everything is one tap away.  Super Fast Browser takes up 46.7% less space on your device compared to our competitors.  Super Fast Browser is built around Chromium and its powerful Blink engine. Browse with lightning speed. You wont lose any of your habits by switching to Super Fast Browser.  Distribution: Super Fast Browser is used by more than 3,000,000 people across more than 149 countries worldwide and is exclusive to the Android mobile platform!  If you have any problems or have a suggestion for us, please get in touch!  https://www.hydrisapps.com/contact/  Made in Scotland ",
"desc_perms" : "['android.permission.WRITE_EXTERNAL_STORAGE', 'android.permission.INTERNET', 'android.permission.ACCESS_WIFI_STATE', 'android.permission.ACCESS_NETWORK_STATE']",
"manifest_perms" : "['android.permission.FOREGROUND_SERVICE', 'com.google.android.c2dm.permission.RECEIVE', 'com.android.launcher.permission.INSTALL_SHORTCUT', 'android.permission.READ_EXTERNAL_STORAGE', 'android.permission.ACCESS_COARSE_LOCATION', 'android.permission.WRITE_EXTERNAL_STORAGE', 'android.permission.ACCESS_FINE_LOCATION', 'com.android.alarm.permission.SET_ALARM', 'android.permission.WAKE_LOCK', 'com.google.android.finsky.permission.BIND_GET_INSTALL_REFERRER_SERVICE', 'android.permission.ACCESS_NETWORK_STATE', 'android.permission.INTERNET', 'android.permission.ACCESS_WIFI_STATE']",
"perms_with_call" : "['android.permission.BROADCAST_STICKY', 'android.permission.BLUETOOTH_ADMIN', 'android.permission.CHANGE_NETWORK_STATE', 'android.permission.ACCESS_COARSE_LOCATION', 'android.permission.ACCESS_FINE_LOCATION', 'android.permission.GET_TASKS', 'android.permission.BLUETOOTH', 'android.permission.WAKE_LOCK', 'android.permission.USE_FINGERPRINT', 'android.permission.ACCESS_NETWORK_STATE', 'android.permission.ACCESS_WIFI_STATE', 'android.permission.READ_PHONE_STATE']" 
"extra_perms" : "['android.permission.ACCESS_COARSE_LOCATION', 'android.permission.READ_EXTERNAL_STORAGE', 'android.permission.ACCESS_FINE_LOCATION', 'android.permission.READ_PHONE_STATE']",
}