{
"name" : "Cisco Jabber",
"url" : "https://play.google.com/store/apps/details?id=com.cisco.im",
"package" : "com.cisco.im",
"category" : "Communication",
"description" : "Cisco Jabber for Android is a collaboration application that provides presence, instant messaging (IM), cloud messaging, voice and video calling, voicemail capabilities on Android phone, tablet and Android Wear devices. Escalate your Jabber calls into multi-party conferencing with Cisco Webex Meetings. This integrated collaboration experience works with both on premise and cloud-based collaboration architectures.   This application supports the following capabilities:   High-quality voice and video with interoperability to Cisco TelePresence and other audio/video endpoints  IM and presence in on-premises, Webex Messenger or team messaging deployment  Visual voicemail   One-tap escalation to Webex meetings (cross-launches the Cisco Webex Meetings application)   Meeting controls in Cisco Meeting Server(CMS) meetings and Webex CMR meetings  Device and Operating System Requirements: Cisco Jabber for Android Release 12.8 is officially supported on the following Android devices:  Blackberry: Priv  Fujitsu: Arrows M357  Google: Nexus 4/5/5x/6/6P/7/9/10, Pixel, Pixel C/XL/2/2 XL/3/3 XL  Honeywell Dolphin: CT40, CT50, CT60  HTC: 10, A9, E9 PLUS, M7, M8, M9, One Max, X9  Huawei: Honor 7, M2, Mate 7/8/9/10/10 Pro/20/20 Pro, Nova, P8, P9, P10, P10 Plus, P20, P20 Pro, P30, P30 Pro  LG: G2, G3, G4, G5, G6, V10, V30  Motorola: MC40, Moto G, Moto X, Moto Z Droid  Nokia: 6.1  OnePlus: One, 5, 5T, 6 and 6T   Panasonic: Toughpad FZ-X1  Samsung: devices that meet the minimal hardware requirement   Smartisan: M1L  Sonim: XP8  Sony Xperia: A, M2, XZ, XZ1, XZ2, XZ3, Z1, Z2, Z2 tablet, Z3, Z3 Tablet Compact, Z3+, Z4, Z4 TAB, Z5, Z5 Premium, ZR  Xiaomi: Mi 4/4C/5/5S/6/8/9/A1/Max/Mix 2/Note/Note 2/Pad2, Pocophone, Redmi 3/Note 3/Note 4X/Note 5/Note 6 Pro  Zebra: TC51, TC70, TC75X  Cisco Jabber for Android Release 12.8 is also supported on a couple of Chromebook models.  Refer to Release notes for more details including Android OS version, Chromebook support and any potential updates. For more information about Cisco Jabber, visit: http://www.cisco.com/go/jabber  IMPORTANT: If connecting to Cisco Unified Communications Manager, administrators must enable the correct Cisco Jabber for Android configurations, or proper connectivity will not be established. For details, review the Cisco Jabber Installation and Configuration Guide.  IMPORTANT: Most of the features described above are specific to a particular system configuration. Please check with your IT administrator to determine the specific features that are available to you.   Portions of Cisco Jabber are licensed under the GNU Lesser General Public License (LGPL), and are Copyright  1999 Erik Walthinsen omega@cse.ogi.edu. You may obtain a copy of the LGPL license at http://www.gnu.org/licenses/lgpl-2.1.html.  Cisco, Cisco Unified Communications Manager and Cisco Jabber are trademarks of Cisco Systems, Inc. Copyright  2013 - 2020 Cisco Systems, Inc. All Rights Reserved.  By tapping Install you agree to install Jabber and all future software updates, and you accept the terms of service and privacy statement below: http://www.cisco.com/web/siteassets/legal/privacy.html http://www.cisco.com/web/siteassets/legal/jabber_supp.html  Support URL http://www.cisco.com/c/en/us/support/unified-communications/jabber-android/tsd-products-support-series-home.html  Email us at jabberfeedback@cisco.com with any feedback. ",
"desc_perms" : "['android.permission.INTERNET', 'android.permission.ACCESS_NETWORK_STATE']",
"manifest_perms" : "['android.permission.FOREGROUND_SERVICE', 'android.permission.EXPAND_STATUS_BAR', 'android.permission.BROADCAST_STICKY', 'com.android.launcher.permission.UNINSTALL_SHORTCUT', 'android.permission.WRITE_OWNER_DATA', 'android.permission.SYSTEM_OVERLAY_WINDOW', 'android.permission.ACCESS_FINE_LOCATION', 'android.permission.BLUETOOTH', 'android.permission.MODIFY_AUDIO_SETTINGS', 'android.permission.READ_PROFILE', 'com.cisco.android.permission.READ_CONFIG', 'android.permission.WRITE_EXTERNAL_STORAGE', 'com.cisco.proxy.PROXY_CONFIG_PERMISSION', 'android.permission.WRITE_CONTACTS', 'com.cisco.android.permission.READ_PUBLIC_CONFIG', 'android.permission.RECORD_AUDIO', 'android.permission.USE_FINGERPRINT', 'android.permission.WRITE_CALENDAR', 'android.permission.VIBRATE', 'android.permission.ACCESS_WIFI_STATE', 'android.permission.READ_CALENDAR', 'com.google.android.c2dm.permission.RECEIVE', 'android.permission.CALL_PHONE', 'com.android.launcher.permission.INSTALL_SHORTCUT', 'android.permission.AUTHENTICATE_ACCOUNTS', 'android.permission.WAKE_LOCK', 'android.permission.GET_ACCOUNTS', 'android.permission.DISABLE_KEYGUARD', 'android.permission.CAMERA', 'android.permission.KILL_BACKGROUND_PROCESSES', 'android.permission.INTERNET', 'android.permission.CHANGE_WIFI_STATE', 'android.permission.USE_BIOMETRIC', 'android.permission.READ_PHONE_STATE', 'android.permission.REQUEST_IGNORE_BATTERY_OPTIMIZATIONS', 'android.permission.WRITE_PROFILE', 'android.permission.READ_EXTERNAL_STORAGE', 'android.permission.READ_CONTACTS', 'android.permission.MANAGE_ACCOUNTS', 'android.permission.USE_FULL_SCREEN_INTENT', 'android.permission.ACCESS_NETWORK_STATE', 'android.permission.SYSTEM_ALERT_WINDOW']",
"perms_with_call" : "['android.permission.BROADCAST_STICKY', 'android.permission.ACCESS_COARSE_LOCATION', 'android.permission.ACCESS_FINE_LOCATION', 'android.permission.GET_TASKS', 'android.permission.BLUETOOTH', 'android.permission.WAKE_LOCK', 'android.permission.MODIFY_AUDIO_SETTINGS', 'android.permission.USE_FINGERPRINT', 'android.permission.ACCESS_NETWORK_STATE', 'android.permission.ACCESS_WIFI_STATE', 'android.permission.CHANGE_WIFI_STATE', 'android.permission.READ_PHONE_STATE']" 
"extra_perms" : "['android.permission.EXPAND_STATUS_BAR', 'android.permission.CALL_PHONE', 'android.permission.WRITE_OWNER_DATA', 'android.permission.SYSTEM_OVERLAY_WINDOW', 'android.permission.ACCESS_FINE_LOCATION', 'android.permission.GET_ACCOUNTS', 'android.permission.MODIFY_AUDIO_SETTINGS', 'android.permission.DISABLE_KEYGUARD', 'android.permission.CAMERA', 'android.permission.KILL_BACKGROUND_PROCESSES', 'android.permission.READ_PHONE_STATE', 'android.permission.REQUEST_IGNORE_BATTERY_OPTIMIZATIONS', 'android.permission.WRITE_PROFILE', 'android.permission.READ_EXTERNAL_STORAGE', 'android.permission.READ_CONTACTS', 'android.permission.SYSTEM_ALERT_WINDOW', 'com.cisco.android.permission.READ_CONFIG', 'android.permission.WRITE_EXTERNAL_STORAGE', 'android.permission.ACCESS_COARSE_LOCATION', 'com.cisco.proxy.PROXY_CONFIG_PERMISSION', 'android.permission.WRITE_CONTACTS', 'android.permission.USE_FULL_SCREEN_INTENT', 'com.cisco.android.permission.READ_PUBLIC_CONFIG', 'android.permission.RECORD_AUDIO', 'android.permission.WRITE_CALENDAR', 'android.permission.ACCESS_WIFI_STATE', 'android.permission.READ_CALENDAR']",
}