{
"name" : "Ding Top-up: Mobile Recharge",
"url" : "https://play.google.com/store/apps/details?id=com.ezetop.world",
"package" : "com.ezetop.world",
"category" : "Communication",
"description" : "The Ding app allows you to top-up your own phone or send load to mobiles worldwide. Mobile phone credit is known by many different terms around the globe; top-up, recharge, load, airtime, refill and more. Whatever phone credit means to you, deliver it with Ding.  Top-up mobile phones worldwide We provide top-up to the worlds largest mobile operators.  Ding supplies mobile recharge and load to over 500 networks worldwide, making Ding the leader in international mobile top-up.  With Ding, you can send top-up to over 140 countries.  Never run out of mobile top-up Recharge your own phone or send load to a loved one from anywhere in the world. Just choose a contact, choose a top-up amount and pay. Its really that easy. The Ding app allows you to safely store your payment details to make topping up as easy as possible.  The best value The Ding app keeps you updated on exclusive bonuses and promotions from mobile networks.  We take the hassle out of paying for your mobile top-up with safe payment processing. Choose a payment method that suits you from PayPal, Visa, MasterCard, Diners and Discover. With safe payment services and a dedicated 24/7 support team, you can count on Ding to deliver your mobile recharge so you can always stay connected with your friends and family. ",
"desc_perms" : "['android.permission.WRITE_EXTERNAL_STORAGE', 'android.permission.READ_EXTERNAL_STORAGE']",
"manifest_perms" : "['com.google.android.finsky.permission.BIND_GET_INSTALL_REFERRER_SERVICE', 'android.permission.VIBRATE', 'android.permission.RECEIVE_BOOT_COMPLETED', 'android.permission.USE_FINGERPRINT', 'com.google.android.c2dm.permission.RECEIVE', 'android.permission.WAKE_LOCK', 'android.permission.ACCESS_NETWORK_STATE', 'android.permission.READ_CONTACTS', 'android.permission.INTERNET', 'android.permission.ACCESS_WIFI_STATE', 'android.permission.READ_EXTERNAL_STORAGE']",
"perms_with_call" : "['android.permission.ACCESS_COARSE_LOCATION', 'android.permission.BROADCAST_STICKY', 'android.permission.USE_FINGERPRINT', 'android.permission.ACCESS_NETWORK_STATE', 'android.permission.WAKE_LOCK', 'android.permission.GET_TASKS', 'android.permission.BLUETOOTH', 'android.permission.ACCESS_WIFI_STATE', 'android.permission.ACCESS_FINE_LOCATION']" 
"extra_perms" : "['android.permission.READ_CONTACTS', 'android.permission.INTERNET', 'android.permission.ACCESS_COARSE_LOCATION', 'android.permission.ACCESS_WIFI_STATE', 'android.permission.ACCESS_FINE_LOCATION', 'android.permission.ACCESS_NETWORK_STATE']",
}