{
"name" : "Nubefone: Low-cost calls",
"url" : "https://play.google.com/store/apps/details?id=com.peoplecall.nubefone",
"package" : "com.peoplecall.nubefone",
"category" : "Communication",
"description" : "FREE GIFT CREDIT TO START WITH!  Nubefone its BETTER than other international calling apps:  + Clear call quality: you dont need internet connection during the call. + Low calling rates: to landlines/mobiles anywhere. + No fees or hidden charges. + Earn FREE credit for every invited contact who uses Nubefone. + No expiration date balance. + Compatible with all the operators. + The contact you call doesnt need to have Nubefone.  + Worldwide call rates one tap away. + In App-Purchases.  - SET UP NUBEFONE: to create your Nubefone Account you need a phone number from one of these countries: Germany, Andorra, Australia, Austria, Belgium, Brazil, Bulgaria, Canada, Colombia, Costa Rica, Croatia, Chile, China, Cyprus, Denmark, Slovakia, Slovenia, Spain, The United States, Finland, France, Greece, Hong Kong, Hungary, Ireland, Israel, Italy, Lybia, Malta, Mexico, Norway, Panama, Netherlands, Paraguay, Peru, Poland, Portugal, Qatar, United Kingdom, Rep. It checks, Rep. Dominican, Romania, Russia, Sweden, Switzerland, Uruguay and Venezuela.  You can make phone calls to anywhere in the world. Whoever you call doesnt need Nubefone.  - GET FREE CREDIT: tell your friends about Nubefone and earn FREE credit for every invited contact who uses Nubefone.  AND MUCH MORE THINGS  - NUBEFONE FAMILY: add up to 10 more users to your account, including per user usage control and one single shared top-up for all.  - NUBEFONE FOR BUSINESS: special accounts for business, cost control, centralized user management ",
"desc_perms" : "['android.permission.CALL_PHONE', 'android.permission.INTERNET', 'android.permission.GET_ACCOUNTS', 'android.permission.READ_CONTACTS', 'android.permission.ACCESS_NETWORK_STATE', 'android.permission.WRITE_CONTACTS', 'android.permission.READ_PHONE_STATE', 'android.permission.MODIFY_AUDIO_SETTINGS']",
"manifest_perms" : "['android.permission.READ_APP_BADGE', 'android.permission.GET_ACCOUNTS', 'com.huawei.android.launcher.permission.CHANGE_BADGE', 'me.everything.badger.permission.BADGE_COUNT_READ', 'com.google.android.c2dm.permission.RECEIVE', 'android.permission.ACCESS_NETWORK_STATE', 'android.permission.READ_PHONE_STATE', 'com.huawei.android.launcher.permission.READ_SETTINGS', 'android.permission.WAKE_LOCK', 'com.sonymobile.home.permission.PROVIDER_INSERT_BADGE', 'com.huawei.android.launcher.permission.WRITE_SETTINGS', 'android.permission.WRITE_EXTERNAL_STORAGE', 'com.htc.launcher.permission.UPDATE_SHORTCUT', 'android.permission.READ_CONTACTS', 'com.anddoes.launcher.permission.UPDATE_COUNT', 'com.google.android.finsky.permission.BIND_GET_INSTALL_REFERRER_SERVICE', 'com.oppo.launcher.permission.WRITE_SETTINGS', 'com.majeur.launcher.permission.UPDATE_BADGE', 'com.peoplecall.nubefone.permission.RECEIVE_ADM_MESSAGE', 'com.sec.android.provider.badge.permission.READ', 'me.everything.badger.permission.BADGE_COUNT_WRITE', 'android.permission.WRITE_CONTACTS', 'android.permission.VIBRATE', 'com.htc.launcher.permission.READ_SETTINGS', 'com.oppo.launcher.permission.READ_SETTINGS', 'android.permission.INTERNET', 'android.permission.RECEIVE_BOOT_COMPLETED', 'com.amazon.device.messaging.permission.RECEIVE', 'com.sonyericsson.home.permission.BROADCAST_BADGE', 'com.sec.android.provider.badge.permission.WRITE']",
"perms_with_call" : "['android.permission.GET_TASKS', 'android.permission.USE_FINGERPRINT', 'android.permission.BLUETOOTH_ADMIN', 'android.permission.CHANGE_WIFI_STATE', 'android.permission.ACCESS_WIFI_STATE', 'android.permission.ACCESS_COARSE_LOCATION', 'android.permission.BLUETOOTH', 'android.permission.ACCESS_FINE_LOCATION', 'android.permission.ACCESS_NETWORK_STATE', 'android.permission.BROADCAST_STICKY', 'android.permission.WAKE_LOCK']" 
"extra_perms" : "['com.peoplecall.nubefone.permission.RECEIVE_ADM_MESSAGE', 'android.permission.ACCESS_WIFI_STATE', 'android.permission.ACCESS_COARSE_LOCATION', 'android.permission.WRITE_EXTERNAL_STORAGE', 'android.permission.ACCESS_FINE_LOCATION']",
}