{
"name" : "Knox Meeting",
"url" : "https://play.google.com/store/apps/details?id=com.sds.meeting",
"package" : "com.sds.meeting",
"category" : "Communication",
"description" : "Knox Meeting is a video conferencing service that enables users to communicate and collaborate in real time anytime, anywhere through various devices such as PC and Mobile.  With Mobile App, you can easily schedule and manage your Web Conference and easily join the meeting.  You can also share voice, video, and documents during meetings, and communicate effectively through features such as writing and chatting.  [App permissions] It is the access permissions used by Knox Meeting.   Mandatory permissions : To use Square Meeting, all of the following items must be allowed. - Camera: Used for video transmission during conference  - Microphone: Used for voice transmission during conference - Storage: Used for uploading contents for conferences and saving the logs - Phone: Used for voice conferencing    Optional permissions : You can use Square Meeting without allowing access, but the use of related features would be restricted. - Contacts : Used for adding conference attendees  * If youre using a device of Android OS version less than 6.0, the option of allowing each permission is not available. In this case, it is recommended that you check with the devices manufacturer if the OS upgrade is available and if yes, update your OS version to 6.0 or above. ",
"desc_perms" : "['android.permission.INTERNET', 'android.permission.CAMERA', 'android.permission.READ_PHONE_STATE', 'android.permission.ACCESS_WIFI_STATE', 'android.permission.RECORD_AUDIO', 'android.permission.ACCESS_NETWORK_STATE', 'android.permission.READ_CONTACTS', 'android.permission.READ_EXTERNAL_STORAGE', 'android.permission.CALL_PHONE', 'android.permission.WRITE_EXTERNAL_STORAGE']",
"manifest_perms" : "['android.permission.RECEIVE_BOOT_COMPLETED', 'android.permission.CAMERA', 'android.permission.VIBRATE', 'android.permission.BLUETOOTH', 'android.permission.FOREGROUND_SERVICE', 'android.permission.MODIFY_AUDIO_SETTINGS', 'android.permission.WRITE_EXTERNAL_STORAGE', 'com.sds.meeting.permission.C2D_MESSAGE', 'android.permission.ACCESS_WIFI_STATE', 'android.permission.WAKE_LOCK', 'android.permission.SYSTEM_ALERT_WINDOW', 'com.android.launcher.permission.INSTALL_SHORTCUT', 'android.permission.INTERNET', 'android.permission.NFC', 'android.permission.RECORD_AUDIO', 'android.permission.GET_TASKS', 'com.google.android.c2dm.permission.RECEIVE', 'android.permission.READ_CONTACTS', 'android.permission.CALL_PHONE', 'android.permission.MANAGE_DOCUMENTS', 'android.permission.READ_PHONE_STATE', 'android.permission.BATTERY_STATS', 'android.permission.USE_BIOMETRIC', 'android.permission.ACCESS_NETWORK_STATE', 'android.permission.REQUEST_INSTALL_PACKAGES', 'com.samsung.android.providers.context.permission.WRITE_USE_APP_FEATURE_SURVEY', 'android.permission.GET_ACCOUNTS', 'android.permission.READ_EXTERNAL_STORAGE']",
"perms_with_call" : "['android.permission.READ_PHONE_STATE', 'android.permission.ACCESS_WIFI_STATE', 'android.permission.ACCESS_COARSE_LOCATION', 'android.permission.BLUETOOTH', 'android.permission.ACCESS_NETWORK_STATE', 'android.permission.MODIFY_AUDIO_SETTINGS', 'android.permission.GET_TASKS', 'android.permission.BROADCAST_STICKY', 'android.permission.WAKE_LOCK', 'android.permission.ACCESS_FINE_LOCATION']" 
"extra_perms" : "['android.permission.MANAGE_DOCUMENTS', 'android.permission.BATTERY_STATS', 'android.permission.NFC', 'android.permission.ACCESS_COARSE_LOCATION', 'android.permission.MODIFY_AUDIO_SETTINGS', 'com.samsung.android.providers.context.permission.WRITE_USE_APP_FEATURE_SURVEY', 'android.permission.GET_ACCOUNTS', 'android.permission.SYSTEM_ALERT_WINDOW', 'android.permission.ACCESS_FINE_LOCATION']",
}