{
"name" : "Cellcrypt",
"url" : "https://play.google.com/store/apps/details?id=com.cellcrypt.nextgen",
"package" : "com.cellcrypt.nextgen",
"category" : "Communication",
"description" : "FOR BUSINESS AND GOVERNMENT USE ONLY  Cellcrypt is the next generation of secure, encrypted communications for mobile and desktop. Combining military-grade encryption with the intuitive ease of use of a consumer messaging app to protect your organization and provide peace of mind.  Cellcrypt enables secure voice and conference calling, messaging and file/document sharing between any Cellcrypt enabled devices, all protected by best-in-class encryption. The app works across all smart devices and desktops, and allows users to communicate securely between platforms on the technology they have in place.  Cellcrypt uses a unique double-layer AES 256 & RC4 384 end-to-end crypto scheme, with new session keys for each call and message, affording all users market leading encrypted communication.  As part of CSGs commitment to responsible encryption, Cellcrypt is only available to enterprise and government users after a screening process, and is not available to individual consumers.  Cellcrypt is certified to the FIPS 140-2 standard, approved by the US National Institute of Standards & Technology (NIST).  Secure Voice Voice calls are fully encrypted end-to-end and are routed through the mobile devices data connection. Cellcrypts adaptive voice codecs ensure low data and battery use, with no degradation of voice quality. Providing full authentication to eliminate the risks of impersonation through Caller ID spoofing.  Conference calling Group calling can be set up instantly from contacts list, just like a regular call. Users can schedule mobile and desktop conference calling with automatic email invites, plus call moderating, mute and eject options for the call initiator, and no need for third-party administrators or passwords.   PrivateMessaging Secure messages can be sent between smartphones, PCs and Macs while ensuring the privacy of conversations. Authenticated group messaging can also be set up at will and can be defined locally by the user or centrally by the organization with total security and control.  Document and file sharing Cellcrypt allows users to securely share photos, videos, voice clips, documents and even full file attachments with the ease of use of a consumer app. Providing a secure alternative to unprotected and unencrypted email communications.  Strong encryption Cellcrypt provides the highest level of encryption and authentication to protect against call interception and eavesdropping. Messages and file transfers are also encrypted end-to-end to ensure privacy.  Cellcrypt - the leaders in Voice Security since 2005.  *Application may not be used for emergency calling. ",
"desc_perms" : "['android.permission.CALL_PHONE', 'android.permission.RECORD_AUDIO', 'android.permission.MODIFY_AUDIO_SETTINGS', 'android.permission.ACCESS_NETWORK_STATE', 'android.permission.CAMERA', 'android.permission.INTERNET', 'android.permission.ACCESS_WIFI_STATE', 'android.permission.READ_PHONE_STATE']",
"manifest_perms" : "['android.permission.BROADCAST_STICKY', 'android.permission.FOREGROUND_SERVICE', 'android.permission.BLUETOOTH', 'android.permission.RECEIVE_BOOT_COMPLETED', 'android.permission.MODIFY_AUDIO_SETTINGS', 'com.google.android.finsky.permission.BIND_GET_INSTALL_REFERRER_SERVICE', 'android.permission.READ_PROFILE', 'com.htc.launcher.permission.UPDATE_SHORTCUT', 'android.permission.WRITE_EXTERNAL_STORAGE', 'com.majeur.launcher.permission.UPDATE_BADGE', 'android.permission.RECORD_AUDIO', 'android.permission.USE_FINGERPRINT', 'com.sonyericsson.home.permission.BROADCAST_BADGE', 'android.permission.VIBRATE', 'android.permission.ACCESS_WIFI_STATE', 'android.permission.MANAGE_DOCUMENTS', 'com.google.android.c2dm.permission.RECEIVE', 'android.permission.WAKE_LOCK', 'android.permission.GET_ACCOUNTS', 'android.permission.DOWNLOAD_WITHOUT_NOTIFICATION', 'com.cellcrypt.nextgen.permission.C2D_MESSAGE', 'android.permission.CAMERA', 'android.permission.INTERNET', 'android.permission.USE_BIOMETRIC', 'android.permission.READ_PHONE_STATE', 'android.permission.REQUEST_IGNORE_BATTERY_OPTIMIZATIONS', 'com.sec.android.provider.badge.permission.READ', 'com.sec.android.provider.badge.permission.WRITE', 'android.permission.READ_EXTERNAL_STORAGE', 'android.permission.READ_CONTACTS', 'com.htc.launcher.permission.READ_SETTINGS', 'android.permission.USE_FULL_SCREEN_INTENT', 'android.permission.ACCESS_NETWORK_STATE', 'com.anddoes.launcher.permission.UPDATE_COUNT']",
"perms_with_call" : "['android.permission.BROADCAST_STICKY', 'android.permission.CHANGE_NETWORK_STATE', 'android.permission.ACCESS_COARSE_LOCATION', 'android.permission.ACCESS_FINE_LOCATION', 'android.permission.GET_TASKS', 'android.permission.WAKE_LOCK', 'android.permission.BLUETOOTH', 'android.permission.MODIFY_AUDIO_SETTINGS', 'android.permission.USE_FINGERPRINT', 'android.permission.ACCESS_NETWORK_STATE', 'android.permission.ACCESS_WIFI_STATE', 'android.permission.READ_PHONE_STATE']" 
"extra_perms" : "['android.permission.REQUEST_IGNORE_BATTERY_OPTIMIZATIONS', 'android.permission.READ_CONTACTS', 'android.permission.READ_EXTERNAL_STORAGE', 'android.permission.ACCESS_COARSE_LOCATION', 'android.permission.WRITE_EXTERNAL_STORAGE', 'android.permission.ACCESS_FINE_LOCATION', 'android.permission.USE_FULL_SCREEN_INTENT', 'android.permission.GET_ACCOUNTS', 'android.permission.DOWNLOAD_WITHOUT_NOTIFICATION', 'android.permission.MANAGE_DOCUMENTS']",
}