{
"name" : "Express Wi-Fi by Facebook",
"url" : "https://play.google.com/store/apps/details?id=com.expresswifi.customer",
"package" : "com.expresswifi.customer",
"category" : "Communication",
"description" : "With the Express Wi-Fi app, you can quickly connect at one of our many Wi-Fi zones.   Use the Express Wi-Fi app to:  * Sign up to Express Wi-Fi * View nearby Wi-Fi zones * See our latest offers and pricing for data packs * Check your account balance * Find the closest recharge shop where you can buy more data  When youre connected, you can use Express Wi-Fi to browse the entire internet or download apps, music and videos with your data.  Express Wi-Fi is a carrier-provided connectivity service bringing fast and affordable internet to neighborhoods around the world. ",
"desc_perms" : "['android.permission.READ_CONTACTS', 'android.permission.GET_ACCOUNTS', 'android.permission.ACCESS_NETWORK_STATE', 'com.android.vending.BILLING', 'android.permission.INTERNET', 'android.permission.ACCESS_WIFI_STATE']",
"manifest_perms" : "['android.permission.FOREGROUND_SERVICE', 'android.permission.ACCESS_FINE_LOCATION', 'android.permission.GET_TASKS', 'android.permission.RECEIVE_BOOT_COMPLETED', 'android.permission.DELETE_PACKAGES', 'android.permission.INSTALL_PACKAGES', 'android.permission.WRITE_EXTERNAL_STORAGE', 'android.permission.BIND_VPN_SERVICE', 'android.permission.VIBRATE', 'android.permission.ACCESS_WIFI_STATE', 'com.android.launcher.permission.INSTALL_SHORTCUT', 'android.permission.REQUEST_INSTALL_PACKAGES', 'android.permission.WAKE_LOCK', 'android.permission.INTERNET', 'android.permission.CHANGE_WIFI_STATE', 'android.permission.READ_PHONE_STATE', 'android.permission.READ_LOGS', 'android.permission.CHANGE_NETWORK_STATE', 'android.permission.ACCESS_COARSE_LOCATION', 'android.permission.ACCESS_NETWORK_STATE', 'android.permission.WRITE_SETTINGS']",
"perms_with_call" : "['android.permission.BROADCAST_STICKY', 'android.permission.CHANGE_NETWORK_STATE', 'android.permission.ACCESS_COARSE_LOCATION', 'android.permission.ACCESS_FINE_LOCATION', 'android.permission.GET_TASKS', 'android.permission.WAKE_LOCK', 'android.permission.ACCESS_NETWORK_STATE', 'android.permission.INTERNET', 'android.permission.ACCESS_WIFI_STATE', 'android.permission.CHANGE_WIFI_STATE']" 
"extra_perms" : "['android.permission.READ_LOGS', 'android.permission.ACCESS_COARSE_LOCATION', 'android.permission.WRITE_EXTERNAL_STORAGE', 'android.permission.ACCESS_FINE_LOCATION', 'android.permission.DELETE_PACKAGES', 'android.permission.BIND_VPN_SERVICE', 'android.permission.INSTALL_PACKAGES', 'android.permission.READ_PHONE_STATE']",
}