{
"name" : "TrueConf Free 4K Video Calls",
"url" : "https://play.google.com/store/apps/details?id=com.trueconf.videochat",
"package" : "com.trueconf.videochat",
"category" : "Communication",
"description" : "Free video calls, video conferencing and chat on Android smartphones and tablets! TrueConf enhances collaborative efficiency in your business workflow.   One click sign up with Facebook, Twitter, Google and other social media accounts.  Quick authorization via e-mail.  No ads: nothing will distract you from communication.  Free video calls and video conferences 3x3: communicate on Android, iOS, Windows, macOS and Linux platforms.  Group video conferencing with up to 120 participants (PRO plan).  Group and personal chats are available during video calls and group video conferencing.  Slideshow support in video calls and group conferences.  Invite friends by SMS, e-mail, and social networks.  Automatic synchronization of Facebook contacts with TrueConf Address Book.  Mobile app runs on 3G, 4G and Wi-Fi networks.  Delivery of unsent text messages after reconnecting to the Internet.  Backlit from the rear camera (make video calls even in the darkness).  Supports Google Cardboard for 3D video conferencing, if your companion has a stereo camera.  Make calls to SIP/H.323 endpoints (TrueConf Server).  Helpful hints:  You can evaluate the performance of your phone or tablet on the About page.  You can set the bandwidth in the application to improve connection stability.  If you are using Wi-Fi, configuring the router to a free channel can improve the video call quality.  Got slow Internet? Disable video and use your device as a phone.  The Anti-flickering filter will suppress the camera flickering.  Get the beta versions of the app  https://play.google.com/apps/testing/com.trueconf.videochat  Check our Youtube channel for tips https://www.youtube.com/channel/UC8ayWJXiOvlXd0a3_nMaHXg  Corporate users can organize video conferences in private networks with TrueConf Server running on MS Windows Server, increasing the communication security and improving the connection quality on mobile applications.  Download the free TrueConf application and start communicating today!  Need more information on our video conferencing solution? Contact us at mobile@trueconf.com or call us at TrueConf ID support@trueconf.com.  Learn more at https://trueconf.com  Watch us on Facebook at https://www.facebook.com/trueconf Follow us on Twitter at https://twitter.com/trueconf ",
"desc_perms" : "['android.permission.WRITE_EXTERNAL_STORAGE', 'android.permission.READ_PHONE_STATE', 'android.permission.MODIFY_AUDIO_SETTINGS', 'android.permission.RECORD_AUDIO', 'android.permission.CAMERA', 'android.permission.CALL_PHONE', 'android.permission.ACCESS_NETWORK_STATE', 'android.permission.INTERNET']",
"manifest_perms" : "['android.permission.WRITE_EXTERNAL_STORAGE', 'android.permission.RECEIVE_BOOT_COMPLETED', 'android.permission.CHANGE_WIFI_MULTICAST_STATE', 'android.permission.RECORD_AUDIO', 'android.permission.GET_ACCOUNTS', 'android.permission.WRITE_CONTACTS', 'android.permission.FOREGROUND_SERVICE', 'android.permission.WAKE_LOCK', 'android.permission.MANAGE_DOCUMENTS', 'com.google.android.providers.gsf.permission.READ_GSERVICES', 'android.permission.MODIFY_AUDIO_SETTINGS', 'android.permission.AUTHENTICATE_ACCOUNTS', 'android.permission.READ_LOGS', 'android.permission.USE_CREDENTIALS', 'android.permission.ACCESS_NETWORK_STATE', 'android.permission.READ_CONTACTS', 'android.permission.MANAGE_ACCOUNTS', 'android.permission.NFC', 'android.permission.BLUETOOTH_ADMIN', 'com.google.android.c2dm.permission.RECEIVE', 'android.permission.FLASHLIGHT', 'android.permission.DISABLE_KEYGUARD', 'android.permission.CAMERA', 'com.google.android.finsky.permission.BIND_GET_INSTALL_REFERRER_SERVICE', 'android.permission.INTERNET', 'android.permission.BLUETOOTH', 'android.permission.READ_PHONE_STATE', 'android.permission.READ_SYNC_SETTINGS', 'android.permission.ACCESS_WIFI_STATE', 'android.permission.WRITE_SYNC_SETTINGS', 'android.permission.ACCESS_NOTIFICATION_POLICY', 'android.permission.VIBRATE', 'android.permission.READ_PROFILE']",
"perms_with_call" : "['android.permission.ACCESS_COARSE_LOCATION', 'android.permission.ACCESS_FINE_LOCATION', 'android.permission.RECEIVE_BOOT_COMPLETED', 'android.permission.BROADCAST_STICKY', 'android.permission.READ_PHONE_STATE', 'android.permission.BLUETOOTH_ADMIN', 'android.permission.ACCESS_WIFI_STATE', 'android.permission.WAKE_LOCK', 'android.permission.USE_FINGERPRINT', 'android.permission.CHANGE_WIFI_MULTICAST_STATE', 'android.permission.CHANGE_WIFI_STATE', 'android.permission.MODIFY_AUDIO_SETTINGS', 'android.permission.GET_TASKS', 'android.permission.ACCESS_NETWORK_STATE', 'android.permission.BLUETOOTH']" 
"extra_perms" : "['android.permission.READ_CONTACTS', 'android.permission.ACCESS_COARSE_LOCATION', 'android.permission.ACCESS_FINE_LOCATION', 'android.permission.NFC', 'android.permission.ACCESS_WIFI_STATE', 'android.permission.MANAGE_DOCUMENTS', 'android.permission.GET_ACCOUNTS', 'android.permission.READ_LOGS', 'android.permission.DISABLE_KEYGUARD', 'android.permission.WRITE_CONTACTS']",
}