{
"name" : "SOMA free video call and chat",
"url" : "https://play.google.com/store/apps/details?id=com.instanza.baba",
"package" : "com.instanza.baba",
"category" : "Communication",
"description" : "SOMA Messenger is a FREE messaging app made for global communications between friends, family and colleagues. Send instant messages, fun stickers, and share all the highlighted moments of your life on SOMA. Talk with your friends face-to-face anywhere, securely, directly from your phone. No fees, ever.  Doodle Cam: Capture the best moments of your day and bring them to life with filters, text and other creative tools. Share the GIF to your friends on SOMA, Facebook, Instagram, WhatsApp, Snapchat, Twitter and other social media.   FREE CALLS: SOMA uses Internet connection (Wi-Fi or 4G/3G) to make video & voice calls to your family and friends even when they are thousands miles away. Forever free with no international charges.   SECURE: Security is our top priority. No one has access to your conversation but you and the people youre talking to. End-to-end encryption.   PRIVATE: All messages are permanently deleted immediately after delivery. Undelivered messages expire and are permanently deleted after 7 days. We never store messages on our servers or in any cloud after they are deleted.   GROUP CHAT: Create a group chat of up to 500 friends, family or coworkers.   SPEAK EASY MODE: Use SOMA as a Walkie Talkie. Just hold the button and talk instantly.   STICKER & GIF: Send all kinds of beautiful & fun stickers and vast vivid GIFs to express yourself.   MAGICAL EFFECT: Type certain words (such as love you, miss you or good morning) in your chat and wait for the magical moment.   SOMA WEB: Quickly send and receive messages on your computer browser. Bring you great convenience at work.   GAME CENTER: Play all kinds of fun H5 games online. No need to download anything!  You could also follow us on Facebook (@SOMAMessenger) and Twitter (@SOMAMessenger) . ",
"desc_perms" : "['android.permission.MODIFY_AUDIO_SETTINGS', 'android.permission.WRITE_EXTERNAL_STORAGE', 'android.permission.WRITE_CONTACTS', 'android.permission.CALL_PHONE', 'android.permission.READ_PHONE_STATE', 'android.permission.READ_EXTERNAL_STORAGE', 'android.permission.RECORD_AUDIO', 'android.permission.READ_CONTACTS', 'android.permission.ACCESS_WIFI_STATE', 'android.permission.INTERNET', 'android.permission.CAMERA', 'android.permission.ACCESS_NETWORK_STATE']",
"manifest_perms" : "['com.htc.launcher.permission.UPDATE_SHORTCUT', 'android.permission.MODIFY_AUDIO_SETTINGS', 'android.permission.READ_PHONE_STATE', 'android.permission.WRITE_CONTACTS', 'com.sonyericsson.home.permission.BROADCAST_BADGE', 'android.permission.WRITE_INTERNAL_STORAGE', 'android.permission.READ_EXTERNAL_STORAGE', 'com.huawei.android.launcher.permission.WRITE_SETTINGS', 'android.permission.RECORD_AUDIO', 'android.permission.READ_CONTACTS', 'com.android.vending.BILLING', 'android.permission.CAMERA', 'android.permission.USE_CREDENTIALS', 'com.huawei.android.launcher.permission.CHANGE_BADGE', 'com.sonymobile.home.permission.PROVIDER_INSERT_BADGE', 'com.huawei.android.launcher.permission.READ_SETTINGS', 'android.permission.GET_TASKS', 'android.permission.BLUETOOTH', 'android.permission.MOUNT_UNMOUNT_FILESYSTEMS', 'com.htc.launcher.permission.READ_SETTINGS', 'com.android.launcher.permission.INSTALL_SHORTCUT', 'android.permission.AUTHENTICATE_ACCOUNTS', 'android.permission.RECEIVE_BOOT_COMPLETED', 'com.google.android.finsky.permission.BIND_GET_INSTALL_REFERRER_SERVICE', 'com.majeur.launcher.permission.UPDATE_BADGE', 'com.google.android.providers.gsf.permission.READ_GSERVICES', 'android.permission.MANAGE_ACCOUNTS', 'android.permission.BROADCAST_STICKY', 'android.permission.WRITE_SETTINGS', 'android.permission.WAKE_LOCK', 'android.permission.READ_SYNC_SETTINGS', 'android.permission.READ_SYNC_STATS', 'android.permission.WRITE_SYNC_SETTINGS', 'com.sec.android.provider.badge.permission.READ', 'com.anddoes.launcher.permission.UPDATE_COUNT', 'com.sec.android.provider.badge.permission.WRITE', 'android.permission.ACCESS_WIFI_STATE', 'android.permission.INTERNET', 'android.permission.SYSTEM_ALERT_WINDOW', 'com.android.launcher.permission.UNINSTALL_SHORTCUT', 'android.permission.WRITE_EXTERNAL_STORAGE', 'android.permission.ACCESS_COARSE_LOCATION', 'android.permission.VIBRATE', 'android.permission.REQUEST_INSTALL_PACKAGES', 'com.google.android.c2dm.permission.RECEIVE', 'android.permission.GET_ACCOUNTS', 'android.permission.ACCESS_NETWORK_STATE', 'android.permission.ACCESS_FINE_LOCATION', 'android.permission.READ_PROFILE']",
"extra_perms" : "['com.android.vending.BILLING', 'android.permission.GET_ACCOUNTS', 'android.permission.MOUNT_UNMOUNT_FILESYSTEMS', 'android.permission.ACCESS_FINE_LOCATION', 'android.permission.WRITE_INTERNAL_STORAGE', 'android.permission.SYSTEM_ALERT_WINDOW', 'android.permission.ACCESS_COARSE_LOCATION']",
"perms_with_call" : "['android.permission.MODIFY_AUDIO_SETTINGS', 'android.permission.READ_PHONE_STATE', 'android.permission.GET_TASKS', 'android.permission.BLUETOOTH', 'android.permission.BROADCAST_STICKY', 'android.permission.ACCESS_COARSE_LOCATION', 'android.permission.WAKE_LOCK', 'android.permission.CHANGE_NETWORK_STATE', 'android.permission.ACCESS_WIFI_STATE', 'android.permission.ACCESS_FINE_LOCATION', 'android.permission.ACCESS_NETWORK_STATE']" 
}