{
"name" : "Tidio",
"url" : "https://play.google.com/store/apps/details?id=com.tidiochat.app",
"package" : "com.tidiochat.app",
"category" : "Communication",
"description" : "Tidio live chat app lets you connect with your customers instantly. Easy to use live chat and chatbots for customer satisfaction, increasing sales, generating leads and much more!  Features:   Talk to your customers wherever you are  Quick Responses - send them during a conversation in a single click, so you can spend more time answering complex enquiries  Chatbots - generate leads while youre offline using chatbots  Live Visitor List - list of all visitors browsing your website  Visitors Details - access details such as visitor IP, city, country, device type and browser  Push Notifications - get notifications about new messages, even when the app is closed ",
"desc_perms" : "['android.permission.READ_EXTERNAL_STORAGE', 'android.permission.ACCESS_NETWORK_STATE', 'android.permission.INTERNET']",
"manifest_perms" : "['android.permission.READ_EXTERNAL_STORAGE', 'android.permission.MANAGE_ACCOUNTS', 'com.google.android.c2dm.permission.RECEIVE', 'android.permission.WAKE_LOCK', 'android.permission.AUTHENTICATE_ACCOUNTS', 'android.permission.GET_ACCOUNTS', 'com.google.android.finsky.permission.BIND_GET_INSTALL_REFERRER_SERVICE', 'android.permission.USE_CREDENTIALS', 'android.permission.ACCESS_NETWORK_STATE', 'android.permission.BLUETOOTH', 'android.permission.INTERNET']",
"perms_with_call" : "['android.permission.ACCESS_COARSE_LOCATION', 'android.permission.ACCESS_FINE_LOCATION', 'android.permission.BROADCAST_STICKY', 'android.permission.BLUETOOTH_ADMIN', 'android.permission.ACCESS_WIFI_STATE', 'android.permission.WAKE_LOCK', 'android.permission.USE_FINGERPRINT', 'android.permission.CHANGE_WIFI_STATE', 'android.permission.GET_TASKS', 'android.permission.ACCESS_NETWORK_STATE', 'android.permission.BLUETOOTH']" 
"extra_perms" : "['android.permission.ACCESS_COARSE_LOCATION', 'android.permission.ACCESS_FINE_LOCATION', 'android.permission.ACCESS_WIFI_STATE', 'android.permission.GET_ACCOUNTS']",
}