{
"name" : "iMe Messenger",
"url" : "https://play.google.com/store/apps/details?id=com.iMe.android",
"package" : "com.iMe.android",
"category" : "Communication",
"description" : "Fast, Smart, Powerful, Private, Cloud-based, Secure.  iMe Messenger is an unofficial Telegram API based client.  User authorization, data transferring and storing are conducted through official clients servers.  Privacy and security are fully guaranteed by the official client.  iMe Messenger uses messengers environment for further functions developing and neurobots (chat assistants) training.  Users install iMe Messenger to use new features and all advantages of Artificial Intelligence (Ai) without losing their social circle and the usual quality of the advanced messenger.  iMe Messenger helps users sort chats by folders with additional settings (Tabs from the bottom; Disable the All chats tab; Change the FAB buttons for each folder, etc.).  Convenient Collections give users the ability to quickly find and subscribe to channels, groups and bots of interest on various topics.   Neurobots inside chats save time and make communication more interesting.  Additional features:  - Chats grouping in folders; - Cloud with sorting messages by type; - Translator of incoming and outgoing messages inside chats; - Forwarding a message without quoting; - Multi-panel in chats, for quick access to in-depth buttons; - Neurobots-assistants providing users with phrases and gifs as responses; - Neurobots market with different categories of assistants; - Channel/Group/Bot Collections; - Wallet and internal coins, as a universal means of payment and monetization in the application;  Character neurobots offer you ready phrases and gifs in their styles and manners so you can answer a message in a chat. If the incoming message isnt suitable for a certain neurobot, it simply wont offer you its variant of a response.  The more different neurobots you add to your chats, the more unique responses to the greater number of messages they will be able to offer. A neurobot reacts to the last incoming message, and if this message corresponds to its subject, the neurobot is activated.   You can also use the Reply function for a previous incoming message in order to apply your neurobot to the phrase.  Write to our support service if you have any requests, questions or complaints: support@imem.app  For cooperation: info@imem.app  Write in the messenger: https://t.me/iMeMessenger ",
"desc_perms" : "['android.permission.READ_EXTERNAL_STORAGE', 'android.permission.WRITE_EXTERNAL_STORAGE']",
"manifest_perms" : "['android.permission.READ_APP_BADGE', 'android.permission.AUTHENTICATE_ACCOUNTS', 'com.android.launcher.permission.INSTALL_SHORTCUT', 'android.permission.USE_FINGERPRINT', 'android.permission.GET_ACCOUNTS', 'android.permission.MANAGE_ACCOUNTS', 'com.huawei.android.launcher.permission.CHANGE_BADGE', 'me.everything.badger.permission.BADGE_COUNT_READ', 'android.permission.DOWNLOAD_WITHOUT_NOTIFICATION', 'android.permission.INSTALL_SHORTCUT', 'android.permission.ACCESS_WIFI_STATE', 'com.google.android.c2dm.permission.RECEIVE', 'android.permission.ACCESS_COARSE_LOCATION', 'android.permission.ACCESS_NETWORK_STATE', 'android.permission.WRITE_SYNC_SETTINGS', 'android.permission.READ_PHONE_STATE', 'com.huawei.android.launcher.permission.READ_SETTINGS', 'android.permission.WAKE_LOCK', 'com.sec.android.provider.badge.permission.WRITE', 'com.sonymobile.home.permission.PROVIDER_INSERT_BADGE', 'com.huawei.android.launcher.permission.WRITE_SETTINGS', 'android.permission.WRITE_EXTERNAL_STORAGE', 'com.htc.launcher.permission.UPDATE_SHORTCUT', 'android.permission.READ_CONTACTS', 'android.permission.READ_SYNC_SETTINGS', 'com.anddoes.launcher.permission.UPDATE_COUNT', 'com.google.android.providers.gsf.permission.READ_GSERVICES', 'android.permission.CAMERA', 'com.android.vending.BILLING', 'android.permission.MANAGE_OWN_CALLS', 'com.google.android.finsky.permission.BIND_GET_INSTALL_REFERRER_SERVICE', 'com.oppo.launcher.permission.WRITE_SETTINGS', 'com.majeur.launcher.permission.UPDATE_BADGE', 'com.sec.android.provider.badge.permission.READ', 'me.everything.badger.permission.BADGE_COUNT_WRITE', 'android.permission.READ_PROFILE', 'android.permission.BLUETOOTH', 'com.android.launcher.permission.UNINSTALL_SHORTCUT', 'android.permission.SYSTEM_ALERT_WINDOW', 'android.permission.WRITE_CONTACTS', 'android.permission.READ_EXTERNAL_STORAGE', 'android.permission.MODIFY_AUDIO_SETTINGS', 'android.permission.FOREGROUND_SERVICE', 'com.iMe.android.permission.MAPS_RECEIVE', 'android.permission.VIBRATE', 'android.permission.CALL_PHONE', 'android.permission.USE_BIOMETRIC', 'com.htc.launcher.permission.READ_SETTINGS', 'com.oppo.launcher.permission.READ_SETTINGS', 'android.permission.RECORD_AUDIO', 'android.permission.REQUEST_INSTALL_PACKAGES', 'android.permission.INTERNET', 'android.permission.RECEIVE_BOOT_COMPLETED', 'com.sonyericsson.home.permission.BROADCAST_BADGE', 'android.permission.ACCESS_FINE_LOCATION']",
"perms_with_call" : "['android.permission.GET_TASKS', 'android.permission.USE_FINGERPRINT', 'android.permission.ACCESS_WIFI_STATE', 'android.permission.ACCESS_COARSE_LOCATION', 'android.permission.BLUETOOTH', 'android.permission.ACCESS_FINE_LOCATION', 'android.permission.CHANGE_NETWORK_STATE', 'android.permission.MODIFY_AUDIO_SETTINGS', 'android.permission.ACCESS_NETWORK_STATE', 'android.permission.READ_PHONE_STATE', 'android.permission.BROADCAST_STICKY', 'android.permission.WAKE_LOCK']" 
"extra_perms" : "['android.permission.MANAGE_OWN_CALLS', 'android.permission.GET_ACCOUNTS', 'android.permission.DOWNLOAD_WITHOUT_NOTIFICATION', 'android.permission.INSTALL_SHORTCUT', 'android.permission.ACCESS_WIFI_STATE', 'android.permission.ACCESS_COARSE_LOCATION', 'android.permission.SYSTEM_ALERT_WINDOW', 'android.permission.ACCESS_NETWORK_STATE', 'com.android.vending.BILLING', 'android.permission.WRITE_CONTACTS', 'android.permission.READ_PHONE_STATE', 'android.permission.MODIFY_AUDIO_SETTINGS', 'com.iMe.android.permission.MAPS_RECEIVE', 'android.permission.CALL_PHONE', 'android.permission.RECORD_AUDIO', 'android.permission.INTERNET', 'android.permission.READ_CONTACTS', 'android.permission.CAMERA', 'android.permission.ACCESS_FINE_LOCATION']",
}