{
"name" : "Webex Calling",
"url" : "https://play.google.com/store/apps/details?id=com.cisco.webexcalling",
"package" : "com.cisco.webexcalling",
"category" : "Communication",
"description" : "Cisco Webex Calling is the cloud PBX alternative to an on-premises PBX, from the market leader, Cisco. Make calls for business on your phone or desktop. Escalate your calls to a multi-party conference with one click. Keep track of your calls and voicemail through call history and find and connect with your colleagues through the in-app directory. Plus you get integrated, one button to push operation with Cisco Webex Teams and current Series 6800, 7800 and 8800 Cisco desktop phones.  Never endure another PBX upgrade. Always experience exceptional HD audio and video quality, delivered securely from the Cisco cloud.  Top features include:  Escalate your calls to multi-party conference with one button to push Call Forward Do Not Disturb Support for both VoIP and cellular network calling Video Calling Call Transfer Conference (N-way) Call Pull between desktop and mobile devices Call History (call logs) Visual Voicemail Dialing Options: Call Through, Call Back Enterprise Directory Search Dual Persona to quickly distinguish personal from business calls   IMPORTANT NOTICES AND DISCLAIMERS - PLEASE READ  Cisco Webex Calling is a calling application that provides voice and video calling capabilities. Cisco Webex Calling supports Webex organizations configured with Ciscos new Webex Calling (powered by BroadCloud) offer, available beginning April 2019. Cisco Webex Calling does not support organizations with Webex Calling (formerly Spark Call) service. For organizations configured with Webex Calling (formerly Spark Call), the Cisco Webex Teams application is available. Users of Webex Calling (formerly Spark Call) need to sign-up for the new service.  By downloading Cisco Webex Calling, you agree to comply with the terms and conditions of the Cisco EULA. You also consent to the installation of all future updates of the Cisco Webex Calling software. Use of this software is governed by the current Cisco END USER LICENSE AGREEMENT found at the following link: http://www.cisco.com/go/eula  By using the Cisco Webex Calling software, you consent to Cisco Systems Inc. collection of data from your usage of the Webex Calling software. All data is collected in conformity with the Cisco Privacy Policy, located at: http://www.cisco.com/web/siteassets/legal/privacy.html.  WARNING: This program is protected by copyright law and international treaties.  Cisco Systems Inc. 170 West Tasman Drive, San Jose, CA 95134 USA ",
"desc_perms" : "['android.permission.CALL_PHONE', 'android.permission.READ_EXTERNAL_STORAGE', 'android.permission.WRITE_EXTERNAL_STORAGE', 'android.permission.MODIFY_AUDIO_SETTINGS', 'android.permission.ACCESS_NETWORK_STATE', 'android.permission.CAMERA', 'android.permission.INTERNET', 'android.permission.ACCESS_WIFI_STATE', 'android.permission.READ_PHONE_STATE']",
"manifest_perms" : "['android.permission.FOREGROUND_SERVICE', 'com.cisco.webexcalling.permission.WIDGET_PROVIDER', 'android.permission.ACCESS_FINE_LOCATION', 'android.permission.USE_CREDENTIALS', 'android.permission.GET_TASKS', 'android.permission.BLUETOOTH', 'android.permission.RECEIVE_BOOT_COMPLETED', 'android.permission.MODIFY_AUDIO_SETTINGS', 'android.permission.WRITE_EXTERNAL_STORAGE', 'android.permission.WRITE_CONTACTS', 'android.permission.RECORD_AUDIO', 'android.permission.VIBRATE', 'android.permission.ACCESS_WIFI_STATE', 'com.google.android.c2dm.permission.RECEIVE', 'android.permission.CALL_PHONE', 'android.permission.AUTHENTICATE_ACCOUNTS', 'android.permission.WAKE_LOCK', 'android.permission.GET_ACCOUNTS', 'android.permission.DOWNLOAD_WITHOUT_NOTIFICATION', 'android.permission.DISABLE_KEYGUARD', 'android.permission.CAMERA', 'android.permission.INTERNET', 'android.permission.CHANGE_WIFI_STATE', 'android.permission.READ_PHONE_STATE', 'android.permission.READ_CONTACTS', 'android.permission.READ_EXTERNAL_STORAGE', 'android.permission.CHANGE_NETWORK_STATE', 'android.permission.ACCESS_COARSE_LOCATION', 'android.permission.MANAGE_ACCOUNTS', 'android.permission.USE_FULL_SCREEN_INTENT', 'android.permission.ACCESS_NETWORK_STATE', 'android.permission.SYSTEM_ALERT_WINDOW']",
"perms_with_call" : "['android.permission.BROADCAST_STICKY', 'android.permission.CHANGE_NETWORK_STATE', 'android.permission.ACCESS_COARSE_LOCATION', 'android.permission.ACCESS_FINE_LOCATION', 'android.permission.GET_TASKS', 'android.permission.BLUETOOTH', 'android.permission.WAKE_LOCK', 'android.permission.MODIFY_AUDIO_SETTINGS', 'android.permission.USE_FINGERPRINT', 'android.permission.ACCESS_NETWORK_STATE', 'android.permission.ACCESS_WIFI_STATE', 'android.permission.READ_PHONE_STATE']" 
"extra_perms" : "['android.permission.READ_CONTACTS', 'android.permission.ACCESS_COARSE_LOCATION', 'android.permission.WRITE_CONTACTS', 'com.cisco.webexcalling.permission.WIDGET_PROVIDER', 'android.permission.ACCESS_FINE_LOCATION', 'android.permission.USE_FULL_SCREEN_INTENT', 'android.permission.RECORD_AUDIO', 'android.permission.DOWNLOAD_WITHOUT_NOTIFICATION', 'android.permission.GET_ACCOUNTS', 'android.permission.DISABLE_KEYGUARD', 'android.permission.SYSTEM_ALERT_WINDOW']",
}