{
"name" : "digital.2",
"url" : "https://play.google.com/store/apps/details?id=com.revesoft.mobiledialer.digital_phone.digital_phone_49289",
"package" : "com.revesoft.mobiledialer.digital_phone.digital_phone_49289",
"category" : "Communication",
"description" : "Digital Phone Dialer is a mobile app for Android. Its operator code 49289.The Digital Phone Dialer helps users make international calls easier from an Android phone. The application is free to download.  After downloading and installing the Digital Phone Dialer, open the application and follow the simple wizard to set-up the Digital Phone Dialer: VoIP Calls via Wifi, 3G / 4G, edge or UMTS.  You will just need to select the Contact you want to call or enter the number manually in the DialPad. The Digital Phone Dialer will take it from here.  The same Digital Phone dialer low rates for international calling apply if you use the Digital Phone dialer. If a data connection is available the application might require a minimum amount of data traffic to update from time to time.  Application features: Call from Android phone native Contacts Call History Invite Rates ",
"desc_perms" : "['android.permission.CALL_PHONE', 'android.permission.MODIFY_AUDIO_SETTINGS', 'android.permission.ACCESS_NETWORK_STATE', 'android.permission.INTERNET', 'android.permission.READ_PHONE_STATE']",
"manifest_perms" : "['android.permission.BROADCAST_STICKY', 'android.permission.WRITE_SYNC_SETTINGS', 'android.permission.DISABLE_KEYGUARD', 'android.permission.BLUETOOTH_ADMIN', 'android.permission.BLUETOOTH', 'com.revesoft.mobiledialer.digital_phone.digital_phone_49289.permission.C2D_MESSAGE', 'android.permission.AUTHENTICATE_ACCOUNTS', 'android.permission.WRITE_EXTERNAL_STORAGE', 'android.permission.READ_PROFILE', 'android.permission.CAMERA', 'com.google.android.c2dm.permission.RECEIVE', 'android.permission.ACCESS_NETWORK_STATE', 'android.permission.MANAGE_ACCOUNTS', 'android.permission.READ_CONTACTS', 'android.permission.INTERNET', 'android.permission.READ_PHONE_STATE', 'android.permission.GET_ACCOUNTS', 'android.permission.WRITE_CONTACTS', 'android.permission.SYSTEM_ALERT_WINDOW', 'android.permission.RECORD_AUDIO', 'android.permission.VIBRATE', 'android.permission.RECEIVE_BOOT_COMPLETED', 'android.permission.CALL_PHONE', 'android.permission.MODIFY_AUDIO_SETTINGS', 'android.permission.READ_SYNC_SETTINGS', 'android.permission.WAKE_LOCK', 'android.permission.ACCESS_WIFI_STATE', 'android.permission.READ_EXTERNAL_STORAGE']",
"perms_with_call" : "['android.permission.ACCESS_COARSE_LOCATION', 'android.permission.BROADCAST_STICKY', 'android.permission.MODIFY_AUDIO_SETTINGS', 'android.permission.DISABLE_KEYGUARD', 'android.permission.WAKE_LOCK', 'android.permission.ACCESS_NETWORK_STATE', 'android.permission.GET_TASKS', 'android.permission.BLUETOOTH', 'android.permission.ACCESS_WIFI_STATE', 'android.permission.READ_PHONE_STATE', 'android.permission.READ_EXTERNAL_STORAGE', 'android.permission.ACCESS_FINE_LOCATION', 'android.permission.SEND_SMS']" 
"extra_perms" : "['android.permission.GET_ACCOUNTS', 'android.permission.WRITE_EXTERNAL_STORAGE', 'android.permission.RECORD_AUDIO', 'android.permission.ACCESS_COARSE_LOCATION', 'android.permission.CAMERA', 'android.permission.DISABLE_KEYGUARD', 'android.permission.READ_CONTACTS', 'android.permission.SEND_SMS', 'android.permission.ACCESS_WIFI_STATE', 'android.permission.WRITE_CONTACTS', 'android.permission.READ_EXTERNAL_STORAGE', 'android.permission.ACCESS_FINE_LOCATION', 'android.permission.SYSTEM_ALERT_WINDOW']",
}