{
"name" : "BLE Terminal",
"url" : "https://play.google.com/store/apps/details?id=com.mightyit.gops.bleterminal",
"package" : "com.mightyit.gops.bleterminal",
"category" : "Communication",
"description" : "INTRODUCTION:  - One-of-a-kind App that is used for scanning nearby BLE device and also use for serial communication. - Control any Micro-controller that uses any BLE Module (based on Texas Instruments CC254x) through your smart phone. -- This app can send and receive commands via BLE so you can debug your hardware problems easily.   FEATURES:  - Separate panels for sending and receiving data. - Custom your own buttons for frequent sending of same data. - Monitoring receiving data as ASCII or HEX. - Sending Data as ASCII or HEX. - Selection for \r \n at the end of sending data. - Simple copy option in sent data just long press on data. - Send Log file of Received and Sent data. - Keep Screen on/off option. - Remove Ads and get uninterrupted access with an Ad - free version of BLE Terminal.   NOTE:   - By default, Received data in ASCII format and It can be changed from top MENU. - By default, Data sent in ASCII format and It can be changed from long pressing of particular Button. - By default, \r\n will be sent on every sending data and It can be changed from long pressing of particular Button. ",
"desc_perms" : "['android.permission.CALL_PHONE', 'android.permission.READ_PHONE_STATE', 'android.permission.INTERNET', 'android.permission.ACCESS_NETWORK_STATE']",
"manifest_perms" : "['com.google.android.finsky.permission.BIND_GET_INSTALL_REFERRER_SERVICE', 'android.permission.BLUETOOTH_ADMIN', 'android.permission.INTERNET', 'android.permission.ACCESS_COARSE_LOCATION', 'android.permission.BLUETOOTH', 'com.google.android.c2dm.permission.RECEIVE', 'android.permission.ACCESS_NETWORK_STATE', 'com.android.vending.BILLING', 'android.permission.WAKE_LOCK']",
"perms_with_call" : "['android.permission.WAKE_LOCK', 'android.permission.GET_TASKS', 'android.permission.USE_FINGERPRINT', 'android.permission.BLUETOOTH_ADMIN', 'android.permission.ACCESS_COARSE_LOCATION', 'android.permission.BLUETOOTH', 'android.permission.ACCESS_NETWORK_STATE', 'android.permission.BROADCAST_STICKY', 'android.permission.ACCESS_FINE_LOCATION']" 
"extra_perms" : "['com.android.vending.BILLING', 'android.permission.ACCESS_COARSE_LOCATION', 'android.permission.ACCESS_FINE_LOCATION']",
}