{
"name" : "ToneIt! (Free)",
"url" : "https://play.google.com/store/apps/details?id=com.intradarma.toneit.free",
"package" : "com.intradarma.toneit.free",
"category" : "Communication",
"description" : "ToneIt! use sound as medium to transfer your text, using your speaker phone to send the data and microphone to receive the data.  ToneIt! app features: - No bluetooth, internet connection, or USB required - Simple user interface - Ideal for sharing URL, email address, etc. - Error detection ",
"desc_perms" : "['android.permission.CALL_PHONE', 'android.permission.INTERNET', 'android.permission.ACCESS_WIFI_STATE', 'android.permission.SEND_SMS', 'android.permission.ACCESS_NETWORK_STATE', 'android.permission.READ_EXTERNAL_STORAGE', 'android.permission.READ_PHONE_STATE']",
"manifest_perms" : "['android.permission.ACCESS_NETWORK_STATE', 'android.permission.INTERNET', 'android.permission.RECORD_AUDIO']",
"perms_with_call" : "['android.permission.GET_TASKS', 'android.permission.USE_FINGERPRINT', 'android.permission.ACCESS_COARSE_LOCATION', 'android.permission.BLUETOOTH', 'android.permission.ACCESS_FINE_LOCATION', 'android.permission.ACCESS_NETWORK_STATE', 'android.permission.BROADCAST_STICKY', 'android.permission.WAKE_LOCK']" 
"extra_perms" : "['android.permission.ACCESS_COARSE_LOCATION', 'android.permission.RECORD_AUDIO', 'android.permission.ACCESS_FINE_LOCATION']",
}