{
"name" : "Hiya - Call Blocker, Fraud Detection & Caller ID",
"url" : "https://play.google.com/store/apps/details?id=com.webascender.callerid",
"package" : "com.webascender.callerid",
"category" : "Communication",
"description" : "Call blocker, fraud detection & phone number lookup - meet Hiya, your reliable protection from fraud numbers and spoof calls, with integrated caller ID. Block spam calls for good!  Get FREE spam call alerts and block spam phone calls automatically. Hiya shows you the true caller ID so you always know whos on the other end of the line.  Heres why users rate Hiya:   Spam call blocker - block spam calls automatically, hassle-free  Phone number lookup - whether its a friend, robocaller or a fraud number, Hiya gives you real-time context on whos calling  Spam alerts and fraud detection - automatic spam alerts warn you about incoming spam phone calls from fraud numbers. You can also report spoof calls to the Hiya community  Virus protection & phone security - Hiya detects fraud numbers for you, so you know when youre being called by a scammer.   Manage contacts - add names and addresses from Hiya to your phone book contacts  Download now for free and get instant protection from spoof calls, fraud numbers or a robocaller. Our features let you take control and block spam calls automatically.  VIRUS PROTECTION & SECURITY Our advanced phone spam protection engine identifies and blocks any robocaller, telemarketers, debt collectors and fraud calls like neighbor spoofed call scam.  CALL BLOCKER & SPAM ALERTS Block spam calls and spoof calls automatically - its easy! Stop the neighbor spoofing calls from numbers that look similar to yours.  CALLER ID Turn an unknown caller into a name. Whether its a call from a business, friend or potential spammer, our global database of caller names and spam detection gives you real-time context on whos calling.  PHONE NUMBER LOOKUP Phone number lookups helps you identify a call from an unsaved contact. Find out the true caller name and whether a fraud number or robocaller is calling you.  MANAGE CONTACTS Add names and addresses from Hiya to your phone book contacts to keep them accurate, complete, and current.  Download now for reliable virus protection and never pick up a spam phone call again!  COMMUNITY Facebook: https://facebook.com/hiyainc Twitter: https://twitter.com/hiya Instagram: https://instagram/hiyainc  The SMS text blocker feature is currently not supported for devices with Android 4.4 (KitKat) and higher. Hiya Caller ID & Call Block (formerly Whitepages Caller ID & Security Call Blocker) is brought to you by Hiya Inc. Utilizing the power of the Hiya database that has hundreds of millions of phone numbers, youll know the true caller behind more calls and SMS texts. Hiya is a Google Play Top Developer that is committed to delivering best in class free security, caller ID, call block, nuisance & virus protection. ",
"desc_perms" : "['android.permission.READ_CONTACTS', 'android.permission.ACCESS_FINE_LOCATION', 'android.permission.READ_PHONE_STATE', 'android.permission.READ_CALL_LOG', 'android.permission.CALL_PHONE', 'android.permission.ACCESS_NETWORK_STATE', 'android.permission.INTERNET']",
"manifest_perms" : "['android.permission.ACCESS_FINE_LOCATION', 'android.permission.RECEIVE_BOOT_COMPLETED', 'android.permission.SEND_SMS', 'android.permission.RECEIVE_SMS', 'android.permission.READ_CALL_LOG', 'android.permission.SYSTEM_ALERT_WINDOW', 'android.permission.CALL_PHONE', 'android.permission.FOREGROUND_SERVICE', 'com.hiya.hiyaconfig.permission', 'android.permission.WAKE_LOCK', 'com.google.android.providers.gsf.permission.READ_GSERVICES', 'com.android.vending.BILLING', 'android.permission.PROCESS_OUTGOING_CALLS', 'android.permission.ACCESS_NETWORK_STATE', 'android.permission.READ_CONTACTS', 'android.permission.REQUEST_IGNORE_BATTERY_OPTIMIZATIONS', 'com.google.android.c2dm.permission.RECEIVE', 'android.permission.CHANGE_WIFI_STATE', 'android.permission.ANSWER_PHONE_CALLS', 'com.google.android.finsky.permission.BIND_GET_INSTALL_REFERRER_SERVICE', 'android.permission.INTERNET', 'android.permission.READ_PHONE_STATE', 'android.permission.ACCESS_WIFI_STATE', 'android.permission.READ_SMS']",
"perms_with_call" : "['android.permission.ACCESS_COARSE_LOCATION', 'android.permission.ACCESS_FINE_LOCATION', 'android.permission.READ_EXTERNAL_STORAGE', 'android.permission.SEND_SMS', 'android.permission.BROADCAST_STICKY', 'android.permission.CHANGE_NETWORK_STATE', 'android.permission.ACCESS_WIFI_STATE', 'android.permission.WAKE_LOCK', 'android.permission.GET_TASKS', 'android.permission.ACCESS_NETWORK_STATE']" 
"extra_perms" : "['android.permission.REQUEST_IGNORE_BATTERY_OPTIMIZATIONS', 'android.permission.ACCESS_COARSE_LOCATION', 'android.permission.READ_EXTERNAL_STORAGE', 'android.permission.SEND_SMS', 'android.permission.RECEIVE_SMS', 'android.permission.READ_SMS', 'com.hiya.hiyaconfig.permission', 'android.permission.ACCESS_WIFI_STATE', 'android.permission.ANSWER_PHONE_CALLS', 'android.permission.SYSTEM_ALERT_WINDOW', 'android.permission.PROCESS_OUTGOING_CALLS', 'com.android.vending.BILLING']",
}