{
"name" : "G2PLUS No1",
"url" : "https://play.google.com/store/apps/details?id=com.revesoft.mobiledialer.g2_plus_1539768488852_52128",
"package" : "com.revesoft.mobiledialer.g2_plus_1539768488852_52128",
"category" : "Communication",
"description" : "G2PLUS - No1 is a mobile app for Android and other smartphones, offering a range of functionalities like VoIP Calls & SMSs, cross-OS Instant Messaging and much more from data enabled mobile phones (3G/4G or WiFi).  For using this app, end users will need an Operator Code, which they can obtain from a VoIP Service Provider. While Service Providers can use this White Label Platform to offer Mobile VoIP services in their own brand.   Features: VoIP Calls & SMSs via Wifi, 3G / 4G, edge or UMTS. Cross-platform Instant Messaging  an Android user can chat with an iPhone user or a Windows OS user can chat with a BlackBerry user. Offer unlimited mobile chatting and increase stickiness to your brand. Easy Sign Up with Mobile Number as user ID & automatic Buddy List creation with facility to invite phonebook contacts to install the app.  Facility to enable Mobile Top Up.   For Service Providers G2PLUS - No1 is available in all major OS Platforms and you can fully customize & brand it as per your requirements. For a free trial: 1. Visit www.revesoft.com 2. Register for a free Demo, with details of your softswitch(IP, Port) & we will send you a Demo Operator Code for testing the app on your own softswitch.   For End Users You will be prompted for the following while starting the app: 1. Operator Code  Collect Operator Code from your VoIP service provider. If the Service Provider is using REVE platform, he will be able to provide a valid Operator Code.  2. Mobile Number  to be entered with country code. 3. Password  Received via SMS / IVR after entering your mobile number. ",
"desc_perms" : "['android.permission.INTERNET', 'android.permission.ACCESS_NETWORK_STATE', 'android.permission.ACCESS_WIFI_STATE', 'android.permission.WRITE_EXTERNAL_STORAGE']",
"manifest_perms" : "['android.permission.RECEIVE_BOOT_COMPLETED', 'android.permission.CAMERA', 'android.permission.VIBRATE', 'android.permission.BLUETOOTH', 'android.permission.MODIFY_AUDIO_SETTINGS', 'android.permission.AUTHENTICATE_ACCOUNTS', 'android.permission.READ_SYNC_SETTINGS', 'android.permission.WRITE_EXTERNAL_STORAGE', 'android.permission.READ_PROFILE', 'android.permission.ACCESS_WIFI_STATE', 'android.permission.WRITE_SYNC_SETTINGS', 'android.permission.BROADCAST_STICKY', 'android.permission.WAKE_LOCK', 'android.permission.SYSTEM_ALERT_WINDOW', 'android.permission.INTERNET', 'android.permission.RECORD_AUDIO', 'android.permission.BLUETOOTH_ADMIN', 'com.google.android.c2dm.permission.RECEIVE', 'android.permission.READ_CONTACTS', 'android.permission.CALL_PHONE', 'android.permission.READ_PHONE_STATE', 'android.permission.MANAGE_ACCOUNTS', 'com.revesoft.mobiledialer.g2_plus_1539768488852_52128.permission.C2D_MESSAGE', 'android.permission.DISABLE_KEYGUARD', 'android.permission.ACCESS_NETWORK_STATE', 'android.permission.GET_ACCOUNTS', 'android.permission.WRITE_CONTACTS', 'android.permission.READ_EXTERNAL_STORAGE']",
"perms_with_call" : "['android.permission.READ_EXTERNAL_STORAGE', 'android.permission.READ_PHONE_STATE', 'android.permission.ACCESS_WIFI_STATE', 'android.permission.SEND_SMS', 'android.permission.DISABLE_KEYGUARD', 'android.permission.ACCESS_COARSE_LOCATION', 'android.permission.BLUETOOTH', 'android.permission.ACCESS_NETWORK_STATE', 'android.permission.MODIFY_AUDIO_SETTINGS', 'android.permission.GET_TASKS', 'android.permission.BROADCAST_STICKY', 'android.permission.WAKE_LOCK', 'android.permission.ACCESS_FINE_LOCATION']" 
"extra_perms" : "['android.permission.CAMERA', 'android.permission.READ_PHONE_STATE', 'android.permission.CALL_PHONE', 'android.permission.SEND_SMS', 'android.permission.RECORD_AUDIO', 'android.permission.DISABLE_KEYGUARD', 'android.permission.ACCESS_COARSE_LOCATION', 'android.permission.MODIFY_AUDIO_SETTINGS', 'android.permission.READ_CONTACTS', 'android.permission.GET_ACCOUNTS', 'android.permission.WRITE_CONTACTS', 'android.permission.READ_EXTERNAL_STORAGE', 'android.permission.SYSTEM_ALERT_WINDOW', 'android.permission.ACCESS_FINE_LOCATION']",
}