{
"name" : "Voico UAE",
"url" : "https://play.google.com/store/apps/details?id=com.voico.uae",
"package" : "com.voico.uae",
"category" : "Communication",
"description" : "Voico UAE offers video and audio calls for users in UAE, India, Egypt, Pakistan, Saudi Arabia, Oman, Qatar, Jordan, Kuwait, USA, Canada, China and many more. A great way to connect with family and friends or for business meetings! Using Voico UAE, you can communicate instantly while avoiding SMS fees, create groups so that you can chat with many friends at once, share media/files and stay connected with secure group conversations.  Why use Voico UAE: - Unblocked High-Quality Video / Audio calls. - Messages and calls are secured with end-to-end encryption. - Share Text Messages, Photos and videos Messages, documents (pdf, doc, xls, etc.) and Locations. - Share your Screen. During a voice call, show anything on your phone or PC to your friends. Start Sharing Now! - Share funny GIFs, reaction GIFs, animated stickers and more. - Chat with many friends at once. Stay connected with secure group conversations. When enabled, Messages sent and received will disappear after they have been seen. - Simply register by using your existing phone number. No need to manage separate logins, usernames, passwords, or PINs  Download Voico UAE app. The #1 free international calling app to make high-quality audio and video calls worldwide. All you need to get started is 2G, 3G, 4G or Wi-Fi connection.  *Data charges may apply. Contact your provider for details. --------------------------------------------------------------------- For any feedback, questions or concerns, please email us at: support@voico.ae ",
"desc_perms" : "['android.permission.READ_CONTACTS', 'android.permission.WRITE_EXTERNAL_STORAGE', 'android.permission.READ_EXTERNAL_STORAGE', 'android.permission.READ_PHONE_STATE', 'android.permission.ACCESS_WIFI_STATE', 'android.permission.RECORD_AUDIO', 'android.permission.GET_ACCOUNTS', 'android.permission.CAMERA', 'android.permission.CALL_PHONE', 'android.permission.ACCESS_NETWORK_STATE', 'android.permission.INTERNET']",
"manifest_perms" : "['android.permission.WRITE_EXTERNAL_STORAGE', 'android.permission.ACCESS_COARSE_LOCATION', 'android.permission.ACCESS_FINE_LOCATION', 'android.permission.RECEIVE_BOOT_COMPLETED', 'android.permission.READ_APP_BADGE', 'android.permission.BROADCAST_STICKY', 'com.android.launcher.permission.INSTALL_SHORTCUT', 'android.permission.CHANGE_NETWORK_STATE', 'com.sonyericsson.home.permission.BROADCAST_BADGE', 'android.permission.RECORD_AUDIO', 'android.permission.GET_ACCOUNTS', 'me.everything.badger.permission.BADGE_COUNT_WRITE', 'android.permission.INSTALL_SHORTCUT', 'android.permission.WRITE_PROFILE', 'android.permission.WRITE_CONTACTS', 'android.permission.READ_CALENDAR', 'android.permission.READ_CALL_STATE', 'com.anddoes.launcher.permission.UPDATE_COUNT', 'android.permission.FOREGROUND_SERVICE', 'android.permission.SET_WALLPAPER', 'android.permission.WAKE_LOCK', 'com.sonymobile.home.permission.PROVIDER_INSERT_BADGE', 'android.permission.MODIFY_AUDIO_SETTINGS', 'android.permission.AUTHENTICATE_ACCOUNTS', 'com.majeur.launcher.permission.UPDATE_BADGE', 'com.voico.uae.ACCESS_SECRETS', 'android.permission.USE_CREDENTIALS', 'android.permission.ACCESS_NETWORK_STATE', 'com.android.vending.BILLING', 'android.permission.READ_CONTACTS', 'android.permission.READ_EXTERNAL_STORAGE', 'me.everything.badger.permission.BADGE_COUNT_READ', 'com.google.android.c2dm.permission.RECEIVE', 'android.permission.USE_FINGERPRINT', 'com.sec.android.provider.badge.permission.WRITE', 'android.permission.CHANGE_WIFI_STATE', 'android.permission.RAISED_THREAD_PRIORITY', 'android.permission.CAMERA', 'android.permission.DISABLE_KEYGUARD', 'com.google.android.finsky.permission.BIND_GET_INSTALL_REFERRER_SERVICE', 'com.htc.launcher.permission.READ_SETTINGS', 'android.permission.INTERNET', 'android.permission.BLUETOOTH', 'com.oppo.launcher.permission.WRITE_SETTINGS', 'android.permission.WRITE_CALENDAR', 'com.htc.launcher.permission.UPDATE_SHORTCUT', 'android.permission.READ_PHONE_STATE', 'com.oppo.launcher.permission.READ_SETTINGS', 'android.permission.READ_SYNC_SETTINGS', 'android.permission.ACCESS_WIFI_STATE', 'android.permission.USE_FULL_SCREEN_INTENT', 'com.huawei.android.launcher.permission.READ_SETTINGS', 'com.huawei.android.launcher.permission.WRITE_SETTINGS', 'android.permission.WRITE_SYNC_SETTINGS', 'com.huawei.android.launcher.permission.CHANGE_BADGE', 'android.permission.VIBRATE', 'android.permission.READ_PROFILE', 'com.sec.android.provider.badge.permission.READ']",
"perms_with_call" : "['android.permission.ACCESS_COARSE_LOCATION', 'android.permission.ACCESS_FINE_LOCATION', 'android.permission.READ_EXTERNAL_STORAGE', 'android.permission.SEND_SMS', 'android.permission.BROADCAST_STICKY', 'android.permission.READ_PHONE_STATE', 'android.permission.RECEIVE_MMS', 'android.permission.CHANGE_NETWORK_STATE', 'android.permission.ACCESS_WIFI_STATE', 'android.permission.WAKE_LOCK', 'android.permission.USE_FINGERPRINT', 'android.permission.CHANGE_WIFI_STATE', 'android.permission.MODIFY_AUDIO_SETTINGS', 'android.permission.GET_TASKS', 'android.permission.ACCESS_NETWORK_STATE', 'android.permission.BLUETOOTH']" 
"extra_perms" : "['android.permission.ACCESS_COARSE_LOCATION', 'android.permission.ACCESS_FINE_LOCATION', 'android.permission.SEND_SMS', 'android.permission.RAISED_THREAD_PRIORITY', 'android.permission.INSTALL_SHORTCUT', 'android.permission.DISABLE_KEYGUARD', 'android.permission.WRITE_PROFILE', 'android.permission.WRITE_CONTACTS', 'android.permission.READ_CALENDAR', 'android.permission.READ_CALL_STATE', 'android.permission.WRITE_CALENDAR', 'android.permission.RECEIVE_MMS', 'android.permission.USE_FULL_SCREEN_INTENT', 'android.permission.MODIFY_AUDIO_SETTINGS', 'com.voico.uae.ACCESS_SECRETS', 'com.android.vending.BILLING']",
}