{
"name" : "IPVideoTalk",
"url" : "https://play.google.com/store/apps/details?id=com.grandstream.xmeeting",
"package" : "com.grandstream.xmeeting",
"category" : "Communication",
"description" : "IPVT Features 1.Join any IPVideoTalk meeting, anytime, anywhere 2.Participate in meetings and video conferences, view the presenters screen, and brainstorm with your team while on-the-go 3.HD voice and video quality ensure productive meetings 4.Screen sharing with any mobile device for enhanced collaboration options 5.See the full list of meeting participants to see who else is in the meeting 6.Join the chat (full access to both public and private meeting chats)  Full Description Join any IPVideoTalk meeting at anytime from anywhere using any Android device with the IPVideoTalk app. This free app links seamlessly with any IPVideoTalk meeting and allows users to easily join meetings in a few simple steps. The IPVideoTalk app extends vital meeting features to any Android device to allow you to participate in the meeting and be productive while on-the-go: participate in any meeting or video conference, take advantage of HD video and audio for crystal-clear meetings, view the presenters screen, brainstorm with your team, share your mobile devices screen with the conference, and much more. There is no purchase necessary to join an IPVideoTalk meeting with the IPVideoTalk app. To host a meeting with IPVideoTalk, you need an active subscription. Go to ipvideotalk.com for full information. ",
"desc_perms" : "['android.permission.CAMERA', 'android.permission.INTERNET', 'android.permission.RECORD_AUDIO', 'android.permission.ACCESS_NETWORK_STATE', 'android.permission.READ_EXTERNAL_STORAGE', 'android.permission.WRITE_EXTERNAL_STORAGE', 'android.permission.ACCESS_WIFI_STATE']",
"manifest_perms" : "['android.permission.INTERNET', 'android.permission.ACCESS_NETWORK_STATE', 'android.permission.SYSTEM_ALERT_WINDOW', 'android.permission.FLASHLIGHT', 'android.permission.WRITE_EXTERNAL_STORAGE', 'android.permission.CHANGE_NETWORK_STATE', 'android.permission.ACCESS_WIFI_STATE', 'android.permission.CALL_PHONE', 'android.permission.BLUETOOTH', 'android.permission.BROADCAST_STICKY', 'android.permission.CAMERA', 'android.permission.RECORD_AUDIO', 'android.permission.GET_TASKS', 'android.permission.FOREGROUND_SERVICE', 'android.permission.CHANGE_CONFIGURATION', 'android.permission.MODIFY_AUDIO_SETTINGS', 'android.permission.READ_PHONE_STATE', 'android.permission.KILL_BACKGROUND_PROCESSES', 'android.permission.BLUETOOTH_ADMIN', 'android.permission.VIBRATE', 'android.permission.WAKE_LOCK', 'android.permission.RECEIVE_BOOT_COMPLETED']",
"perms_with_call" : "['android.permission.USE_FINGERPRINT', 'android.permission.ACCESS_COARSE_LOCATION', 'android.permission.MODIFY_AUDIO_SETTINGS', 'android.permission.ACCESS_FINE_LOCATION', 'android.permission.READ_PHONE_STATE', 'android.permission.ACCESS_NETWORK_STATE', 'android.permission.GET_TASKS', 'android.permission.BLUETOOTH', 'android.permission.BROADCAST_STICKY', 'android.permission.WAKE_LOCK', 'android.permission.ACCESS_WIFI_STATE']" 
"extra_perms" : "['android.permission.CHANGE_CONFIGURATION', 'android.permission.ACCESS_COARSE_LOCATION', 'android.permission.MODIFY_AUDIO_SETTINGS', 'android.permission.READ_PHONE_STATE', 'android.permission.ACCESS_FINE_LOCATION', 'android.permission.KILL_BACKGROUND_PROCESSES', 'android.permission.SYSTEM_ALERT_WINDOW', 'android.permission.CALL_PHONE']",
}