{
"name" : "Messaging SMS",
"url" : "https://play.google.com/store/apps/details?id=com.banana.studio.sms",
"package" : "com.banana.studio.sms",
"category" : "Communication",
"description" : "Messaging - SMS Messages SMS A best application for your messaging, SMS, MMS  The application has full functions such as messaging applications of the system, in addition, the application also offers many additional functions such as sending messages with emoticon, MMS ... The high security mode, support various features that the default application of the system is no Application supports for all devices, including devices with OS 4.4 or higher Youthful design style, you can also change the background color to suit your interests Most phone manufacturers build their own messaging apps with brand specific user interfaces. The Nexus 5 has also removed Messaging and now includes Google Hangouts instead. Installing this app allows all Android 4.1+ owners to use the classic SMS/MMS app from Google. Note: If you disable the default messaging app that comes with your phone in System -> Apps no other SMS messaging apps will work. You need to leave the messaging app that came with your phone installed and active for other messaging apps to work or you will experience errors sending and receiving messages. You will love and dont want to change after the first time you use ",
"desc_perms" : "['android.permission.READ_EXTERNAL_STORAGE', 'android.permission.WRITE_EXTERNAL_STORAGE', 'android.permission.SEND_SMS', 'android.permission.ACCESS_NETWORK_STATE', 'android.permission.INTERNET', 'android.permission.ACCESS_WIFI_STATE', 'android.permission.READ_PHONE_STATE']",
"manifest_perms" : "['android.permission.BROADCAST_STICKY', 'android.permission.FOREGROUND_SERVICE', 'com.huawei.android.launcher.permission.CHANGE_BADGE', 'android.permission.WRITE_SYNC_SETTINGS', 'android.permission.WRITE_SMS', 'android.permission.READ_SYNC_SETTINGS', 'android.permission.ACCESS_FINE_LOCATION', 'android.permission.USE_CREDENTIALS', 'android.permission.BLUETOOTH', 'android.permission.RECEIVE_BOOT_COMPLETED', 'android.permission.MODIFY_AUDIO_SETTINGS', 'com.oppo.launcher.permission.WRITE_SETTINGS', 'android.permission.READ_PROFILE', 'com.htc.launcher.permission.UPDATE_SHORTCUT', 'android.permission.WRITE_EXTERNAL_STORAGE', 'android.permission.WRITE_CONTACTS', 'com.majeur.launcher.permission.UPDATE_BADGE', 'com.huawei.android.launcher.permission.READ_SETTINGS', 'android.permission.SET_WALLPAPER', 'android.permission.RAISED_THREAD_PRIORITY', 'com.anddoes.launcher.permission.UPDATE_COUNT', 'android.permission.READ_CALL_STATE', 'android.permission.USE_FINGERPRINT', 'android.permission.RECEIVE_MMS', 'android.permission.WRITE_CALENDAR', 'com.sonyericsson.home.permission.BROADCAST_BADGE', 'android.permission.VIBRATE', 'android.permission.ACCESS_WIFI_STATE', 'android.permission.READ_CALENDAR', 'com.google.android.c2dm.permission.RECEIVE', 'me.everything.badger.permission.BADGE_COUNT_READ', 'android.permission.CALL_PHONE', 'com.android.launcher.permission.INSTALL_SHORTCUT', 'com.huawei.android.launcher.permission.WRITE_SETTINGS', 'android.permission.AUTHENTICATE_ACCOUNTS', 'android.permission.WAKE_LOCK', 'android.permission.GET_ACCOUNTS', 'com.sonymobile.home.permission.PROVIDER_INSERT_BADGE', 'android.permission.DISABLE_KEYGUARD', 'android.permission.CAMERA', 'android.permission.INTERNET', 'android.permission.CHANGE_WIFI_STATE', 'android.permission.READ_PHONE_STATE', 'android.permission.REQUEST_IGNORE_BATTERY_OPTIMIZATIONS', 'com.sec.android.provider.badge.permission.READ', 'android.permission.WRITE_PROFILE', 'android.permission.READ_APP_BADGE', 'com.sec.android.provider.badge.permission.WRITE', 'android.permission.READ_CONTACTS', 'android.permission.READ_SMS', 'android.permission.CHANGE_NETWORK_STATE', 'android.permission.ACCESS_COARSE_LOCATION', 'android.permission.READ_EXTERNAL_STORAGE', 'com.htc.launcher.permission.READ_SETTINGS', 'org.thoughtcrime.securesms.ACCESS_SECRETS', 'me.everything.badger.permission.BADGE_COUNT_WRITE', 'android.permission.SEND_SMS', 'android.permission.ACCESS_NETWORK_STATE', 'android.permission.INSTALL_SHORTCUT', 'com.oppo.launcher.permission.READ_SETTINGS', 'android.permission.RECEIVE_SMS', 'android.permission.BROADCAST_WAP_PUSH']",
"perms_with_call" : "['android.permission.BROADCAST_STICKY', 'android.permission.READ_EXTERNAL_STORAGE', 'android.permission.CHANGE_NETWORK_STATE', 'android.permission.ACCESS_COARSE_LOCATION', 'android.permission.ACCESS_FINE_LOCATION', 'android.permission.GET_TASKS', 'android.permission.WAKE_LOCK', 'android.permission.BLUETOOTH', 'android.permission.SEND_SMS', 'android.permission.MODIFY_AUDIO_SETTINGS', 'android.permission.USE_FINGERPRINT', 'android.permission.ACCESS_NETWORK_STATE', 'android.permission.RECEIVE_MMS', 'android.permission.ACCESS_WIFI_STATE', 'android.permission.READ_PHONE_STATE']" 
"extra_perms" : "['android.permission.CALL_PHONE', 'android.permission.WRITE_SMS', 'android.permission.ACCESS_FINE_LOCATION', 'android.permission.GET_ACCOUNTS', 'android.permission.MODIFY_AUDIO_SETTINGS', 'android.permission.DISABLE_KEYGUARD', 'android.permission.CAMERA', 'android.permission.REQUEST_IGNORE_BATTERY_OPTIMIZATIONS', 'android.permission.WRITE_PROFILE', 'android.permission.READ_CONTACTS', 'android.permission.READ_SMS', 'android.permission.INSTALL_SHORTCUT', 'android.permission.ACCESS_COARSE_LOCATION', 'android.permission.WRITE_CONTACTS', 'org.thoughtcrime.securesms.ACCESS_SECRETS', 'android.permission.RAISED_THREAD_PRIORITY', 'android.permission.READ_CALL_STATE', 'android.permission.RECEIVE_MMS', 'android.permission.WRITE_CALENDAR', 'android.permission.RECEIVE_SMS', 'android.permission.BROADCAST_WAP_PUSH', 'android.permission.READ_CALENDAR']",
}