{
"name" : "mini Vector",
"url" : "https://play.google.com/store/apps/details?id=com.lavadip.miniVector",
"package" : "com.lavadip.miniVector",
"category" : "Communication",
"description" : "This is a Minimalistic client for Matrix with fewer permissions and features  It is a fork of the open-source Riot.im Android client. Source code : https://github.com/LiMium/mini-vector-android  This fork just trims away the following features and dependencies:  * Jitsi integration (for audio / video conference) * React native libraries * Application Icon badger * Analytics  Consequently, the app is smaller and needs fewer permissions. The major missing feature is video conferencing via Jitsi meet.  Branding from Riot.im app has been removed so as to: * reduce confusion for the user * avoid trademark conflict ",
"desc_perms" : "['android.permission.ACCESS_NETWORK_STATE', 'android.permission.INTERNET']",
"manifest_perms" : "['android.permission.WAKE_LOCK', 'android.permission.WRITE_EXTERNAL_STORAGE', 'android.permission.REQUEST_IGNORE_BATTERY_OPTIMIZATIONS', 'android.permission.READ_LOGS', 'android.permission.INTERNET', 'android.permission.RECEIVE_BOOT_COMPLETED', 'android.permission.READ_CONTACTS', 'com.google.android.c2dm.permission.RECEIVE', 'android.permission.ACCESS_NETWORK_STATE', 'android.permission.READ_EXTERNAL_STORAGE', 'android.permission.CAMERA', 'android.permission.FOREGROUND_SERVICE', 'android.permission.VIBRATE', 'android.permission.MANAGE_DOCUMENTS']",
"perms_with_call" : "['android.permission.WAKE_LOCK', 'android.permission.GET_TASKS', 'android.permission.USE_FINGERPRINT', 'android.permission.ACCESS_WIFI_STATE', 'android.permission.ACCESS_COARSE_LOCATION', 'android.permission.BLUETOOTH', 'android.permission.REORDER_TASKS', 'android.permission.CHANGE_NETWORK_STATE', 'android.permission.MODIFY_AUDIO_SETTINGS', 'android.permission.ACCESS_NETWORK_STATE', 'android.permission.BROADCAST_STICKY', 'android.permission.ACCESS_FINE_LOCATION']" 
"extra_perms" : "['android.permission.WRITE_EXTERNAL_STORAGE', 'android.permission.REQUEST_IGNORE_BATTERY_OPTIMIZATIONS', 'android.permission.READ_LOGS', 'android.permission.ACCESS_WIFI_STATE', 'android.permission.ACCESS_COARSE_LOCATION', 'android.permission.READ_CONTACTS', 'android.permission.REORDER_TASKS', 'android.permission.READ_EXTERNAL_STORAGE', 'android.permission.CAMERA', 'android.permission.MODIFY_AUDIO_SETTINGS', 'android.permission.ACCESS_FINE_LOCATION', 'android.permission.MANAGE_DOCUMENTS']",
}