{
"name" : "Textra Emoji - Android Blob Style",
"url" : "https://play.google.com/store/apps/details?id=com.textra.emojis.android",
"package" : "com.textra.emojis.android",
"category" : "Communication",
"description" : "This is an *add-on* to the Textra SMS application that utilizes the latest Android Blob styled emojis.   Provides 2400+ of the latest (Unicode 9) emojis including diversity (skin tone) on any Android phone.  You access the Android Blob emoji using the + icon to the left of the message field in the conversation. Long hold on a human skin emoji (for example a hand gesture) to see diversity (skin tone color) options.  IMPORTANT: These Android Blob emoji are ONLY available in Textra and not system wide (e.g. keyboard app).   Licensed under Apache 2.0 @ https://github.com/googlei18n/noto-emoji/blob/master/LICENSE ",
"desc_perms" : "['android.permission.READ_EXTERNAL_STORAGE']",
"manifest_perms" : "[]",
"perms_with_call" : "[]" 
"extra_perms" : "[]",
}