{
"name" : "mytello - cheap international calls",
"url" : "https://play.google.com/store/apps/details?id=com.mytello.dialup",
"package" : "com.mytello.dialup",
"category" : "Communication",
"description" : "Make cheap international calls from your mobile. No contract, crystal clear sound and your first call is free. Top-up by PayPal/card, pay per minute and save up to 90% on every call. Your credit never expires.  *** Start your free call now ***  mytello connects over 150,000 people every month, cheaply. Theres no contract, just a low rate per minute to call any number in 227 countries. You dont need an internet connection to make a call and the person your calling doesnt need our app. Even better: your credit never expires, theres live-chat customer support, and we guarantee great call quality or your money back.  How mytello works:  1. Download the app 2. Enter a number and make your free call 3. Top-up and stay in touch for less!  mytello - the new way to make cheap international calls.  www.mytello.com facebook.com/mytellocom ",
"desc_perms" : "['android.permission.CALL_PHONE', 'android.permission.WRITE_EXTERNAL_STORAGE', 'android.permission.GET_ACCOUNTS', 'android.permission.INTERNET', 'android.permission.READ_CONTACTS', 'android.permission.ACCESS_WIFI_STATE', 'android.permission.ACCESS_NETWORK_STATE', 'android.permission.READ_PHONE_STATE', 'android.permission.MODIFY_AUDIO_SETTINGS']",
"manifest_perms" : "['android.permission.CALL_PHONE', 'android.permission.RECORD_AUDIO', 'android.permission.WRITE_EXTERNAL_STORAGE', 'com.google.android.finsky.permission.BIND_GET_INSTALL_REFERRER_SERVICE', 'android.permission.INTERNET', 'android.permission.READ_CONTACTS', 'android.permission.ACCESS_WIFI_STATE', 'com.google.android.c2dm.permission.RECEIVE', 'android.permission.MODIFY_AUDIO_SETTINGS', 'android.permission.ACCESS_NETWORK_STATE', 'android.permission.READ_PHONE_STATE', 'android.permission.FOREGROUND_SERVICE', 'android.permission.WAKE_LOCK']",
"perms_with_call" : "['android.permission.WAKE_LOCK', 'android.permission.BROADCAST_STICKY', 'android.permission.GET_TASKS', 'android.permission.ACCESS_WIFI_STATE', 'android.permission.ACCESS_COARSE_LOCATION', 'android.permission.BLUETOOTH', 'android.permission.CHANGE_NETWORK_STATE', 'android.permission.ACCESS_NETWORK_STATE', 'android.permission.MODIFY_AUDIO_SETTINGS', 'android.permission.ACCESS_FINE_LOCATION']" 
"extra_perms" : "['android.permission.ACCESS_COARSE_LOCATION', 'android.permission.RECORD_AUDIO', 'android.permission.ACCESS_FINE_LOCATION']",
}