{
"name" : "Phoenix Browser -Video Download, Private & Fast",
"url" : "https://play.google.com/store/apps/details?id=com.transsion.phoenix",
"package" : "com.transsion.phoenix",
"category" : "Communication",
"description" : "Phoenix Browser is the best free web browser for Android devices with quick Video Downloading, WhatsApp Status Saver plugin, Incognito Browsing, and Data Saving. With the help of its video detect function, Phoenix Browser makes various online videos downloadable. But it is amazingly of ONLY 7MB!  Fast Browsing and Downloads: Access websites, download multiple files (videos, audio, documents and more) with the speed of light. Download online videos easily from lots of websites. Videos on FacebookInstagram and xxx websites and etc  Smart Video Downloader and Video Player: Automatically detects videos from any website for you to download in one click. Optimized video player for the best watching experience.  WhatsApp Status Saver plugin: Save your friends whatsapp status easily and safely.  Powerful File Manager: Access all your files on your mobile storage, preview images, videos, documents (Word,Excel, PDF), and clean junk files from your device.  Ad Block: Block annoying adverts and popups, save time and increase loading speed.  Data Saver: Stream movies, download files, browse more with less data on any website.  Features: Super Downloader Phoenix Browser can automatically detect downloadable videos with the smart detection function while you browse the web, which allows you to download and save online videos from almost every website. You can also download through BitTorrent and Magnet. With a download icon in the website, Phoenix Browser will inform the user whether there are online videos that the user can download or not. Its very simple to download videos by using the smart download function. (!!!Download on YouTube is not available due to the policy of Google!!!)  Powerful File Manager Easily WhatsApp status saving and powerful file manager. Support more than 50 file formats, such as word, excel, ppt, pdf, etc.   Incognito Browsing Incognito tab makes your browsing experience perfectly private without leaving any history, cookies, cache, etc.   Ad Block Ad Block blocks various forms of annoying ads, pop-ups and banners to make your browsing comfortable. It not only speeds up the page loading speed but also reduces Internet data usage.  Bookmarks/History Bookmarks help save your favorite websites and provide quick navigation for revisiting later on. History list helps with recollection. Both will save you time looking for your favorite websites.  Data Saving Phoenix Browser could compress data, speed up navigation and help you save a lot of cellular data traffic.   Add To Shortcut Add your favorite websites like Facebook, Twitter, Instagram, YouTube, Amazon, Wikipedia, etc., for quick access.  Speed Dial Recommended popular websites for quick access. You can customize the list to your liking.  Built-in Video Player The built-in video player provides a one-stop service from video downloading to video playing. You can watch videos directly without exiting the app.  Search Engines Switch search engines according to your preference. We support Google, Yahoo, Ask, Yandex, AOL, DuckDuckGo and Bing.  Multi-Tab Manager Easy switching of pages from multiple websites. Using multi-tab manager will make your browsing experience smoother.  No Image Mode No Image Mode disables image and video loading to save data on a poor network connection.  Night/Bright Mode Night Mode protects your eyes when browsing in darkness. Bright mode prevents the screen from going dark.  Switch to PC Website Support cross-device browsing, i.e. from mobile to PC browser mode.  Sync Import and sync your history and bookmarks via a Google account or Facebook account.   Find in Page/Translate Search to find whatever you need in website pages, and translation function is supported.  Facebook Fan Page https://www.facebook.com/PhoenixBrowser/ Twitter Fan Page https://twitter.com/PHXbrowser ",
"desc_perms" : "['android.permission.WRITE_EXTERNAL_STORAGE', 'android.permission.ACCESS_WIFI_STATE', 'android.permission.RECORD_AUDIO', 'android.permission.CAMERA', 'android.permission.ACCESS_NETWORK_STATE', 'android.permission.INTERNET']",
"manifest_perms" : "['android.permission.WRITE_EXTERNAL_STORAGE', 'android.permission.ACCESS_COARSE_LOCATION', 'android.permission.ACCESS_FINE_LOCATION', 'android.permission.RECEIVE_BOOT_COMPLETED', 'android.permission.REQUEST_INSTALL_PACKAGES', 'com.android.launcher.permission.INSTALL_SHORTCUT', 'android.permission.EXPAND_STATUS_BAR', 'com.android.alarm.permission.SET_ALARM', 'android.permission.CHANGE_NETWORK_STATE', 'com.google.android.apps.nexuslauncher.permission.READ_SETTINGS', 'android.permission.REORDER_TASKS', 'android.permission.SYSTEM_ALERT_WINDOW', 'android.permission.GET_ACCOUNTS', 'android.permission.CALL_PHONE', 'android.permission.READ_CALENDAR', 'android.permission.WRITE_SETTINGS', 'com.android.launcher.permission.UNINSTALL_SHORTCUT', 'android.permission.FOREGROUND_SERVICE', 'android.permission.SET_WALLPAPER', 'com.transsion.phoenix.broadcast', 'android.permission.WAKE_LOCK', 'com.tencent.tmsecurelite.permission.ACCESS_SERVICE', 'android.permission.READ_SYNC_STATS', 'android.permission.MODIFY_AUDIO_SETTINGS', 'android.permission.AUTHENTICATE_ACCOUNTS', 'com.android.ContactWidget.permission.READ_SETTINGS', 'android.permission.ACCESS_NETWORK_STATE', 'com.transsion.phoenix.permission.C2D_MESSAGE', 'android.permission.READ_EXTERNAL_STORAGE', 'com.google.android.c2dm.permission.RECEIVE', 'android.permission.CHANGE_WIFI_STATE', 'com.android.launcher.permission.WRITE_SETTINGS', 'com.google.android.launcher.permission.READ_SETTINGS', 'com.teslacoilsw.launcher.permission.READ_SETTINGS', 'android.permission.CAMERA', 'com.google.android.finsky.permission.BIND_GET_INSTALL_REFERRER_SERVICE', 'android.permission.INTERNET', 'android.permission.BLUETOOTH', 'android.permission.WRITE_CALENDAR', 'com.android.launcher.permission.READ_SETTINGS', 'com.android.ContactWidget.permission.WRITE_SETTINGS', 'com.android.launcher3.permission.READ_SETTINGS', 'android.permission.ACCESS_WIFI_STATE', 'com.google.android.apps.nexuslauncher.permission.WRITE_SETTINGS', 'android.permission.READ_SYNC_SETTINGS', 'android.permission.WRITE_SYNC_SETTINGS', 'com.android.launcher3.permission.WRITE_SETTINGS', 'com.teslacoilsw.launcher.permission.WRITE_SETTINGS', 'android.permission.VIBRATE', 'com.google.android.launcher.permission.WRITE_SETTINGS']",
"perms_with_call" : "['android.permission.ACCESS_COARSE_LOCATION', 'android.permission.ACCESS_FINE_LOCATION', 'android.permission.BROADCAST_STICKY', 'android.permission.ACCESS_WIFI_STATE', 'android.permission.WAKE_LOCK', 'android.permission.REORDER_TASKS', 'android.permission.SET_WALLPAPER', 'android.permission.GET_TASKS', 'android.permission.ACCESS_NETWORK_STATE', 'android.permission.BLUETOOTH']" 
"extra_perms" : "['android.permission.ACCESS_COARSE_LOCATION', 'android.permission.ACCESS_FINE_LOCATION', 'android.permission.READ_EXTERNAL_STORAGE', 'android.permission.EXPAND_STATUS_BAR', 'com.google.android.apps.nexuslauncher.permission.READ_SETTINGS', 'android.permission.REORDER_TASKS', 'com.android.launcher.permission.WRITE_SETTINGS', 'com.google.android.launcher.permission.READ_SETTINGS', 'android.permission.SYSTEM_ALERT_WINDOW', 'android.permission.GET_ACCOUNTS', 'com.teslacoilsw.launcher.permission.READ_SETTINGS', 'android.permission.CALL_PHONE', 'android.permission.READ_CALENDAR', 'android.permission.WRITE_CALENDAR', 'com.android.launcher.permission.READ_SETTINGS', 'com.android.ContactWidget.permission.WRITE_SETTINGS', 'com.android.launcher3.permission.READ_SETTINGS', 'com.google.android.apps.nexuslauncher.permission.WRITE_SETTINGS', 'com.transsion.phoenix.broadcast', 'com.tencent.tmsecurelite.permission.ACCESS_SERVICE', 'android.permission.MODIFY_AUDIO_SETTINGS', 'com.android.launcher3.permission.WRITE_SETTINGS', 'com.android.ContactWidget.permission.READ_SETTINGS', 'com.teslacoilsw.launcher.permission.WRITE_SETTINGS', 'com.google.android.launcher.permission.WRITE_SETTINGS']",
}