{
"name" : "COLLABORATE® Space",
"url" : "https://play.google.com/store/apps/details?id=com.clearone.spontania",
"package" : "com.clearone.spontania",
"category" : "Communication",
"description" : "COLLABORATE Space is a cloud video collaboration app that connects hundreds of users joining from any device, anytime, and anywhere for messaging, calling, and meetings. It provides persistent space to store messages, documents, whiteboards, recordings, and other data exchanged during calls and meetings. Users can create channels organized by topic and invite team members to join and collaborate.   This app can be used to extend your COLLABORATE Space desktop experience while you receive video, documents, and applications in real time. Join any meeting from anywhere over any type of network (3G, 4G or WiFi) with professional quality.   Download COLLABORATE Space Mobile for free and bring remote collaboration to a new level of productivity.   COLLABORATE Space Mobile empowers you with the best collaboration tools:   Messaging that remains persistent and accessible through any device (1:1 and Group/Channel)  Calling (audio/video)  Meeting (now/scheduled)  SIP/H.323 interoperability  Whiteboard  Annotation over presentation  Screen/document/application sharing  File transfer  Recording  Topic-based channels (public/private)  Requirements:  Android 4.2 or later  Processor: ArmV7 (or similar architecture) or higher.    Frequently Asked Questions (FAQ):  Q. Is COLLABORATE Space an upgrade to Spontania? A. COLLABORATE Space is entirely a new app; not an upgrade to Spontania.  Q. How is COLLABORATE Space different from Spontania? A. COLLABORATE Space includes persistent space to store data exchanged on a topic, users can create topic-based channels, COLLABORATE Space Mobile includes features such as messaging, whiteboarding, annotation, and additional tools such as meeting minutes.   For more information about COLLABORATE Space Mobile, please contact us at space.support@clearone.com ",
"desc_perms" : "['android.permission.CALL_PHONE', 'android.permission.ACCESS_NETWORK_STATE', 'android.permission.CAMERA', 'android.permission.INTERNET', 'android.permission.ACCESS_WIFI_STATE', 'android.permission.READ_PHONE_STATE']",
"manifest_perms" : "['android.permission.FOREGROUND_SERVICE', 'android.permission.WRITE_SYNC_SETTINGS', 'android.permission.READ_SYNC_SETTINGS', 'android.permission.BLUETOOTH', 'android.permission.RECEIVE_BOOT_COMPLETED', 'android.permission.MODIFY_AUDIO_SETTINGS', 'com.google.android.finsky.permission.BIND_GET_INSTALL_REFERRER_SERVICE', 'android.permission.READ_PROFILE', 'android.permission.MANAGE_OWN_CALLS', 'android.permission.WRITE_EXTERNAL_STORAGE', 'android.permission.WRITE_CONTACTS', 'android.permission.RECORD_AUDIO', 'android.permission.ACCESS_WIFI_STATE', 'com.google.android.c2dm.permission.RECEIVE', 'android.permission.AUTHENTICATE_ACCOUNTS', 'android.permission.WAKE_LOCK', 'android.permission.GET_ACCOUNTS', 'android.permission.CAMERA', 'android.permission.INTERNET', 'android.permission.CHANGE_WIFI_STATE', 'android.permission.READ_PHONE_STATE', 'android.permission.READ_CONTACTS', 'android.permission.MANAGE_ACCOUNTS', 'android.permission.READ_EXTERNAL_STORAGE', 'android.permission.ACCESS_NETWORK_STATE', 'android.permission.SYSTEM_ALERT_WINDOW']",
"perms_with_call" : "['android.permission.BROADCAST_STICKY', 'android.permission.ACCESS_COARSE_LOCATION', 'android.permission.ACCESS_FINE_LOCATION', 'android.permission.GET_TASKS', 'android.permission.BLUETOOTH', 'android.permission.WAKE_LOCK', 'android.permission.MODIFY_AUDIO_SETTINGS', 'android.permission.USE_FINGERPRINT', 'android.permission.ACCESS_NETWORK_STATE', 'android.permission.READ_PHONE_STATE']" 
"extra_perms" : "['android.permission.READ_EXTERNAL_STORAGE', 'android.permission.READ_CONTACTS', 'android.permission.ACCESS_COARSE_LOCATION', 'android.permission.WRITE_EXTERNAL_STORAGE', 'android.permission.WRITE_CONTACTS', 'android.permission.ACCESS_FINE_LOCATION', 'android.permission.RECORD_AUDIO', 'android.permission.GET_ACCOUNTS', 'android.permission.MODIFY_AUDIO_SETTINGS', 'android.permission.MANAGE_OWN_CALLS', 'android.permission.SYSTEM_ALERT_WINDOW']",
}