{
"name" : "Email for Outlook & Hotmail: Fast, Easy & Secure",
"url" : "https://play.google.com/store/apps/details?id=com.emailclient.mailchecker.outlook.hotmail",
"package" : "com.emailclient.mailchecker.outlook.hotmail",
"category" : "Communication",
"description" : "This is the fastest email, mail checker app, optimized only for Outlook, Hotmail & Microsoft mail. This app allows you to preview, read, send, reply and forward your messages as well as to add and view attachments quickly, simply and securely! All you need is your email login and password and the mail app is ready to use.   KEY FEATURES   Sync mail from the server with the fastest speed  Read, compose, reply, forward and all other actions with mail  Support login for Outlook mail, Hotmail and other Microsoft mail.  Push notification when new mail arrive  Smart spam filtering, allowing permanent block of spammers  Multi-option mail search feature: search by sender, recipient, subject ...  Support adding signature automatically when sending mail  Mail filtering feature: unread mail, flagged mail, attached mail  Dark mode feature helps protect eyes from glare  Support multiple themes with different colors  Secure with app lock - PIN code  Multiple accounts support. Add all of your mail boxes and switch between them easily.  CONTACT AND FEEDBACK: We are trying to improve the application better and better, please send us feedback via email: easyapp.hbsolution@hotmail.com ",
"desc_perms" : "['android.permission.INTERNET', 'android.permission.READ_EXTERNAL_STORAGE', 'android.permission.ACCESS_NETWORK_STATE']",
"manifest_perms" : "['com.huawei.android.launcher.permission.CHANGE_BADGE', 'android.permission.USE_CREDENTIALS', 'android.permission.RECEIVE_BOOT_COMPLETED', 'com.oppo.launcher.permission.WRITE_SETTINGS', 'com.google.android.finsky.permission.BIND_GET_INSTALL_REFERRER_SERVICE', 'android.permission.WRITE_EXTERNAL_STORAGE', 'android.permission.ACCESS_NETWORK_STATE', 'com.majeur.launcher.permission.UPDATE_BADGE', 'com.huawei.android.launcher.permission.READ_SETTINGS', 'android.permission.USE_FINGERPRINT', 'com.android.vending.BILLING', 'com.sonyericsson.home.permission.BROADCAST_BADGE', 'android.permission.VIBRATE', 'me.everything.badger.permission.BADGE_COUNT_READ', 'com.google.android.c2dm.permission.RECEIVE', 'com.huawei.android.launcher.permission.WRITE_SETTINGS', 'android.permission.AUTHENTICATE_ACCOUNTS', 'android.permission.WAKE_LOCK', 'android.permission.GET_ACCOUNTS', 'com.sonymobile.home.permission.PROVIDER_INSERT_BADGE', 'android.permission.INTERNET', 'android.permission.READ_APP_BADGE', 'com.sec.android.provider.badge.permission.READ', 'com.sec.android.provider.badge.permission.WRITE', 'android.permission.READ_CONTACTS', 'android.permission.READ_EXTERNAL_STORAGE', 'me.everything.badger.permission.BADGE_COUNT_WRITE', 'com.htc.launcher.permission.READ_SETTINGS', 'com.htc.launcher.permission.UPDATE_SHORTCUT', 'com.oppo.launcher.permission.READ_SETTINGS', 'com.anddoes.launcher.permission.UPDATE_COUNT']",
"perms_with_call" : "['android.permission.BROADCAST_STICKY', 'android.permission.ACCESS_COARSE_LOCATION', 'android.permission.ACCESS_FINE_LOCATION', 'android.permission.GET_TASKS', 'android.permission.WAKE_LOCK', 'android.permission.USE_FINGERPRINT', 'android.permission.ACCESS_NETWORK_STATE']" 
"extra_perms" : "['android.permission.GET_ACCOUNTS', 'android.permission.READ_CONTACTS', 'com.android.vending.BILLING', 'android.permission.ACCESS_COARSE_LOCATION', 'android.permission.WRITE_EXTERNAL_STORAGE', 'android.permission.ACCESS_FINE_LOCATION']",
}