{
"name" : "IRCCloud",
"url" : "https://play.google.com/store/apps/details?id=com.irccloud.android",
"package" : "com.irccloud.android",
"category" : "Communication",
"description" : " Stay connected when youre on the move. No need to rely on constant data access, we keep your IRC connection running on our servers.  Your entire chat history is fully synced to the cloud so you can catch up at your leisure.  Get push notifications for mentions and private messages.  Upload and share files straight from your device.  View and reply to highlights and private messages on Android Wear and Android Auto  Join our #feedback channel on irc.irccloud.com for feedback and suggestions so we can improve the app. You can also email us on team@irccloud.com or find us on Twitter @irccloud ",
"desc_perms" : "[]",
"manifest_perms" : "['android.permission.NFC', 'android.permission.WRITE_EXTERNAL_STORAGE', 'com.android.launcher.permission.INSTALL_SHORTCUT', 'com.google.android.finsky.permission.BIND_GET_INSTALL_REFERRER_SERVICE', 'android.permission.INTERNET', 'android.permission.VIBRATE', 'android.permission.RECEIVE_BOOT_COMPLETED', 'android.permission.CHANGE_CONFIGURATION', 'com.irccloud.android.permission.BROADCAST', 'com.google.android.c2dm.permission.RECEIVE', 'com.irccloud.android.permission.C2D_MESSAGE', 'com.samsung.android.providers.context.permission.WRITE_USE_APP_FEATURE_SURVEY', 'android.permission.ACCESS_NETWORK_STATE', 'android.permission.READ_EXTERNAL_STORAGE', 'android.permission.FOREGROUND_SERVICE', 'android.permission.WAKE_LOCK']",
"perms_with_call" : "['android.permission.WAKE_LOCK', 'android.permission.GET_TASKS', 'android.permission.ACCESS_WIFI_STATE', 'android.permission.ACCESS_COARSE_LOCATION', 'android.permission.CHANGE_NETWORK_STATE', 'android.permission.ACCESS_NETWORK_STATE', 'android.permission.BROADCAST_STICKY', 'android.permission.ACCESS_FINE_LOCATION']" 
"extra_perms" : "['android.permission.NFC', 'android.permission.WRITE_EXTERNAL_STORAGE', 'android.permission.INTERNET', 'android.permission.CHANGE_CONFIGURATION', 'com.irccloud.android.permission.BROADCAST', 'android.permission.ACCESS_WIFI_STATE', 'android.permission.ACCESS_COARSE_LOCATION', 'com.samsung.android.providers.context.permission.WRITE_USE_APP_FEATURE_SURVEY', 'android.permission.ACCESS_NETWORK_STATE', 'android.permission.READ_EXTERNAL_STORAGE', 'android.permission.ACCESS_FINE_LOCATION']",
}