{
"name" : "TextU - Private SMS Messenger, Call app",
"url" : "https://play.google.com/store/apps/details?id=com.textu.sms.privacy.messenger",
"package" : "com.textu.sms.privacy.messenger",
"category" : "Communication",
"description" : "TextU - one of the best all-in-one messenger app to replace stock messages! It is a secured SMS & free text messenger keeping your messages from snooping.  TextU  Send text messages safely with private box, SMS blocker, even SMS backup & restore and schedule SMS! You can also register with your phone to unlock free online messages.   ===== Key Features of TextU =====  - SECURE MESSAGES  All messages are encrypted for secure purpose  No one could take snapshot for your messages  - Default PHONE HANDLER-  Embedded dialpad that directly make a phone call with dual-sim support Well designed calling and in call screen Clear call logs for your private contacts after each phone call  - FUNNY EMOJI MESSAGE  Fast text 3000+ lenny face, emoji & emoticons from messages directly  Great display of lenny face, emoji & emoticons in text message  - PRIVATE BOX  Encrypt messages with private box and you can highly customize notification contents for private messages  Hide private box icon to protect privacy from being snooped  - Caller ID  Identify numbers in real time  Quick reply with SMS  Clear spam or private call in number to protect your privacy.  - FREE ONLINE MESSAGES  Once registered, communicate instantly with your friends without any SMS / MMS fees  Create groups so that you can chat in real time with all your friends at once  The server never has access to any of your communication and never stores any of your data, since your privacy is important to us.  - DUAL SIM  Fully supports dual sim devices for Android 5.1 and above for both SMS and MMS  - DELAY SMS & SCHEDULE SMS  Delayed SMS message give chance to cancel or correct the wrong message  Schedule SMS messages will never let you miss any big moments  - SMS BLOCKER  No worry about spam messages to bother you with blocker  - FREE ANIMATED GIF  Share thousands of trending hot GIFs MMS via MMS  - ANDROID WEAR COMPATIBLE  SMS Messages works perfectly on Android Wear  - SMS BACKUP & RESTORE  Backup SMS & MMS messages, messages never get lost  Restore your backup messages whenever  - MORE FEATURES  Send picture, audio, video MMS messages  Lock your messages app with Patterns  Clipboard for multiple fast copy and paste text messages  Quick search to find exactly what you are looking for  Contact Us Please feel free to contact us with email hi@melonsapp.com. We would love to hear from you. If you have enjoyed any design or features of TextU, do rate us  on play store.  Thanks and we will keep working on TextU better and better for your texting needs. ",
"desc_perms" : "['', 'android.permission.WRITE_EXTERNAL_STORAGE', 'android.permission.READ_EXTERNAL_STORAGE', 'android.permission.SEND_SMS', 'android.permission.READ_PHONE_STATE', 'android.permission.ACCESS_WIFI_STATE', 'android.permission.MODIFY_AUDIO_SETTINGS', 'android.permission.CAMERA', 'android.permission.CALL_PHONE', 'android.permission.ACCESS_NETWORK_STATE', 'android.permission.INTERNET']",
"manifest_perms" : "['android.permission.WRITE_EXTERNAL_STORAGE', 'android.permission.ACCESS_COARSE_LOCATION', 'android.permission.BROADCAST_WAP_PUSH', 'android.permission.RECEIVE_BOOT_COMPLETED', 'android.permission.SEND_SMS', 'android.permission.RECEIVE_SMS', 'android.permission.ACCESS_FINE_LOCATION', 'android.permission.BROADCAST_STICKY', 'android.permission.READ_APP_BADGE', 'com.textu.sms.privacy.messenger.permission.C2D_MESSAGE', 'android.permission.CHANGE_NETWORK_STATE', 'android.permission.READ_CALL_LOG', 'com.sonyericsson.home.permission.BROADCAST_BADGE', 'android.permission.MODIFY_PHONE_STATE', 'android.permission.RECORD_AUDIO', 'android.permission.GET_ACCOUNTS', 'android.permission.SYSTEM_ALERT_WINDOW', 'android.permission.INSTALL_SHORTCUT', 'me.everything.badger.permission.BADGE_COUNT_WRITE', 'android.permission.WRITE_PROFILE', 'android.permission.WRITE_CONTACTS', 'android.permission.READ_CALENDAR', 'android.permission.CALL_PHONE', 'android.permission.READ_CALL_STATE', 'com.anddoes.launcher.permission.UPDATE_COUNT', 'android.permission.FOREGROUND_SERVICE', 'android.permission.RECEIVE_MMS', 'android.permission.CALL_PRIVILEGED', 'android.permission.SET_WALLPAPER', 'android.permission.WAKE_LOCK', 'com.sonymobile.home.permission.PROVIDER_INSERT_BADGE', 'android.permission.MODIFY_AUDIO_SETTINGS', 'android.permission.AUTHENTICATE_ACCOUNTS', 'com.majeur.launcher.permission.UPDATE_BADGE', 'android.permission.READ_LOGS', 'android.permission.USE_CREDENTIALS', 'android.permission.ACCESS_NETWORK_STATE', 'android.permission.PROCESS_OUTGOING_CALLS', 'com.android.vending.BILLING', 'android.permission.READ_CONTACTS', 'android.permission.REQUEST_IGNORE_BATTERY_OPTIMIZATIONS', 'android.permission.READ_EXTERNAL_STORAGE', 'com.textu.sms.privacy.messenger.ACCESS_SECRETS', 'me.everything.badger.permission.BADGE_COUNT_READ', 'com.google.android.c2dm.permission.RECEIVE', 'android.permission.USE_BIOMETRIC', 'android.permission.WRITE_CALL_LOG', 'android.permission.USE_FINGERPRINT', 'android.permission.CHANGE_WIFI_STATE', 'com.sec.android.provider.badge.permission.WRITE', 'android.permission.RAISED_THREAD_PRIORITY', 'android.permission.CAMERA', 'android.permission.WRITE_SMS', 'android.permission.DISABLE_KEYGUARD', 'com.google.android.finsky.permission.BIND_GET_INSTALL_REFERRER_SERVICE', 'com.htc.launcher.permission.READ_SETTINGS', 'android.permission.MANAGE_FINGERPRINT', 'android.permission.INTERNET', 'android.permission.BLUETOOTH', 'com.oppo.launcher.permission.WRITE_SETTINGS', 'android.permission.WRITE_CALENDAR', 'com.htc.launcher.permission.UPDATE_SHORTCUT', 'android.permission.READ_PHONE_STATE', 'com.oppo.launcher.permission.READ_SETTINGS', 'android.permission.READ_SYNC_SETTINGS', 'android.permission.ACCESS_WIFI_STATE', 'com.huawei.android.launcher.permission.READ_SETTINGS', 'com.huawei.android.launcher.permission.WRITE_SETTINGS', 'android.permission.WRITE_SYNC_SETTINGS', 'com.huawei.android.launcher.permission.CHANGE_BADGE', 'android.permission.VIBRATE', 'android.permission.READ_PROFILE', 'android.permission.READ_SMS', 'com.sec.android.provider.badge.permission.READ']",
"perms_with_call" : "['android.permission.ACCESS_COARSE_LOCATION', 'android.permission.ACCESS_FINE_LOCATION', 'android.permission.RECEIVE_BOOT_COMPLETED', 'android.permission.READ_EXTERNAL_STORAGE', 'android.permission.BROADCAST_STICKY', 'android.permission.READ_PHONE_STATE', 'android.permission.SEND_SMS', 'android.permission.RECEIVE_MMS', 'android.permission.CHANGE_NETWORK_STATE', 'android.permission.ACCESS_WIFI_STATE', 'android.permission.WAKE_LOCK', 'android.permission.USE_FINGERPRINT', 'android.permission.CHANGE_WIFI_STATE', 'android.permission.GET_TASKS', 'android.permission.ACCESS_NETWORK_STATE']" 
"extra_perms" : "['android.permission.READ_CONTACTS', 'android.permission.ACCESS_COARSE_LOCATION', 'android.permission.BROADCAST_WAP_PUSH', 'android.permission.ACCESS_FINE_LOCATION', 'android.permission.RECEIVE_SMS', 'android.permission.REQUEST_IGNORE_BATTERY_OPTIMIZATIONS', 'com.textu.sms.privacy.messenger.ACCESS_SECRETS', 'android.permission.READ_CALL_LOG', 'android.permission.MODIFY_PHONE_STATE', 'android.permission.WRITE_CALL_LOG', 'android.permission.RECORD_AUDIO', 'android.permission.GET_ACCOUNTS', 'android.permission.SYSTEM_ALERT_WINDOW', 'android.permission.INSTALL_SHORTCUT', 'android.permission.RAISED_THREAD_PRIORITY', 'android.permission.DISABLE_KEYGUARD', 'android.permission.WRITE_PROFILE', 'android.permission.WRITE_CONTACTS', 'android.permission.READ_CALENDAR', 'com.android.vending.BILLING', 'android.permission.WRITE_SMS', 'android.permission.READ_CALL_STATE', 'android.permission.MANAGE_FINGERPRINT', 'android.permission.WRITE_CALENDAR', 'android.permission.RECEIVE_MMS', 'android.permission.CALL_PRIVILEGED', 'android.permission.READ_LOGS', 'android.permission.PROCESS_OUTGOING_CALLS', 'android.permission.READ_SMS']",
}