{
"name" : "Stop Call Me - Community Call Blocker",
"url" : "https://play.google.com/store/apps/details?id=com.mglab.scm",
"package" : "com.mglab.scm",
"category" : "Communication",
"description" : "Block unwanted calls using community database or blacklist. No need to waste time or waking up from unwanted calls with advertisment, collectors, banks and other spam.  Attention! Some manufacturers use non-standard telephony, because of that the call block will not work. Please do not leave negative feedback in this case. With a high probability all other blockers wont work.  Important! If you have other blocker on the phone installed, even with disabled functionality, slows down the application and increases chances that device ring or vibrate before blocking number.  Main features: - works on most devices; - block methods: end call (reject) / Silence ringer (turn off tone and vibration) - block incoming call by community database; - block by blacklist; - block hidden/private numbers; - block foreign numbers; - dont block contacts; - block all except contacts; - dont block numbers from whitelist; - delete blocked calls from call log; - show SIM number for calls; - notification about blocked calls.  Advantages: - ready and constantly updated database (collectors, microfinance institutions, banks, organizations, imposing unneeded services spam or other unwanted numbers); - high-speed blocking; - separate block rules for any sim-card; - compatible with most phones, including 2-SIM phones; - minimum processor, memory, and battery loading; - quick on/off settings;  - quickly add/remove incoming number to/from black/whitelist; - beautiful and simple interface.  We send only ANONYMOUS statistic on our servers for extending community database. ",
"desc_perms" : "[]",
"manifest_perms" : "['android.permission.READ_APP_BADGE', 'android.permission.WRITE_CALL_LOG', 'android.permission.READ_CALL_LOG', 'com.huawei.android.launcher.permission.CHANGE_BADGE', 'me.everything.badger.permission.BADGE_COUNT_READ', 'com.google.android.c2dm.permission.RECEIVE', 'android.permission.ACCESS_NETWORK_STATE', 'android.permission.READ_PHONE_STATE', 'com.huawei.android.launcher.permission.READ_SETTINGS', 'android.permission.WAKE_LOCK', 'com.sonymobile.home.permission.PROVIDER_INSERT_BADGE', 'com.huawei.android.launcher.permission.WRITE_SETTINGS', 'android.permission.WRITE_EXTERNAL_STORAGE', 'android.permission.QUICKBOOT_POWERON', 'android.permission.ANSWER_PHONE_CALLS', 'com.htc.launcher.permission.UPDATE_SHORTCUT', 'android.permission.READ_CONTACTS', 'com.anddoes.launcher.permission.UPDATE_COUNT', 'com.android.vending.BILLING', 'com.google.android.finsky.permission.BIND_GET_INSTALL_REFERRER_SERVICE', 'com.oppo.launcher.permission.WRITE_SETTINGS', 'com.majeur.launcher.permission.UPDATE_BADGE', 'com.sec.android.provider.badge.permission.READ', 'me.everything.badger.permission.BADGE_COUNT_WRITE', 'android.permission.FOREGROUND_SERVICE', 'android.permission.VIBRATE', 'android.permission.MODIFY_AUDIO_SETTINGS', 'com.htc.launcher.permission.READ_SETTINGS', 'android.permission.CALL_PHONE', 'com.oppo.launcher.permission.READ_SETTINGS', 'android.permission.INTERNET', 'com.sonyericsson.home.permission.BROADCAST_BADGE', 'android.permission.RECEIVE_BOOT_COMPLETED', 'android.permission.WRITE_SETTINGS', 'android.permission.ACCESS_NOTIFICATION_POLICY', 'com.sec.android.provider.badge.permission.WRITE']",
"perms_with_call" : "['android.permission.WAKE_LOCK', 'android.permission.GET_TASKS', 'android.permission.ACCESS_COARSE_LOCATION', 'android.permission.ACCESS_NETWORK_STATE', 'android.permission.BROADCAST_STICKY', 'android.permission.ACCESS_FINE_LOCATION']" 
"extra_perms" : "['android.permission.CALL_PHONE', 'android.permission.WRITE_EXTERNAL_STORAGE', 'android.permission.WRITE_CALL_LOG', 'android.permission.QUICKBOOT_POWERON', 'android.permission.READ_CALL_LOG', 'android.permission.ANSWER_PHONE_CALLS', 'android.permission.INTERNET', 'android.permission.READ_PHONE_STATE', 'android.permission.READ_CONTACTS', 'android.permission.ACCESS_COARSE_LOCATION', 'android.permission.ACCESS_NETWORK_STATE', 'com.android.vending.BILLING', 'android.permission.MODIFY_AUDIO_SETTINGS', 'android.permission.ACCESS_FINE_LOCATION']",
}