{
"name" : "Kannur International Airport",
"url" : "https://play.google.com/store/apps/details?id=com.kial",
"package" : "com.kial",
"category" : "Communication",
"description" : "Welcome to the official App of Kannur International Airport, Kannur.   This Mobile application will help you to see the flight status, flight timetable, operational airlines, shop and eat options.   Here is how you can use the app:  - You can see the Flight status with real-time updates. - Get information on where to shop and eat in the Airport. - Google maps to help you navigate to the Kannur International Airport. - Find information about In & Around Kannur.  - See detailed information on airport facilities, gallery, Tenders & Orders, flight information and more. ",
"desc_perms" : "['android.permission.ACCESS_NETWORK_STATE', 'android.permission.ACCESS_WIFI_STATE', 'android.permission.INTERNET']",
"manifest_perms" : "['android.permission.ACCESS_NETWORK_STATE', 'android.permission.INTERNET', 'android.permission.WRITE_EXTERNAL_STORAGE']",
"perms_with_call" : "['android.permission.GET_TASKS', 'android.permission.USE_FINGERPRINT', 'android.permission.ACCESS_COARSE_LOCATION', 'android.permission.BLUETOOTH', 'android.permission.ACCESS_FINE_LOCATION', 'android.permission.ACCESS_NETWORK_STATE', 'android.permission.BROADCAST_STICKY', 'android.permission.WAKE_LOCK']" 
"extra_perms" : "['android.permission.ACCESS_COARSE_LOCATION', 'android.permission.ACCESS_FINE_LOCATION', 'android.permission.WRITE_EXTERNAL_STORAGE']",
}