{
"name" : "Showcaller: Caller ID, Call Recorder & Blocker",
"url" : "https://play.google.com/store/apps/details?id=com.allinone.callerid",
"package" : "com.allinone.callerid",
"category" : "Communication",
"description" : "Showcaller specialized in identifying true caller id name and region, unknown incoming calls and avoid spam, scam, telemarketing and robocalls. More than 50 Million people trust!   Fast, Safe and Smart Caller ID working even offline  It is the most accurate & easy-to-use caller id app can help you instantly identify the incoming calls not in your contact list, you can see Caller ID and names of people who is calling.  Simple and smart auto telephone voice recorder. It is powered by a database of a billion phone numbers and millions of happy Showcaller users who depend on the app daily.  Why should you choose Showcaller?   Caller ID - Showcaller shows you true caller id name and region. Once a result is found, you can add it directly to your phone book, contacts and number book. Find out who called.    Call Blocker - Block number from known spammers or unwanted callers. Showcaller also provides spam reports during incoming calls from unknown and private numbers that could be used to block calls. True Call Blocker help you say goodbye to telemarketing, scam, fraud, sales, ads, harassment and more!   Call Recorder / Call Recording - Auto record any incoming & outgoing calls with clear HD quality recording on both sides. You just need to enable automatic recording mode and when you make an outgoing call or have an incoming call from someone. You can also use true call recorder manage your recording files, Listen to the recording, add notes and share it. (not supported on Android Pie)   Smart Dialer - Fast T9 search in your recent calls and contacts, replace your stock system default free calling app, bring your dialing experience to the next level! Make a phone call more smoothly and intelligently.    Phone Number Lookup - All phone number searches within Smart Search are stored. Perform a phone number search on an incoming call and copy a number anywhere to find out who it belongs to.    Quick Contacts - Easily have access to your recently or frequently contacts, call or text them, this makes your communication fast and simple. You can also add or modify your Phone number book easily as you like.   Offline Database (Lightning identification) - Fast caller ID and offline accessibility. Identify and show caller ID without network.    Easy to Use - Quick to download, easy to setup, it needs very little space to run, extremely fast and reliable to Caller ID.   Showcaller Premium - No ads; No limited search times; Automatic block spam calls.  Showcaller is absolutely free caller id app to identify caller id name and region. Start protecting your phone communication now and enjoy a pleasant calling experience.  Dont hesitate to join in Showcaller and enjoy the most accurate caller id service, I bet Showcaller for Android definitely worth your time and effort.  COMMUNITY Hello, users ! Please follow us: Facebook Page: facebook.com/showcallerinc ",
"desc_perms" : "['android.permission.CALL_PHONE', 'android.permission.READ_CONTACTS', 'android.permission.MODIFY_AUDIO_SETTINGS', 'android.permission.ACCESS_NETWORK_STATE', 'android.permission.INTERNET', 'android.permission.READ_PHONE_STATE']",
"manifest_perms" : "['android.permission.FOREGROUND_SERVICE', 'com.android.launcher.permission.READ_SETTINGS', 'android.permission.WRITE_CALL_LOG', 'android.permission.RECEIVE_USER_PRESENT', 'android.permission.RECEIVE_BOOT_COMPLETED', 'com.google.android.finsky.permission.BIND_GET_INSTALL_REFERRER_SERVICE', 'android.permission.ANSWER_PHONE_CALLS', 'android.permission.WRITE_EXTERNAL_STORAGE', 'android.permission.READ_CALL_LOG', 'android.permission.WRITE_CONTACTS', 'android.permission.RECORD_AUDIO', 'com.android.vending.BILLING', 'android.permission.PROCESS_OUTGOING_CALLS', 'android.permission.VIBRATE', 'android.permission.ACCESS_WIFI_STATE', 'com.google.android.c2dm.permission.RECEIVE', 'android.permission.CALL_PHONE', 'com.android.launcher.permission.INSTALL_SHORTCUT', 'android.permission.WAKE_LOCK', 'android.permission.GET_ACCOUNTS', 'android.permission.DISABLE_KEYGUARD', 'android.permission.INTERNET', 'android.permissions.READ_DATABASE', 'android.permission.READ_PHONE_STATE', 'android.permission.REQUEST_IGNORE_BATTERY_OPTIMIZATIONS', 'android.permission.READ_CONTACTS', 'android.permission.READ_EXTERNAL_STORAGE', 'android.permissioms.WRITE_DATABASE', 'android.permission.ACCESS_NETWORK_STATE', 'android.permission.WRITE_SETTINGS', 'android.permission.SYSTEM_ALERT_WINDOW']",
"perms_with_call" : "['android.permission.BROADCAST_STICKY', 'android.permission.ACCESS_COARSE_LOCATION', 'android.permission.ACCESS_FINE_LOCATION', 'android.permission.GET_TASKS', 'android.permission.WAKE_LOCK', 'android.permission.BLUETOOTH', 'android.permission.ACCESS_NETWORK_STATE', 'android.permission.ACCESS_WIFI_STATE', 'android.permission.READ_PHONE_STATE']" 
"extra_perms" : "['com.android.launcher.permission.READ_SETTINGS', 'android.permission.ACCESS_FINE_LOCATION', 'android.permission.WRITE_CALL_LOG', 'android.permission.RECEIVE_USER_PRESENT', 'android.permission.GET_ACCOUNTS', 'android.permission.DISABLE_KEYGUARD', 'android.permissions.READ_DATABASE', 'android.permission.REQUEST_IGNORE_BATTERY_OPTIMIZATIONS', 'android.permission.ANSWER_PHONE_CALLS', 'android.permission.READ_EXTERNAL_STORAGE', 'android.permission.SYSTEM_ALERT_WINDOW', 'android.permission.ACCESS_COARSE_LOCATION', 'android.permission.WRITE_EXTERNAL_STORAGE', 'android.permission.READ_CALL_LOG', 'android.permission.WRITE_CONTACTS', 'android.permission.RECORD_AUDIO', 'android.permissioms.WRITE_DATABASE', 'com.android.vending.BILLING', 'android.permission.PROCESS_OUTGOING_CALLS', 'android.permission.ACCESS_WIFI_STATE']",
}