{
"name" : "Calculator Pro+ - Private Message & Call Screening",
"url" : "https://play.google.com/store/apps/details?id=com.privatesmsbox.calc",
"package" : "com.privatesmsbox.calc",
"category" : "Communication",
"description" : "Do you want to hide your private conversations? Worried about spam calls? Worried on your messages checked by others, then Calculator Pro+ is for you. It saves SMS/MMS/Call Logs of secret contacts behind calculator app.  To keep secret messages and calls of particular number, add it as Private Contact. After that when any new message received from that contact, it directly move inside application. Its easy to use and keeps user conversation secret. Your SMS and call conversation is 100% SECRET and secure.  It also provides free texting between users. Just Sign-In with your number. Send unlimited text, audio, photo and location details to another user.  Full of emoj characters (300 emoj support), useful to represent emotions.   Features: - Password screen of calculator to open application - Hide SMS and MMS  - Filter/block spam calls - Custom notification text & icon for private message - Free text & multimedia messaging between users - Auto backup - Image/Audio/Location sharing - Open from phone default dialer - Hide app icon, cannot be seen or opened by other people - Timeout: set a timer to close application - Messages move back and forth from default messaging app  Note: Android OS version 4.4 & above need to set AdvanceSMS as default SMS app for native messaging support.   Excited to receive feedbacks or queries at: info@privatesmsbox.com ",
"desc_perms" : "['android.permission.READ_PHONE_STATE', 'android.permission.READ_EXTERNAL_STORAGE', 'android.permission.INTERNET', 'android.permission.SEND_SMS', 'android.permission.ACCESS_WIFI_STATE', 'android.permission.ACCESS_FINE_LOCATION', 'android.permission.CALL_PHONE', 'android.permission.ACCESS_NETWORK_STATE']",
"manifest_perms" : "['com.google.android.c2dm.permission.RECEIVE', 'android.permission.READ_PHONE_STATE', 'android.permission.READ_EXTERNAL_STORAGE', 'android.permission.INTERNET', 'android.permission.RECORD_AUDIO', 'android.permission.ACCESS_FINE_LOCATION', 'android.permission.MODIFY_AUDIO_SETTINGS', 'com.android.vending.BILLING', 'android.permission.UPDATE_DEVICE_STATS', 'android.permission.RECEIVE_BOOT_COMPLETED', 'android.permission.MODIFY_PHONE_STATE', 'com.privatesmsbox.permission.calc.INCOMING_SMS', 'android.permission.CHANGE_WIFI_STATE', 'android.permission.VIBRATE', 'android.permission.ACCESS_COARSE_LOCATION', 'android.permission.WRITE_CONTACTS', 'android.permission.FLASHLIGHT', 'com.android.launcher.permission.INSTALL_SHORTCUT', 'android.permission.READ_LOGS', 'android.permission.WRITE_EXTERNAL_STORAGE', 'android.permission.ACCESS_WIFI_STATE', 'android.permission.FOREGROUND_SERVICE', 'android.permission.READ_CONTACTS', 'android.permission.USE_FINGERPRINT', 'android.permission.CAPTURE_AUDIO_OUTPUT', 'com.android.launcher.permission.UNINSTALL_SHORTCUT', 'android.permission.SDCARD_WRITE', 'android.permission.WAKE_LOCK', 'android.permission.CALL_PHONE', 'com.privatesmsbox.calc.permission.C2D_MESSAGE', 'android.permission.ACCESS_NETWORK_STATE']",
"perms_with_call" : "['android.permission.ACCESS_COARSE_LOCATION', 'android.permission.USE_FINGERPRINT', 'android.permission.READ_PHONE_STATE', 'android.permission.BROADCAST_STICKY', 'android.permission.ACCESS_FINE_LOCATION', 'android.permission.ACCESS_WIFI_STATE', 'android.permission.WAKE_LOCK', 'android.permission.MODIFY_AUDIO_SETTINGS', 'android.permission.ACCESS_NETWORK_STATE', 'android.permission.GET_TASKS']" 
"extra_perms" : "['android.permission.ACCESS_COARSE_LOCATION', 'android.permission.WRITE_CONTACTS', 'android.permission.WRITE_EXTERNAL_STORAGE', 'android.permission.CAPTURE_AUDIO_OUTPUT', 'android.permission.RECORD_AUDIO', 'android.permission.SDCARD_WRITE', 'android.permission.MODIFY_AUDIO_SETTINGS', 'android.permission.READ_CONTACTS', 'com.android.vending.BILLING', 'android.permission.UPDATE_DEVICE_STATS', 'com.privatesmsbox.permission.calc.INCOMING_SMS', 'android.permission.MODIFY_PHONE_STATE', 'android.permission.READ_LOGS']",
}