{
"name" : "GO SMS Pro - Messenger, Free Themes, Emoji",
"url" : "https://play.google.com/store/apps/details?id=com.jb.gosms",
"package" : "com.jb.gosms",
"category" : "Communication",
"description" : "GO SMS Pro - Nearly 100 Million users choice, all time #1 messaging app to replace the stock!   The brand new messaging app is simple, intuitive, personalizing and fun!  GO SMS Pro comes with beautiful themes, lovely stickers, private box, pop up windows, GO chat (send free SMS & MMS), dual sim support, and much more. We are committed to making GO SMS Pro faster, safer and tons of great features - messaging has never been so fun and efficient! ---------------------------------------------- Free Features:  Hundreds of personalized themes and lovely stickers (keep increasing)   Private box to encrypt messages & protect your privacy  Sticky conversations help you focus on important contacts by sticking them at the top  Pop up new messages for quick viewing and replying  Dual SIM matching, supports 8,000+ dual SIM devices (keep increasing)  SMS blocker smartly block blacklist/keywords and filter spam messages   GO chat support for free messages and group chat   Delay to send give you opportunity to correct the wrong messages.   Folded stranger messages Automatically categorize strangers conversations and keep your Inbox simplicity  Avatar popup Show the contact avatar above all apps when new messages arrive. It needs SYSTEM_ALERT_WINDOW permission to show the system level popup. Identify calls Identify unknown calls and block spam calls.  Pro Features:  Support disabling all sponsored messages  Advanced Private Box for renaming or hiding entrance, faking notification as well  Unlimited cloud storage space for message backup  Free to enjoy all paid themes (Upgrade to Themes VIP)  --------------------------------------------------------------  GO SMS VIP offers you unlock all features, like themes, stickers, fonts, private box and ad-free experience. Subscription content will be updated regularly and you can enjoy the updating content during an active period of subscription. It is an auto-renewing subscription after your 3-day free trial. If you choose to purchase GO SMS VIP, payment will be charged to your Google Play account, and your account will be charged for renewal within 24-hours prior to the end of the current period. Auto-renewal may be turned off at any time by going to your settings in the Play Store after purchase. The current subscription price starts at $9.99/month, $59.99/year. Prices are in U.S. dollars, may vary in countries other than the U.S. and are subject to change without notice. If you dont choose to purchase GO SMS VIP , you can simply continue using it for free.   Follow Us on Facebook www.facebook.com/gosmspro Google+: https://plus.google.com/communities/101889041913381333536 Contact us: gosmsprofeedback@gmail.com  Use of this app is governed by our Terms of Service and Privacy Policy!  There will be ad content shown in certain scenes in our app. For more details, visit https://m.facebook.com/ads/ad_choices. ",
"desc_perms" : "['android.permission.WRITE_EXTERNAL_STORAGE', 'android.permission.INTERNET', 'android.vending.BILLING', 'android.permission.SEND_SMS', 'android.permission.ACCESS_NETWORK_STATE', 'android.permission.READ_EXTERNAL_STORAGE']",
"manifest_perms" : "['com.android.launcher.permission.INSTALL_SHORTCUT', 'android.permission.GET_TASKS', 'android.permission.GET_ACCOUNTS', 'android.permission.ACCESS_WIFI_STATE', 'android.permission.ACCESS_COARSE_LOCATION', 'com.google.android.c2dm.permission.RECEIVE', 'android.permission.CHANGE_NETWORK_STATE', 'android.permission.ACCESS_NETWORK_STATE', 'android.permission.PERSISTENT_ACTIVITY', 'android.permission.READ_SMS', 'android.permission.READ_PHONE_STATE', 'android.permission.WAKE_LOCK', 'android.permission.RECEIVE_SMS', 'android.permission.RESTART_PACKAGES', 'android.permission.WRITE_EXTERNAL_STORAGE', 'com.jb.gosms.permission.provider.CHAT_INFO_ACCESS', 'android.permission.READ_CONTACTS', 'android.permission.RECEIVE_MMS', 'com.android.vending.BILLING', 'android.permission.INSTALL_DRM', 'android.permission.BROADCAST_STICKY', 'android.permission.CAMERA', 'com.jb.gosms.permission.C2D_MESSAGE', 'com.google.android.finsky.permission.BIND_GET_INSTALL_REFERRER_SERVICE', 'android.permission.SEND_SMS', 'android.permission.SYSTEM_ALERT_WINDOW', 'android.permission.WRITE_CONTACTS', 'android.permission.READ_EXTERNAL_STORAGE', 'android.permission.MODIFY_AUDIO_SETTINGS', 'android.permission.VIBRATE', 'android.permission.RECEIVE_WAP_PUSH', 'android.permission.WRITE_SMS', 'android.permission.CALL_PHONE', 'android.permission.PACKAGE_USAGE_STATS', 'android.permission.FOREGROUND_SERVICE', 'android.permission.RECORD_AUDIO', 'com.jb.gosms.permission.SERVICE', 'android.permission.INTERNET', 'android.permission.CHANGE_WIFI_STATE', 'android.permission.RECEIVE_BOOT_COMPLETED', 'android.permission.DISABLE_KEYGUARD', 'android.permission.ACCESS_FINE_LOCATION']",
"perms_with_call" : "['android.permission.GET_TASKS', 'android.permission.USE_FINGERPRINT', 'android.permission.CHANGE_WIFI_STATE', 'android.permission.RECEIVE_MMS', 'android.permission.ACCESS_WIFI_STATE', 'android.permission.ACCESS_COARSE_LOCATION', 'android.permission.BLUETOOTH', 'android.permission.CHANGE_NETWORK_STATE', 'android.permission.ACCESS_FINE_LOCATION', 'android.permission.MODIFY_AUDIO_SETTINGS', 'android.permission.ACCESS_NETWORK_STATE', 'android.permission.SEND_SMS', 'android.permission.READ_EXTERNAL_STORAGE', 'android.permission.DISABLE_KEYGUARD', 'android.permission.BROADCAST_STICKY', 'android.permission.WAKE_LOCK']" 
"extra_perms" : "['android.permission.GET_ACCOUNTS', 'android.permission.ACCESS_WIFI_STATE', 'android.permission.ACCESS_COARSE_LOCATION', 'android.permission.SYSTEM_ALERT_WINDOW', 'com.android.vending.BILLING', 'android.permission.WRITE_CONTACTS', 'android.permission.READ_SMS', 'android.permission.READ_PHONE_STATE', 'android.permission.MODIFY_AUDIO_SETTINGS', 'android.permission.RECEIVE_WAP_PUSH', 'android.permission.WRITE_SMS', 'android.permission.CALL_PHONE', 'android.permission.PACKAGE_USAGE_STATS', 'android.permission.RECEIVE_SMS', 'android.permission.RECORD_AUDIO', 'android.permission.RESTART_PACKAGES', 'com.jb.gosms.permission.SERVICE', 'com.jb.gosms.permission.provider.CHAT_INFO_ACCESS', 'android.permission.READ_CONTACTS', 'android.permission.DISABLE_KEYGUARD', 'android.permission.CAMERA', 'android.permission.RECEIVE_MMS', 'android.permission.INSTALL_DRM', 'android.permission.ACCESS_FINE_LOCATION']",
}