{
"name" : "Mobeeplus",
"url" : "https://play.google.com/store/apps/details?id=com.vox.mobeeplus",
"package" : "com.vox.mobeeplus",
"category" : "Communication",
"description" : "Mobeeplus is the Mobile Dialer that allows to make VoIP calls from any of the android devices and it uses 3G/Edge/Wi-Fi Internet connectivity. It is developed based on the requirements of VoIP Providers business needs. MobeeplusFeatures:- It uses SIP protocol based for signaling Supports G729, PCMU, and PCMA codecs Runs behind NAT or Private IP User Friendly Interface Auto Sync of Balance Real Time Sip status messages Call History Address book integration Compatible with all sip standard switches Mobeeplus has very efficient implementation of jitter buffer to play voice smoothly. Silent suppression and comfort noise generation has been used to reduce the bandwidth usage, and this makes the dialer more efficient in making VoIP calls. It easily integrates with mobile phonebook and auto detects (+) sign when contact is picked from phonebook. ",
"desc_perms" : "['android.permission.MODIFY_AUDIO_SETTINGS', 'android.permission.ACCESS_WIFI_STATE', 'android.permission.CALL_PHONE', 'android.permission.READ_PHONE_STATE']",
"manifest_perms" : "['android.permission.READ_CONTACTS', 'android.permission.WRITE_EXTERNAL_STORAGE', 'android.permission.ACCESS_NETWORK_STATE', 'android.permission.READ_PHONE_STATE', 'android.permission.BLUETOOTH_ADMIN', 'android.permission.ACCESS_WIFI_STATE', 'android.permission.WAKE_LOCK', 'android.permission.MODIFY_AUDIO_SETTINGS', 'android.permission.RECORD_AUDIO', 'android.permission.SYSTEM_ALERT_WINDOW', 'android.permission.DISABLE_KEYGUARD', 'android.permission.VIBRATE', 'android.permission.CALL_PHONE', 'android.permission.WRITE_CONTACTS', 'android.permission.BLUETOOTH', 'android.permission.INTERNET']",
"perms_with_call" : "['android.permission.ACCESS_COARSE_LOCATION', 'android.permission.ACCESS_FINE_LOCATION', 'android.permission.BROADCAST_STICKY', 'android.permission.READ_PHONE_STATE', 'android.permission.ACCESS_WIFI_STATE', 'android.permission.WAKE_LOCK', 'android.permission.USE_FINGERPRINT', 'android.permission.MODIFY_AUDIO_SETTINGS', 'android.permission.GET_TASKS', 'android.permission.ACCESS_NETWORK_STATE', 'android.permission.BLUETOOTH']" 
"extra_perms" : "['android.permission.READ_CONTACTS', 'android.permission.ACCESS_COARSE_LOCATION', 'android.permission.ACCESS_FINE_LOCATION', 'android.permission.WRITE_EXTERNAL_STORAGE', 'android.permission.WRITE_CONTACTS', 'android.permission.RECORD_AUDIO', 'android.permission.SYSTEM_ALERT_WINDOW', 'android.permission.DISABLE_KEYGUARD', 'android.permission.ACCESS_NETWORK_STATE', 'android.permission.INTERNET']",
}