{
"name" : "Smart Notify - Dialer, SMS & Notifications",
"url" : "https://play.google.com/store/apps/details?id=com.kuma.smartnotify",
"package" : "com.kuma.smartnotify",
"category" : "Communication",
"description" : "Fully functional with Android 10 How to hide service notification in Android 8 and above: https://youtu.be/sSdMUba763Y  If you have problem with delay after select number detail on some phones then try in Settings/Special settings turn on item Disable MMS in lists  Note: Smart Notify is not a full replacement for messaging applications because it does not support sending MMS messages. The setting as the default message application needs to be deleted and partly for sending messages  - dialer with fast T9 search  - added change of color of the phone LED on notifications from other applications  - quick reply option in popup window for applications which supports this feature  - Dual SIM support on Android 5.1 systems and higher, see it on: here  - displays incoming MMS  - smartwatches support (reminder, full battery notification)  - car mode with speakerphone and auto turn on display and reading messages  - now with automatic speech support in popup window (reading sms, missed calls...) (long press on speak button)  - sending SMS in selected time  - advanced SMS and calls manager with popup window notification with reminder for SMS, calls, events and apps WhatsApp, Google+, Facebook and many others.  - displays pending calls and sms - length of ringing in missed calls - LED flash for incoming call or SMS in silent profile - notifications for full charged battery, loss or detected GSM (wifi) signal and when you disconnect the charging  - Smart vibrations - if you have a new message or a missed call, your phone when removed from the pocket vibrates or turn display on - automatic display lights or vibration when moving the phone if the phone was previously at rest in a horizontal position  - blocks unwanted calls and text messages  - mute ringing with hand on phone (on devices with proximity sensor) - covering the phone or by turning down will mute ringer and vibration - adding SMS or missed calls to calendar  - the possibility to reject calls from hidden numbers  and many other features  This app uses Accessibility services. ",
"desc_perms" : "['android.permission.CALL_PHONE', 'android.permission.INTERNET', 'android.permission.ACCESS_WIFI_STATE', 'android.permission.SEND_SMS', 'android.permission.ACCESS_NETWORK_STATE', 'android.permission.vibrate', 'android.permission.READ_EXTERNAL_STORAGE', 'android.permission.READ_PHONE_STATE']",
"manifest_perms" : "['com.android.launcher.permission.INSTALL_SHORTCUT', 'android.permission.WRITE_CALL_LOG', 'android.permission.READ_CALL_LOG', 'android.permission.MODIFY_PHONE_STATE', 'android.permission.ACCESS_WIFI_STATE', 'android.permission.WRITE_CALENDAR', 'android.permission.READ_PHONE_STATE', 'android.permission.READ_SMS', 'android.permission.WAKE_LOCK', 'android.permission.RECEIVE_SMS', 'android.permission.WRITE_EXTERNAL_STORAGE', 'android.permission.READ_LOGS', 'android.permission.ANSWER_PHONE_CALLS', 'android.permission.READ_CONTACTS', 'android.permission.RECEIVE_MMS', 'android.permission.CAMERA', 'android.permission.READ_CALENDAR', 'android.permission.SEND_SMS', 'android.permission.SYSTEM_ALERT_WINDOW', 'android.permission.WRITE_CONTACTS', 'android.permission.READ_EXTERNAL_STORAGE', 'android.permission.MODIFY_AUDIO_SETTINGS', 'android.permission.VIBRATE', 'android.permission.RECEIVE_WAP_PUSH', 'android.permission.WRITE_SMS', 'android.permission.CALL_PHONE', 'android.permission.FOREGROUND_SERVICE', 'android.permission.RECEIVE_BOOT_COMPLETED', 'android.permission.FLASHLIGHT']",
"perms_with_call" : "['android.permission.BROADCAST_STICKY', 'android.permission.ACCESS_WIFI_STATE', 'android.permission.ACCESS_COARSE_LOCATION', 'android.permission.BLUETOOTH', 'android.permission.SEND_SMS', 'android.permission.RECEIVE_MMS', 'android.permission.ACCESS_NETWORK_STATE', 'android.permission.READ_EXTERNAL_STORAGE', 'android.permission.READ_PHONE_STATE', 'android.permission.MODIFY_AUDIO_SETTINGS', 'android.permission.WAKE_LOCK']" 
"extra_perms" : "['android.permission.READ_CALENDAR', 'android.permission.WRITE_CALL_LOG', 'android.permission.READ_CALL_LOG', 'android.permission.MODIFY_PHONE_STATE', 'android.permission.ACCESS_COARSE_LOCATION', 'android.permission.WRITE_CALENDAR', 'android.permission.SYSTEM_ALERT_WINDOW', 'android.permission.ACCESS_NETWORK_STATE', 'android.permission.WRITE_CONTACTS', 'android.permission.READ_SMS', 'android.permission.MODIFY_AUDIO_SETTINGS', 'android.permission.RECEIVE_WAP_PUSH', 'android.permission.WRITE_SMS', 'android.permission.RECEIVE_SMS', 'android.permission.WRITE_EXTERNAL_STORAGE', 'android.permission.READ_LOGS', 'android.permission.ANSWER_PHONE_CALLS', 'android.permission.READ_CONTACTS', 'android.permission.RECEIVE_MMS', 'android.permission.CAMERA']",
}