{
"name" : "Wemoji - WhatsApp Sticker Maker",
"url" : "https://play.google.com/store/apps/details?id=com.picmax.wemoji",
"package" : "com.picmax.wemoji",
"category" : "Communication",
"description" : "Best FREE editor WAStickerApps to make your own sticker for WhatsApp with feature to Free Hand Crop photos, Add multiples photos, Add text, emoji, sticker and more!  You can make you own custom sticker in just a few easy steps 1. Open Sticker Editor 2. Add photos with free hand crop feature 3. Add Text and Sticker 4. Save to your own sticker packs 5. Publish and Enjoy !  Features   Free hand crop photos You can crop face and any object in a photo using free hand mode with magnifying glass support  Reuseable cropped photos You can reuse all the cropped photo to create another sticker  Text and Sticker 1. Add text for your stickers, with many free fonts and free stickers choices for the text editing. 2. Add stylish stickers and emojis for your sticker 3. You can add those text, emoji, and sticker then combine it into 1 funny WhatsApp stickers  Note : Please make sure you already using the latest WhatsApp that support stickers. ",
"desc_perms" : "['android.permission.WRITE_CONTACTS', 'android.permission.WRITE_EXTERNAL_STORAGE', 'android.permission.READ_EXTERNAL_STORAGE', 'android.permission.INTERNET', 'android.permission.CAMERA', 'android.permission.ACCESS_NETWORK_STATE', 'android.permission.READ_CONTACTS']",
"manifest_perms" : "['com.google.android.c2dm.permission.RECEIVE', 'android.permission.WRITE_EXTERNAL_STORAGE', 'android.permission.READ_EXTERNAL_STORAGE', 'android.permission.READ_INTERNAL_STORAGE', 'android.permission.INTERNET', 'android.permission.WAKE_LOCK', 'android.permission.WRITE_INTERNAL_STORAGE', 'com.google.android.finsky.permission.BIND_GET_INSTALL_REFERRER_SERVICE', 'android.permission.ACCESS_NETWORK_STATE']",
"perms_with_call" : "['android.permission.ACCESS_COARSE_LOCATION', 'android.permission.BROADCAST_STICKY', 'android.permission.ACCESS_FINE_LOCATION', 'android.permission.WAKE_LOCK', 'android.permission.ACCESS_NETWORK_STATE', 'android.permission.GET_TASKS']" 
"extra_perms" : "['android.permission.WRITE_INTERNAL_STORAGE', 'android.permission.ACCESS_COARSE_LOCATION', 'android.permission.ACCESS_FINE_LOCATION', 'android.permission.READ_INTERNAL_STORAGE']",
}