{
"name" : "Dialer For WhatsApp & WA-enabled Businesses List",
"url" : "https://play.google.com/store/apps/details?id=com.applaudsoft.wabi.wad",
"package" : "com.applaudsoft.wabi.wad",
"category" : "Communication",
"description" : "Got a number you want to contact via WhatsApp but dont want to add as contact?  This app is for you!  Dialer For WhatsApp includes the familiar dialer where you input the number, hit the WhatsApp button, and viola - WhatsApp opens chat with that number! You can also quickly contact via WhatsApp anyone from your call logs too!  Features  Beautiful, slick dialer, just like the one which comes with Android.  Phone calls history.  WA Dialer history.  WhatsApp Business support!  Tired of Ads? No ads at all in this app!  This app is provided to you by Wabi - Website: http://www.wabi-app.com Email: wabi-wad@applaud-software.com  More Apps by Wabi: Wabi - Phone number for WhatsApp Business  Note: This app uses the official WhatsApp API, and is not in any way affiliated with WhatsApp or Facebook. ",
"desc_perms" : "['android.permission.CALL_PHONE', 'android.permission.READ_EXTERNAL_STORAGE', 'android.permission.READ_CALL_LOG', 'android.permission.MODIFY_AUDIO_SETTINGS', 'android.permission.ACCESS_NETWORK_STATE', 'android.permission.INTERNET', 'android.permission.READ_PHONE_STATE']",
"manifest_perms" : "['com.google.android.c2dm.permission.RECEIVE', 'android.permission.CALL_PHONE', 'android.permission.READ_CONTACTS', 'android.permission.WAKE_LOCK', 'com.google.android.finsky.permission.BIND_GET_INSTALL_REFERRER_SERVICE', 'android.permission.ACCESS_NETWORK_STATE', 'android.permission.VIBRATE', 'android.permission.INTERNET', 'android.permission.READ_PHONE_STATE']",
"perms_with_call" : "['android.permission.BROADCAST_STICKY', 'android.permission.ACCESS_COARSE_LOCATION', 'android.permission.ACCESS_FINE_LOCATION', 'android.permission.GET_TASKS', 'android.permission.WAKE_LOCK', 'android.permission.BLUETOOTH', 'android.permission.ACCESS_NETWORK_STATE']" 
"extra_perms" : "['android.permission.ACCESS_COARSE_LOCATION', 'android.permission.READ_CONTACTS', 'android.permission.ACCESS_FINE_LOCATION']",
}