{
"name" : "Zangi Private Messenger",
"url" : "https://play.google.com/store/apps/details?id=com.beint.zangi",
"package" : "com.beint.zangi",
"category" : "Communication",
"description" : "Zangi Private Messenger is a serverless messaging app to make uninterrupted voice and video calls, fast and private messaging, file sharing, which works from anywhere, anytime, and most importantly, it is absolutely free to download and use.   Why Use Zangi Private Messenger?   Keep your communication safe and away from any servers  Make high-quality voice and video calls even with 2G internet  Spend up to 6x less mobile data than other messaging apps   Mastery Approach to Security  Zangi implements the latest and greatest security technologies to protect you from privacy risks.   No Third Party Access All communication is secured with end-to-end encryption eliminating middleman listening.  No Servers. No Clouds. No Big Data. We have refused to collect big data and we dont keep any user data on any servers.  No Personal Info Leaks. Your private communication, personal info, and history is encrypted locally and stored only on your device.  No Fear. Your data and conversations only belong to you and are seen by you and your intended recipient.  Zangi-Built New-Age Technologies  Zangis in-house developed technologies provide revolutionary results in real-time communication.   Uninterrupted Calls & HD Quality Always stay connected. Have clean, HD quality audio and video calls.  Internet Speed Doesnt Matter Never worry about crowded Wifi or slow internet. Zangi adapts to your internet. Connect anywhere, even with 2G/ EDGE, noisy Wi-Fi and Satellite networks.   Low Data Usage Save money. Consume 6X less data than you would with other messengers.  Fastest Messaging Send instant messages, photos, videos, and any files.  Zangi is FREE and always will be   Zangi to Zangi communication is always FREE. Zangi does not sell ads and will never introduce supplementary fees at any point.   Original Stickers and Funny GIFs  Its refreshing to download a messenger that offers a whole new collection of originally designed stickers. Express yourself with Zangis colorful, themed stickers. Bring your text to life and give the best reactions with GIFs.   Private Group Chats  With an encrypted messenger, enjoy private group chats with your team members, family or friends, and never worry that your communication can be leaked or hacked. Reply or forward specific messages in the group chat. Personalize the group with a group image, name, background and more.   Download Zangi Messenger for Free today, for a messenger experience that provides total privacy and quality communication.  Zangi Private Messenger Download Now - Connect and Chat! ",
"desc_perms" : "['android.permission.CALL_PHONE', 'android.permission.READ_EXTERNAL_STORAGE', 'android.permission.READ_CONTACTS', 'android.permission.WRITE_EXTERNAL_STORAGE', 'android.permission.RECORD_AUDIO', 'android.permission.GET_ACCOUNTS', 'android.permission.MODIFY_AUDIO_SETTINGS', 'android.permission.ACCESS_NETWORK_STATE', 'android.permission.CAMERA', 'android.permission.INTERNET', 'android.permission.ACCESS_WIFI_STATE', 'android.permission.READ_PHONE_STATE']",
"manifest_perms" : "['android.permission.FOREGROUND_SERVICE', 'android.permission.BROADCAST_STICKY', 'com.huawei.android.launcher.permission.CHANGE_BADGE', 'android.permission.WRITE_SYNC_SETTINGS', 'com.beint.zangi.permission.C2D_MESSAGE', 'com.adobe.reader.misc.ARFileProvider.READ_CONTENT', 'android.permission.READ_SYNC_SETTINGS', 'android.permission.ACCESS_FINE_LOCATION', 'android.permission.ACCESS_NOTIFICATION_POLICY', 'android.permission.GET_TASKS', 'android.permission.BLUETOOTH', 'android.permission.MODIFY_AUDIO_SETTINGS', 'com.adobe.reader.READ_CONTENT', 'com.oppo.launcher.permission.WRITE_SETTINGS', 'com.htc.launcher.permission.UPDATE_SHORTCUT', 'android.permission.WRITE_EXTERNAL_STORAGE', 'android.permission.WRITE_CONTACTS', 'com.majeur.launcher.permission.UPDATE_BADGE', 'com.huawei.android.launcher.permission.READ_SETTINGS', 'android.permission.RAISED_THREAD_PRIORITY', 'android.permission.RECORD_AUDIO', 'com.anddoes.launcher.permission.UPDATE_COUNT', 'com.adobe.reader.WRITE_CONTENT', 'com.adobe.reader.misc.ARFileProvider.READ_DATABASE', 'com.sonyericsson.home.permission.BROADCAST_BADGE', 'android.permission.VIBRATE', 'android.permission.ACCESS_WIFI_STATE', 'com.adobe.reader.misc.READ_DATABASE', 'com.google.android.c2dm.permission.RECEIVE', 'me.everything.badger.permission.BADGE_COUNT_READ', 'com.google.android.providers.gsf.permission.READ_GSERVICES', 'android.permission.CALL_PHONE', 'com.adobe.reader.misc.ARFileProvider', 'com.huawei.android.launcher.permission.WRITE_SETTINGS', 'android.permission.AUTHENTICATE_ACCOUNTS', 'android.permission.WAKE_LOCK', 'android.permission.GET_ACCOUNTS', 'com.sonymobile.home.permission.PROVIDER_INSERT_BADGE', 'android.permission.DISABLE_KEYGUARD', 'android.permission.CAMERA', 'android.permission.KILL_BACKGROUND_PROCESSES', 'android.permission.INTERNET', 'com.adobe.reader.misc.WRITE_DATABASE', 'android.permission.CHANGE_WIFI_STATE', 'android.permission.READ_PHONE_STATE', 'android.permission.READ_LOGS', 'com.sec.android.provider.badge.permission.READ', 'android.permission.READ_APP_BADGE', 'com.sec.android.provider.badge.permission.WRITE', 'android.permission.READ_CONTACTS', 'android.permission.MANAGE_ACCOUNTS', 'android.permission.CHANGE_NETWORK_STATE', 'android.permission.ACCESS_COARSE_LOCATION', 'com.beint.zangi.permission.MAPS_RECEIVE', 'android.permission.CHANGE_WIFI_MULTICAST_STATE', 'android.permission.READ_EXTERNAL_STORAGE', 'com.htc.launcher.permission.READ_SETTINGS', 'me.everything.badger.permission.BADGE_COUNT_WRITE', 'com.adobe.reader.misc', 'com.adobe.reader', 'android.permission.ACCESS_NETWORK_STATE', 'android.permission.WRITE_SETTINGS', 'com.oppo.launcher.permission.READ_SETTINGS', 'android.permission.BLUETOOTH_ADMIN', 'com.adobe.reader.misc.ARFileProvider.WRITE_CONTENT', 'com.adobe.reader.misc.ARFileProvider.WRITE_DATABASE']",
"perms_with_call" : "['android.permission.BROADCAST_STICKY', 'android.permission.READ_EXTERNAL_STORAGE', 'android.permission.ACCESS_COARSE_LOCATION', 'android.permission.ACCESS_FINE_LOCATION', 'android.permission.GET_TASKS', 'android.permission.BLUETOOTH', 'android.permission.WAKE_LOCK', 'android.permission.SEND_SMS', 'android.permission.MODIFY_AUDIO_SETTINGS', 'android.permission.ACCESS_NETWORK_STATE', 'android.permission.READ_PHONE_STATE']" 
"extra_perms" : "['com.adobe.reader.misc.ARFileProvider', 'com.adobe.reader.misc.ARFileProvider.READ_CONTENT', 'android.permission.ACCESS_FINE_LOCATION', 'com.adobe.reader.READ_CONTENT', 'android.permission.DISABLE_KEYGUARD', 'android.permission.KILL_BACKGROUND_PROCESSES', 'com.adobe.reader.misc.WRITE_DATABASE', 'android.permission.READ_LOGS', 'android.permission.ACCESS_COARSE_LOCATION', 'com.beint.zangi.permission.MAPS_RECEIVE', 'android.permission.WRITE_CONTACTS', 'android.permission.RAISED_THREAD_PRIORITY', 'android.permission.SEND_SMS', 'com.adobe.reader.misc', 'com.adobe.reader.WRITE_CONTENT', 'com.adobe.reader', 'com.adobe.reader.misc.ARFileProvider.READ_DATABASE', 'com.adobe.reader.misc.READ_DATABASE', 'com.adobe.reader.misc.ARFileProvider.WRITE_CONTENT', 'com.adobe.reader.misc.ARFileProvider.WRITE_DATABASE']",
}