{
"name" : "imo free video calls and chat",
"url" : "https://play.google.com/store/apps/details?id=com.imo.android.imoim",
"package" : "com.imo.android.imoim",
"category" : "Communication",
"description" : "Imo is a free, simple and faster video calling & instant messaging app. Send text or voice messages or video call with your friends and family easily and quickly, even the signal under bad network.  New feature highlights:  Group Video & Audio Chats Support real-time group video chats up to 20 members. Enjoy live talks with colleagues, friends and families, create a conference room for online meeting, and send large size videos or documents as you like. It is the perfect tool for throwing an online party or working from home.  Why imo? Compatible with All Networks: Free and unlimited instant messages and audio or video calls over 2G, 3G, 4G* or Wi-Fi. Consistent & stable audio calls even with 2G network! Avoid SMS and phone call charges, no fees or subscription for every message or call. Multimedia: Fast photo and video sharing, you can also send and receive voice messages or documents of any type(.DOC, .MP3, .ZIP, .PDF, etc.). Free International Calls: Make international calls to your friends & family for free! No extra charge to send international messages. Experience crystal clear & HD quality instant video calls to friends and family all around the world! Powerful: Enjoy group chats up to 100,000 members, share large videos and documents of all types, send hundreds of free emotional stickers! Apps for All Devices: imo messenger is fully accessible from Android, iOS, Windows and MacOS. You can see all your messages, calls and share other media directly from your desktop or Android tablet. Less Data Usage: Enhanced data traffic usage efficiency, less data usage and save more money! Customized Profile: Express yourself with customized profile, select from hundreds of cool avatars, music themes and backgrounds! Quickly Find Your Contacts: Login to imo app only with your phone number, you dont need to remember extra username or PIN. You can use your address book to quickly connect with friends & family. Find Your Interests: Join thousands of group chats or imo Zones to find people with the same interests. You can also get all kinds of latest resources from imo. Cloud-based: All of your messages history and files can be securely synced in imo Cloud to free up your phone storage. You will never miss any notifications or messages even if you close the app! Other Features: imo Big Group, imo Zones, imo Live Streaming, imo Video and many other new features are coming!  Make international calls to landlines or mobile phones with imo Out at lower rates. imo out will save you more compared with traditional carries as for international calling. No expensive fees or subscription for each calls anymore  *Data charges may apply in this app. Contact your provider for details. Official website: https://imo.im/ ",
"desc_perms" : "['android.permission.CALL_PHONE', 'android.permission.WRITE_EXTERNAL_STORAGE', 'android.permission.GET_ACCOUNTS', 'android.permission.INTERNET', 'android.permission.READ_PHONE_STATE', 'android.permission.READ_CONTACTS', 'android.permission.ACCESS_WIFI_STATE', 'android.permission.SEND_SMS', 'android.permission.ACCESS_NETWORK_STATE', 'android.permission.WRITE_CONTACTS', 'android.permission.READ_EXTERNAL_STORAGE', 'android.permission.CAMERA', 'android.permission.MODIFY_AUDIO_SETTINGS']",
"manifest_perms" : "['android.permission.READ_APP_BADGE', 'android.permission.NFC', 'android.permission.AUTHENTICATE_ACCOUNTS', 'com.android.launcher.permission.INSTALL_SHORTCUT', 'android.permission.GET_TASKS', 'com.vivo.notification.permission.BADGE_ICON', 'android.permission.GET_ACCOUNTS', 'android.permission.MANAGE_ACCOUNTS', 'com.huawei.android.launcher.permission.CHANGE_BADGE', 'me.everything.badger.permission.BADGE_COUNT_READ', 'android.permission.ACCESS_WIFI_STATE', 'android.permission.ACCESS_COARSE_LOCATION', 'com.google.android.c2dm.permission.RECEIVE', 'android.permission.ACCESS_NETWORK_STATE', 'android.permission.WRITE_SYNC_SETTINGS', 'android.permission.READ_PHONE_STATE', 'sg.bigo.live.permission.Bepulled', 'android.permission.WAKE_LOCK', 'android.permission.GET_PACKAGE_SIZE', 'com.sec.android.provider.badge.permission.WRITE', 'com.sonymobile.home.permission.PROVIDER_INSERT_BADGE', 'com.huawei.android.launcher.permission.READ_SETTINGS', 'com.huawei.android.launcher.permission.CHANGE_BADGE ', 'com.huawei.android.launcher.permission.WRITE_SETTINGS', 'android.permission.WRITE_EXTERNAL_STORAGE', 'video.like.permission.Bepulled', 'com.htc.launcher.permission.UPDATE_SHORTCUT', 'android.permission.READ_CONTACTS', 'android.permission.READ_SYNC_SETTINGS', 'com.anddoes.launcher.permission.UPDATE_COUNT', 'com.google.android.providers.gsf.permission.READ_GSERVICES', 'video.like.lockscreen.read', 'android.permission.CAMERA', 'android.permission.BROADCAST_STICKY', 'android.permission.USE_FULL_SCREEN_INTENT', 'com.android.vending.BILLING', 'com.google.android.finsky.permission.BIND_GET_INSTALL_REFERRER_SERVICE', 'com.oppo.launcher.permission.WRITE_SETTINGS', 'com.imo.android.imoim.permission.PERMISSION_SAFE_BROADCAST', 'com.majeur.launcher.permission.UPDATE_BADGE', 'com.sec.android.provider.badge.permission.READ', 'me.everything.badger.permission.BADGE_COUNT_WRITE', 'android.permission.READ_PROFILE', 'android.permission.BLUETOOTH', 'android.permission.SYSTEM_ALERT_WINDOW', 'android.permission.WRITE_CONTACTS', 'android.permission.READ_EXTERNAL_STORAGE', 'android.permission.FOREGROUND_SERVICE', 'android.permission.VIBRATE', 'android.permission.MODIFY_AUDIO_SETTINGS', 'com.htc.launcher.permission.READ_SETTINGS', 'android.permission.REQUEST_INSTALL_PACKAGES', 'android.permission.CALL_PHONE', 'com.oppo.launcher.permission.READ_SETTINGS', 'android.permission.RECORD_AUDIO', 'android.permission.READ_PHONE_NUMBERS', 'android.permission.INTERNET', 'android.permission.CHANGE_WIFI_STATE', 'android.permission.RECEIVE_BOOT_COMPLETED', 'com.sonyericsson.home.permission.BROADCAST_BADGE', 'android.permission.ACCESS_FINE_LOCATION']",
"perms_with_call" : "['android.permission.WAKE_LOCK', 'android.permission.GET_TASKS', 'android.permission.USE_FINGERPRINT', 'android.permission.ACCESS_WIFI_STATE', 'android.permission.ACCESS_COARSE_LOCATION', 'android.permission.BLUETOOTH', 'android.permission.MODIFY_AUDIO_SETTINGS', 'android.permission.ACCESS_NETWORK_STATE', 'android.permission.READ_PHONE_STATE', 'android.permission.BROADCAST_STICKY', 'android.permission.ACCESS_FINE_LOCATION']" 
"extra_perms" : "['android.permission.NFC', 'android.permission.RECORD_AUDIO', 'sg.bigo.live.permission.Bepulled', 'com.vivo.notification.permission.BADGE_ICON', 'android.permission.READ_PHONE_NUMBERS', 'video.like.permission.Bepulled', 'com.imo.android.imoim.permission.PERMISSION_SAFE_BROADCAST', 'android.permission.ACCESS_COARSE_LOCATION', 'android.permission.USE_FULL_SCREEN_INTENT', 'android.permission.SYSTEM_ALERT_WINDOW', 'video.like.lockscreen.read', 'com.android.vending.BILLING', 'com.huawei.android.launcher.permission.CHANGE_BADGE ', 'android.permission.ACCESS_FINE_LOCATION']",
}