{
"name" : "Bayan Call",
"url" : "https://play.google.com/store/apps/details?id=com.revesoft.mobiledialer.bayan_call_38313",
"package" : "com.revesoft.mobiledialer.bayan_call_38313",
"category" : "Communication",
"description" : "With its simple and intuitive user interface, Bayan Call is the solution to making high quality calls for a fraction of the cost. Utilizing the latest advances in VoIP technology, you can be ensured that all your communications are secure and affordable.   Bayan Call is a SIP-based soft phone. You can call your friends and family from Bayan Call with lowest international call rates! And very good quality.   Features  SIP-based Softphone with exceptional voice quality  Works from Wi-Fi/3G/4G/GSM  Support for DTMF  Easy contact book, call history.  In addition to your cost savings, we offers:   Secure and reliable communication  Compatible with VOIP switches supporting standard SIP  Unique anti-block solution  Option to brand own dialer  Advance Echo Cancellation  Flexible integration with your phone book contacts  Screen display for your call history, call timer and balance ",
"desc_perms" : "['android.permission.MODIFY_AUDIO_SETTINGS', 'android.permission.READ_CONTACTS', 'android.permission.READ_PHONE_STATE', 'android.permission.CALL_PHONE']",
"manifest_perms" : "['android.permission.RECEIVE_BOOT_COMPLETED', 'android.permission.CAMERA', 'android.permission.VIBRATE', 'android.permission.BLUETOOTH', 'android.permission.FOREGROUND_SERVICE', 'android.permission.MODIFY_AUDIO_SETTINGS', 'android.permission.AUTHENTICATE_ACCOUNTS', 'android.permission.READ_SYNC_SETTINGS', 'android.permission.READ_PROFILE', 'android.permission.ACCESS_WIFI_STATE', 'android.permission.WRITE_SYNC_SETTINGS', 'android.permission.BROADCAST_STICKY', 'android.permission.WAKE_LOCK', 'android.permission.SYSTEM_ALERT_WINDOW', 'android.permission.INTERNET', 'android.permission.RECORD_AUDIO', 'android.permission.BLUETOOTH_ADMIN', 'com.google.android.c2dm.permission.RECEIVE', 'android.permission.READ_CONTACTS', 'android.permission.CALL_PHONE', 'android.permission.READ_PHONE_STATE', 'android.permission.MANAGE_ACCOUNTS', 'com.google.android.finsky.permission.BIND_GET_INSTALL_REFERRER_SERVICE', 'android.permission.DISABLE_KEYGUARD', 'android.permission.ACCESS_NETWORK_STATE', 'android.permission.GET_ACCOUNTS', 'android.permission.WRITE_CONTACTS']",
"perms_with_call" : "['android.permission.READ_EXTERNAL_STORAGE', 'android.permission.READ_PHONE_STATE', 'android.permission.SEND_SMS', 'android.permission.DISABLE_KEYGUARD', 'android.permission.ACCESS_COARSE_LOCATION', 'android.permission.BLUETOOTH', 'android.permission.ACCESS_NETWORK_STATE', 'android.permission.MODIFY_AUDIO_SETTINGS', 'android.permission.GET_TASKS', 'android.permission.BROADCAST_STICKY', 'android.permission.WAKE_LOCK', 'android.permission.ACCESS_FINE_LOCATION']" 
"extra_perms" : "['android.permission.INTERNET', 'android.permission.CAMERA', 'android.permission.ACCESS_WIFI_STATE', 'android.permission.SEND_SMS', 'android.permission.RECORD_AUDIO', 'android.permission.DISABLE_KEYGUARD', 'android.permission.ACCESS_COARSE_LOCATION', 'android.permission.ACCESS_NETWORK_STATE', 'android.permission.GET_ACCOUNTS', 'android.permission.WRITE_CONTACTS', 'android.permission.READ_EXTERNAL_STORAGE', 'android.permission.SYSTEM_ALERT_WINDOW', 'android.permission.ACCESS_FINE_LOCATION']",
}