{
"name" : "OS12 Messenger for SMS 2019 - Call app",
"url" : "https://play.google.com/store/apps/details?id=com.arai.messenger.ios",
"package" : "com.arai.messenger.ios",
"category" : "Communication",
"description" : "Combines the best of Android and a lPhone style!    Change your default Message style like OS12. OS12 Messenger for SMS 2019 is your best choice.  ===== Key Features of OS12 SMS Messenger ====  - SMS/MMS HANDLER- Send and receive your SMS/MMS Encrypt your messages locally  - PHONE HANDLER-  Embedded dialpad that directly make a phone call with dual-sim support Well designed calling and in call screen Clear call logs for your private contacts after each phone call  - SECURE MESSAGES- All messages are encrypted for the secure purpose No one could take a snapshot of your messages  -PRIVATE BOX- Encrypt messages with private box and you can highly customize notification contents for private messages Hide private box icon to protect privacy from being snooped  -FUNNY EMOJI MESSAGE- Fast text 3000+ Lenny face, emoji & emoticons from messages directly Great display of Lenny face, emoji & emoticons in a text message  - DUAL SIM- Fully supports dual sim devices for Android 5.1 and above for both SMS and MMS  -DELAY SMS & SCHEDULE SMS- Delayed SMS message give chance to cancel or correct the wrong message Schedule SMS messages will never let you miss any big moments  -SMS BLOCKER- No worry about spam messages to bother you with a blocker  -FREE ANIMATED GIF- Share thousands of trending hot GIFs MMS via MMS  -ANDROID WEAR COMPATIBLE- SMS Messages works perfectly on Android Wear  -MORE FEATURES- Send pictures, audio, video MMS messages Lock your messages app with Patterns Clipboard for multiple fast copy and paste text messages Quick search to find exactly what you are looking for  -Contact Us- Please feel free to contact us with email hi@melonsapp.com. We would love to hear from you. If you have enjoyed any design or features of OS12 SMS Messenger, please rate us  on Play Store.  Thank you for your download and we will keep working on OS12 SMS Messenger to be better and better for your texting needs. ",
"desc_perms" : "['android.permission.CALL_PHONE', 'android.permission.READ_EXTERNAL_STORAGE', 'android.permission.WRITE_EXTERNAL_STORAGE', 'android.permission.RECORD_AUDIO', 'android.permission.SEND_SMS', 'android.permission.MODIFY_AUDIO_SETTINGS', 'android.permission.ACCESS_NETWORK_STATE', 'android.permission.CAMERA', 'android.permission.RECEIVE_SMS', 'android.permission.INTERNET', 'android.permission.ACCESS_WIFI_STATE', 'android.permission.READ_PHONE_STATE']",
"manifest_perms" : "['android.permission.BROADCAST_STICKY', 'com.huawei.android.launcher.permission.CHANGE_BADGE', 'android.permission.WRITE_SYNC_SETTINGS', 'android.permission.WRITE_SMS', 'android.permission.READ_SYNC_SETTINGS', 'android.permission.ACCESS_FINE_LOCATION', 'android.permission.USE_CREDENTIALS', 'android.permission.WRITE_CALL_LOG', 'android.permission.BLUETOOTH', 'android.permission.RECEIVE_BOOT_COMPLETED', 'android.permission.MODIFY_AUDIO_SETTINGS', 'android.permission.CALL_PRIVILEGED', 'com.oppo.launcher.permission.WRITE_SETTINGS', 'com.google.android.finsky.permission.BIND_GET_INSTALL_REFERRER_SERVICE', 'android.permission.READ_PROFILE', 'com.arai.messenger.ios.permission.C2D_MESSAGE', 'android.permission.SYSTEM_ALERT_WINDOW', 'com.htc.launcher.permission.UPDATE_SHORTCUT', 'android.permission.WRITE_EXTERNAL_STORAGE', 'android.permission.READ_CALL_LOG', 'android.permission.WRITE_CONTACTS', 'com.majeur.launcher.permission.UPDATE_BADGE', 'com.huawei.android.launcher.permission.READ_SETTINGS', 'android.permission.SET_WALLPAPER', 'android.permission.RECORD_AUDIO', 'android.permission.RAISED_THREAD_PRIORITY', 'android.permission.MODIFY_PHONE_STATE', 'com.anddoes.launcher.permission.UPDATE_COUNT', 'android.permission.READ_CALL_STATE', 'com.android.vending.BILLING', 'android.permission.RECEIVE_MMS', 'android.permission.WRITE_CALENDAR', 'android.permission.PROCESS_OUTGOING_CALLS', 'android.permission.VIBRATE', 'android.permission.ACCESS_WIFI_STATE', 'com.sonyericsson.home.permission.BROADCAST_BADGE', 'android.permission.READ_CALENDAR', 'com.google.android.c2dm.permission.RECEIVE', 'me.everything.badger.permission.BADGE_COUNT_READ', 'android.permission.CALL_PHONE', 'com.huawei.android.launcher.permission.WRITE_SETTINGS', 'android.permission.AUTHENTICATE_ACCOUNTS', 'android.permission.WAKE_LOCK', 'android.permission.GET_ACCOUNTS', 'com.sonymobile.home.permission.PROVIDER_INSERT_BADGE', 'android.permission.DISABLE_KEYGUARD', 'android.permission.CAMERA', 'android.permission.INTERNET', 'android.permission.CHANGE_WIFI_STATE', 'android.permission.READ_PHONE_STATE', 'android.permission.READ_LOGS', 'android.permission.REQUEST_IGNORE_BATTERY_OPTIMIZATIONS', 'android.permission.WRITE_PROFILE', 'com.sec.android.provider.badge.permission.READ', 'com.sec.android.provider.badge.permission.WRITE', 'android.permission.READ_APP_BADGE', 'android.permission.READ_CONTACTS', 'android.permission.READ_SMS', 'android.permission.CHANGE_NETWORK_STATE', 'android.permission.READ_EXTERNAL_STORAGE', 'android.permission.ACCESS_COARSE_LOCATION', 'com.htc.launcher.permission.READ_SETTINGS', 'me.everything.badger.permission.BADGE_COUNT_WRITE', 'com.arai.messenger.ios.ACCESS_SECRETS', 'android.permission.SEND_SMS', 'android.permission.ACCESS_NETWORK_STATE', 'android.permission.INSTALL_SHORTCUT', 'com.oppo.launcher.permission.READ_SETTINGS', 'android.permission.RECEIVE_SMS', 'android.permission.BROADCAST_WAP_PUSH']",
"perms_with_call" : "['android.permission.BROADCAST_STICKY', 'android.permission.READ_EXTERNAL_STORAGE', 'android.permission.CHANGE_NETWORK_STATE', 'android.permission.ACCESS_COARSE_LOCATION', 'android.permission.ACCESS_FINE_LOCATION', 'android.permission.GET_TASKS', 'android.permission.WAKE_LOCK', 'android.permission.SEND_SMS', 'android.permission.ACCESS_NETWORK_STATE', 'android.permission.RECEIVE_MMS', 'android.permission.ACCESS_WIFI_STATE', 'android.permission.CHANGE_WIFI_STATE', 'android.permission.READ_PHONE_STATE']" 
"extra_perms" : "['android.permission.WRITE_CALENDAR', 'android.permission.WRITE_SMS', 'android.permission.ACCESS_FINE_LOCATION', 'android.permission.WRITE_CALL_LOG', 'android.permission.GET_ACCOUNTS', 'android.permission.CALL_PRIVILEGED', 'android.permission.DISABLE_KEYGUARD', 'android.permission.READ_LOGS', 'android.permission.REQUEST_IGNORE_BATTERY_OPTIMIZATIONS', 'android.permission.WRITE_PROFILE', 'android.permission.READ_CONTACTS', 'android.permission.READ_SMS', 'android.permission.ACCESS_COARSE_LOCATION', 'android.permission.INSTALL_SHORTCUT', 'android.permission.READ_CALL_LOG', 'android.permission.WRITE_CONTACTS', 'com.arai.messenger.ios.ACCESS_SECRETS', 'android.permission.SYSTEM_ALERT_WINDOW', 'android.permission.RAISED_THREAD_PRIORITY', 'android.permission.MODIFY_PHONE_STATE', 'android.permission.READ_CALL_STATE', 'com.android.vending.BILLING', 'android.permission.RECEIVE_MMS', 'android.permission.PROCESS_OUTGOING_CALLS', 'android.permission.BROADCAST_WAP_PUSH', 'android.permission.READ_CALENDAR']",
}