{
"name" : "imagineMobile",
"url" : "https://play.google.com/store/apps/details?id=com.imagine.mobile",
"package" : "com.imagine.mobile",
"category" : "Communication",
"description" : "Say hello to the new imagineMobile app. Our new easy-to-use app lets you manage your imagine mobile services simply and quickly on your mobile device.   View account   Purchase boosters  Monitor your usage  View bills history and more  To enjoy these services and more, download the app to undergo a simple registration process and youre ready to experience what imagineMobile has to offer. ",
"desc_perms" : "['android.permission.ACCESS_NETWORK_STATE', 'android.permission.ACCESS_WIFI_STATE', 'android.permission.INTERNET', 'android.permission.WRITE_EXTERNAL_STORAGE']",
"manifest_perms" : "['android.permission.READ_APP_BADGE', 'com.imagine.mobile.permission.C2D_MESSAGE', 'com.huawei.android.launcher.permission.CHANGE_BADGE', 'me.everything.badger.permission.BADGE_COUNT_READ', 'android.permission.ACCESS_WIFI_STATE', 'com.google.android.c2dm.permission.RECEIVE', 'android.permission.ACCESS_NETWORK_STATE', 'com.huawei.android.launcher.permission.READ_SETTINGS', 'android.permission.WAKE_LOCK', 'com.sonymobile.home.permission.PROVIDER_INSERT_BADGE', 'com.huawei.android.launcher.permission.WRITE_SETTINGS', 'android.permission.WRITE_EXTERNAL_STORAGE', 'com.htc.launcher.permission.UPDATE_SHORTCUT', 'com.anddoes.launcher.permission.UPDATE_COUNT', 'com.oppo.launcher.permission.WRITE_SETTINGS', 'com.majeur.launcher.permission.UPDATE_BADGE', 'com.sec.android.provider.badge.permission.READ', 'me.everything.badger.permission.BADGE_COUNT_WRITE', 'android.permission.READ_EXTERNAL_STORAGE', 'android.permission.VIBRATE', 'com.htc.launcher.permission.READ_SETTINGS', 'com.oppo.launcher.permission.READ_SETTINGS', 'android.permission.INTERNET', 'android.permission.RECEIVE_BOOT_COMPLETED', 'com.sonyericsson.home.permission.BROADCAST_BADGE', 'com.sec.android.provider.badge.permission.WRITE']",
"perms_with_call" : "['android.permission.WAKE_LOCK', 'android.permission.GET_TASKS', 'android.permission.ACCESS_WIFI_STATE', 'android.permission.ACCESS_COARSE_LOCATION', 'android.permission.CHANGE_NETWORK_STATE', 'android.permission.ACCESS_NETWORK_STATE', 'android.permission.BROADCAST_STICKY', 'android.permission.ACCESS_FINE_LOCATION']" 
"extra_perms" : "['android.permission.READ_EXTERNAL_STORAGE', 'android.permission.ACCESS_COARSE_LOCATION', 'android.permission.ACCESS_FINE_LOCATION']",
}