{
"name" : "Messenger Lite: Free Calls & Messages",
"url" : "https://play.google.com/store/apps/details?id=com.facebook.mlite",
"package" : "com.facebook.mlite",
"category" : "Communication",
"description" : "A fast and data-efficient messaging app to reach the people in your life.   Messenger Lite: - Installs quickly. Its less than 10MB to download! - Saves data. It loads fast, runs efficiently and uses less mobile data. - Works everywhere. Reach people when youre in an area with a slow or unstable internet connection.  With Messenger Lite, you can: - Contact anyone on Messenger, Facebook or Facebook Lite. - See when people are active and available to chat. - Message people one-on-one or in groups to catch up or make plans. - Send photos, links, or express yourself with stickers. - Make one-on-one voice and video calls for free over Wi-Fi (otherwise standard data charges apply). Talk as long as you want, even with people in other countries! ",
"desc_perms" : "['android.permission.CALL_PHONE', 'android.permission.WRITE_EXTERNAL_STORAGE', 'android.permission.RECORD_AUDIO', 'android.permission.MODIFY_AUDIO_SETTINGS', 'android.permission.ACCESS_NETWORK_STATE', 'android.permission.CAMERA', 'android.permission.INTERNET', 'android.permission.ACCESS_WIFI_STATE', 'android.permission.READ_PHONE_STATE']",
"manifest_perms" : "['android.permission.FOREGROUND_SERVICE', 'com.android.launcher.permission.UNINSTALL_SHORTCUT', 'com.facebook.orca.provider.ACCESS', 'android.permission.BLUETOOTH', 'android.permission.RECEIVE_BOOT_COMPLETED', 'android.permission.MODIFY_AUDIO_SETTINGS', 'android.permission.READ_PROFILE', 'com.htc.launcher.permission.UPDATE_SHORTCUT', 'android.permission.WRITE_EXTERNAL_STORAGE', 'com.facebook.pages.app.provider.ACCESS', 'android.permission.RECORD_AUDIO', 'com.sonyericsson.home.permission.BROADCAST_BADGE', 'android.permission.VIBRATE', 'android.permission.ACCESS_WIFI_STATE', 'com.google.android.c2dm.permission.RECEIVE', 'com.facebook.wakizashi.provider.ACCESS', 'com.android.launcher.permission.INSTALL_SHORTCUT', 'android.permission.REQUEST_INSTALL_PACKAGES', 'android.permission.AUTHENTICATE_ACCOUNTS', 'android.permission.BATTERY_STATS', 'com.facebook.mlite.BROADCAST', 'android.permission.WAKE_LOCK', 'android.permission.GET_ACCOUNTS', 'com.facebook.permission.prod.FB_APP_COMMUNICATION', 'android.permission.DOWNLOAD_WITHOUT_NOTIFICATION', 'com.facebook.mlite.permission.C2D_MESSAGE', 'android.permission.CAMERA', 'android.permission.INTERNET', 'android.permission.READ_PHONE_STATE', 'com.sec.android.provider.badge.permission.READ', 'com.facebook.katana.provider.ACCESS', 'com.sec.android.provider.badge.permission.WRITE', 'android.permission.READ_CONTACTS', 'android.permission.READ_EXTERNAL_STORAGE', 'android.permission.CHANGE_NETWORK_STATE', 'android.permission.MANAGE_ACCOUNTS', 'com.facebook.lite.provider.ACCESS', 'com.htc.launcher.permission.READ_SETTINGS', 'android.permission.USE_FULL_SCREEN_INTENT', 'com.facebook.mlite.provider.ACCESS', 'android.permission.ACCESS_NETWORK_STATE']",
"perms_with_call" : "['android.permission.BROADCAST_STICKY', 'android.permission.CHANGE_NETWORK_STATE', 'android.permission.ACCESS_COARSE_LOCATION', 'android.permission.ACCESS_FINE_LOCATION', 'android.permission.GET_TASKS', 'android.permission.WAKE_LOCK', 'android.permission.BLUETOOTH', 'android.permission.MODIFY_AUDIO_SETTINGS', 'android.permission.ACCESS_NETWORK_STATE', 'android.permission.ACCESS_WIFI_STATE', 'android.permission.READ_PHONE_STATE']" 
"extra_perms" : "['android.permission.READ_EXTERNAL_STORAGE', 'android.permission.READ_CONTACTS', 'android.permission.ACCESS_COARSE_LOCATION', 'android.permission.BATTERY_STATS', 'com.facebook.mlite.BROADCAST', 'com.facebook.lite.provider.ACCESS', 'android.permission.ACCESS_FINE_LOCATION', 'android.permission.USE_FULL_SCREEN_INTENT', 'android.permission.GET_ACCOUNTS', 'android.permission.DOWNLOAD_WITHOUT_NOTIFICATION']",
}