{
"name" : "Coco",
"url" : "https://play.google.com/store/apps/details?id=com.instanza.cocovoice",
"package" : "com.instanza.cocovoice",
"category" : "Communication",
"description" : "With Coco, users can:  Make free calls all over the world  Log messages with Visual Voicemail  Stay in the loop with Moments, a diary of your friends activity  Send instant texts and push-to-talk voice messages  Create group chats with existing friends or join public chat rooms to create new ones  Share photos, location, and contact information  Meet people with social features such as People/Groups Nearby, Winks, and Shake Shake   Cocos mission is to distill the illusion of time, distance and language and provide a fun, free and functional space for all people to instantly connect. ",
"desc_perms" : "['android.permission.CALL_PHONE', 'android.permission.WRITE_EXTERNAL_STORAGE', 'android.permission.INTERNET', 'android.permission.GET_ACCOUNTS', 'android.permission.READ_PHONE_STATE', 'android.permission.ACCESS_WIFI_STATE', 'android.permission.READ_CONTACTS', 'android.permission.SEND_SMS', 'android.permission.ACCESS_COARSE_LOCATION', 'android.permission.ACCESS_NETWORK_STATE', 'android.permission.WRITE_CONTACTS', 'android.permission.READ_EXTERNAL_STORAGE', 'android.permission.CAMERA', 'android.permission.MODIFY_AUDIO_SETTINGS']",
"manifest_perms" : "['android.permission.AUTHENTICATE_ACCOUNTS', 'com.android.launcher.permission.INSTALL_SHORTCUT', 'android.permission.GET_TASKS', 'android.permission.UPDATE_APP_OPS_STATS', 'android.permission.GET_ACCOUNTS', 'android.permission.MANAGE_ACCOUNTS', 'android.permission.ACCESS_WIFI_STATE', 'android.permission.ACCESS_COARSE_LOCATION', 'com.google.android.c2dm.permission.RECEIVE', 'android.permission.ACCESS_NETWORK_STATE', 'android.permission.WRITE_SYNC_SETTINGS', 'android.permission.READ_PHONE_STATE', 'android.permission.WAKE_LOCK', 'com.android.launcher.permission.READ_SETTINGS', 'com.sec.android.provider.badge.permission.WRITE', 'android.permission.WRITE_EXTERNAL_STORAGE', 'android.permission.ACCESS_DOWNLOAD_MANAGER', 'android.permission.READ_CONTACTS', 'android.permission.WRITE_INTERNAL_STORAGE', 'android.permission.READ_SYNC_SETTINGS', 'com.google.android.providers.gsf.permission.READ_GSERVICES', 'android.permission.CAMERA', 'android.permission.BROADCAST_STICKY', 'android.permission.MOUNT_UNMOUNT_FILESYSTEMS', 'android.permission.READ_SYNC_STATS', 'com.sec.android.provider.badge.permission.READ', 'android.permission.BLUETOOTH', 'android.permission.READ_PROFILE', 'com.android.launcher.permission.UNINSTALL_SHORTCUT', 'android.permission.SYSTEM_ALERT_WINDOW', 'android.permission.WRITE_CONTACTS', 'android.permission.READ_EXTERNAL_STORAGE', 'android.permission.MODIFY_AUDIO_SETTINGS', 'android.permission.VIBRATE', 'android.permission.RECORD_AUDIO', 'com.instanza.cocovoice.permission.C2D_MESSAGE', 'android.permission.INTERNET', 'android.permission.RECEIVE_BOOT_COMPLETED', 'android.permission.DISABLE_KEYGUARD', 'android.permission.USE_CREDENTIALS', 'android.permission.ACCESS_FINE_LOCATION']",
"perms_with_call" : "['android.permission.GET_TASKS', 'android.permission.ACCESS_WIFI_STATE', 'android.permission.ACCESS_COARSE_LOCATION', 'android.permission.BLUETOOTH', 'android.permission.ACCESS_FINE_LOCATION', 'android.permission.SEND_SMS', 'android.permission.ACCESS_NETWORK_STATE', 'android.permission.READ_EXTERNAL_STORAGE', 'android.permission.READ_PHONE_STATE', 'android.permission.MODIFY_AUDIO_SETTINGS', 'android.permission.WAKE_LOCK']" 
"extra_perms" : "['android.permission.RECORD_AUDIO', 'android.permission.MOUNT_UNMOUNT_FILESYSTEMS', 'android.permission.UPDATE_APP_OPS_STATS', 'android.permission.ACCESS_DOWNLOAD_MANAGER', 'android.permission.SEND_SMS', 'android.permission.WRITE_INTERNAL_STORAGE', 'android.permission.DISABLE_KEYGUARD', 'android.permission.SYSTEM_ALERT_WINDOW', 'android.permission.ACCESS_FINE_LOCATION', 'com.android.launcher.permission.READ_SETTINGS']",
}