{
"name" : "Cellbry",
"url" : "https://play.google.com/store/apps/details?id=com.cellbry.row.calls",
"package" : "com.cellbry.row.calls",
"category" : "Communication",
"description" : "Cheaper international calls with exceptional voice quality, with Cellbry, yes thats cellbry! Cellbry is great for calling India, Bangladesh, Brazil, Philippines, Mexico, China, Egypt, Germany, Nigeria, Kenya, Indonesia, Malaysia, Iran, Iraq, Morocco, Pakistan, Poland, Romania, Russia, Saudi Arabia, Sri Lanka, Nepal or any other destination. (Check our rates inside the app)  Cellbry is a high definition mobile voice application for Android, featuring functionality like Voice, in-app products and many more. This application works in 2G/3G/4G/WiFi environments. Its QoS feature ensures exceptional voice quality, bandwidth normalization, Voice/Video packet negotiation.  1. Verified mobile number. 2. Your verified mobile number will displayed to the one you call. 3. In-app purchase gives you the freedom that, you wont run out of credits anytime and anywhere. 4. No account password, just remember your mobile number, we will take care of the rest. 5. Ensuring hassle free, crystal clear voice calling experience with Cellbry.  Enjoy talking with our next generation voice experience. ",
"desc_perms" : "[]",
"manifest_perms" : "['android.permission.BROADCAST_STICKY', 'android.permission.WRITE_SYNC_SETTINGS', 'android.permission.READ_SYNC_SETTINGS', 'android.permission.GET_TASKS', 'android.permission.BLUETOOTH', 'android.permission.RECEIVE_BOOT_COMPLETED', 'android.permission.MODIFY_AUDIO_SETTINGS', 'android.permission.WRITE_EXTERNAL_STORAGE', 'android.permission.WRITE_CONTACTS', 'android.permission.RECORD_AUDIO', 'com.android.vending.BILLING', 'android.permission.ACCESS_WIFI_STATE', 'com.google.android.c2dm.permission.RECEIVE', 'android.permission.CALL_PHONE', 'android.permission.AUTHENTICATE_ACCOUNTS', 'android.permission.WAKE_LOCK', 'android.permission.GET_ACCOUNTS', 'android.permission.KILL_BACKGROUND_PROCESSES', 'android.permission.INTERNET', 'android.permission.READ_PHONE_STATE', 'android.permission.READ_LOGS', 'com.cellbry.row.calls.permission.C2D_MESSAGE', 'android.permission.READ_CONTACTS', 'android.permission.READ_EXTERNAL_STORAGE', 'android.permission.CHANGE_WIFI_MULTICAST_STATE', 'android.permission.ACCESS_NETWORK_STATE', 'android.permission.BLUETOOTH_ADMIN']",
"perms_with_call" : "['android.permission.BROADCAST_STICKY', 'android.permission.ACCESS_COARSE_LOCATION', 'android.permission.ACCESS_FINE_LOCATION', 'android.permission.GET_TASKS', 'android.permission.WAKE_LOCK', 'android.permission.BLUETOOTH', 'android.permission.MODIFY_AUDIO_SETTINGS', 'android.permission.ACCESS_NETWORK_STATE']" 
"extra_perms" : "['android.permission.CALL_PHONE', 'android.permission.ACCESS_FINE_LOCATION', 'android.permission.GET_ACCOUNTS', 'android.permission.MODIFY_AUDIO_SETTINGS', 'android.permission.KILL_BACKGROUND_PROCESSES', 'android.permission.INTERNET', 'android.permission.READ_PHONE_STATE', 'android.permission.READ_LOGS', 'android.permission.READ_EXTERNAL_STORAGE', 'android.permission.READ_CONTACTS', 'android.permission.ACCESS_COARSE_LOCATION', 'android.permission.WRITE_EXTERNAL_STORAGE', 'android.permission.WRITE_CONTACTS', 'android.permission.RECORD_AUDIO', 'android.permission.ACCESS_NETWORK_STATE', 'com.android.vending.BILLING', 'android.permission.ACCESS_WIFI_STATE']",
}