{
"name" : "KFINTECH Attendance",
"url" : "https://play.google.com/store/apps/details?id=com.kfintech.attendance",
"package" : "com.kfintech.attendance",
"category" : "Communication",
"description" : "This app allows the KFintech employees to easily mark their daily attendance. Employees need to sign in with their registered username and password to access the app. ",
"desc_perms" : "['android.permission.ACCESS_WIFI_STATE', 'android.permission.INTERNET', 'android.permission.ACCESS_NETWORK_STATE']",
"manifest_perms" : "['android.permission.USE_BIOMETRIC', 'android.permission.WRITE_EXTERNAL_STORAGE', 'android.permission.FOREGROUND_SERVICE ', 'android.permission.ACCESS_COARSE_LOCATION', 'android.permission.CALL_PHONE', 'com.google.android.finsky.permission.BIND_GET_INSTALL_REFERRER_SERVICE', 'android.permission.USE_FINGERPRINT', 'com.example.towntour.permission.MAPS_RECEIVE', 'com.google.android.c2dm.permission.RECEIVE', 'android.permission.ACCESS_NETWORK_STATE', 'android.permission.ACCESS_LOCATION_EXTRA_COMMANDS', 'com.google.android.providers.gsf.permission.READ_GSERVICES', 'android.permission.WAKE_LOCK', 'android.permission.INTERNET', 'android.permission.READ_PRIVILEGED_PHONE_STATE ', 'android.permission.READ_PHONE_STATE', 'android.permission.READ_EXTERNAL_STORAGE', 'android.permission.ACCESS_FINE_LOCATION']",
"perms_with_call" : "['android.permission.ACCESS_COARSE_LOCATION', 'android.permission.BROADCAST_STICKY', 'android.permission.USE_FINGERPRINT', 'android.permission.ACCESS_NETWORK_STATE', 'android.permission.WAKE_LOCK', 'android.permission.GET_TASKS', 'android.permission.BLUETOOTH', 'android.permission.ACCESS_FINE_LOCATION']" 
"extra_perms" : "['android.permission.WRITE_EXTERNAL_STORAGE', 'android.permission.ACCESS_COARSE_LOCATION', 'android.permission.FOREGROUND_SERVICE ', 'android.permission.CALL_PHONE', 'com.example.towntour.permission.MAPS_RECEIVE', 'android.permission.ACCESS_LOCATION_EXTRA_COMMANDS', 'android.permission.READ_PRIVILEGED_PHONE_STATE ', 'android.permission.READ_PHONE_STATE', 'android.permission.READ_EXTERNAL_STORAGE', 'android.permission.ACCESS_FINE_LOCATION']",
}