{
"name" : "Osiris Browser: No Ads, Secure Hyper Speed Browser",
"url" : "https://play.google.com/store/apps/details?id=com.osiris.browser",
"package" : "com.osiris.browser",
"category" : "Communication",
"description" : "Welcome to the next evolution of web browsers. With Osiris Beta, you can surf the Internet at an increased speed thats 3x to 7x faster than other browsers. You can also enjoy watching your favorite videos without any worries of buffering, lagging or ad interruptions.   Current features include:  o Fast Browsing Hyper-speed browsing thats 3x to 7x faster than other browsers. o Block Ads & Trackers Blocks 90% of intrusive ads and protects your online activities from being tracked. o Save Money Lower data usage results in lower charges and more savings. o Privacy Protection Protects sensitive private information from forced extraction. Osiris does not collect your private information nor keep track of your online activities.   Remember that we will be frequently releasing the following features and more:  New styling options.  More innovative intuitive interface  Ability to add, remove, edit wallpaper shortcuts.  Architecture 9  P2E architecture  Web3 integration ",
"desc_perms" : "['android.permission.ACCESS_NETWORK_STATE', 'android.permission.ACCESS_WIFI_STATE', 'android.permission.INTERNET']",
"manifest_perms" : "['com.osiris.browser.TOS_ACKED', 'android.permission.NFC', 'com.android.launcher.permission.INSTALL_SHORTCUT', 'android.permission.DOWNLOAD_WITHOUT_NOTIFICATION', 'android.permission.ACCESS_COARSE_LOCATION', 'com.google.android.c2dm.permission.RECEIVE', 'com.osiris.browser.permission.READ_WRITE_BOOKMARK_FOLDERS', 'android.permission.ACCESS_NETWORK_STATE', 'android.permission.WAKE_LOCK', 'android.permission.WRITE_EXTERNAL_STORAGE', 'android.permission.CAMERA', 'com.chrome.permission.DEVICE_EXTRAS', 'com.osiris.browser.permission.C2D_MESSAGE', 'com.android.browser.permission.WRITE_HISTORY_BOOKMARKS', 'android.permission.READ_EXTERNAL_STORAGE', 'android.permission.MODIFY_AUDIO_SETTINGS', 'android.permission.VIBRATE', 'android.permission.FOREGROUND_SERVICE', 'android.permission.RECORD_AUDIO', 'com.android.browser.permission.READ_HISTORY_BOOKMARKS', 'android.permission.INTERNET', 'android.permission.RECEIVE_BOOT_COMPLETED', 'android.permission.ACCESS_FINE_LOCATION']",
"perms_with_call" : "['android.permission.WAKE_LOCK', 'android.permission.GET_TASKS', 'android.permission.INTERNET', 'android.permission.BLUETOOTH_ADMIN', 'android.permission.RECEIVE_BOOT_COMPLETED', 'android.permission.ACCESS_WIFI_STATE', 'android.permission.ACCESS_COARSE_LOCATION', 'android.permission.BLUETOOTH', 'android.permission.REORDER_TASKS', 'android.permission.CHANGE_NETWORK_STATE', 'android.permission.MODIFY_AUDIO_SETTINGS', 'android.permission.ACCESS_NETWORK_STATE', 'android.permission.READ_PHONE_STATE', 'android.permission.BROADCAST_STICKY', 'android.permission.ACCESS_FINE_LOCATION']" 
"extra_perms" : "['com.osiris.browser.TOS_ACKED', 'android.permission.NFC', 'com.chrome.permission.DEVICE_EXTRAS', 'android.permission.DOWNLOAD_WITHOUT_NOTIFICATION', 'com.android.browser.permission.WRITE_HISTORY_BOOKMARKS', 'android.permission.ACCESS_WIFI_STATE', 'android.permission.ACCESS_COARSE_LOCATION', 'com.osiris.browser.permission.READ_WRITE_BOOKMARK_FOLDERS', 'android.permission.READ_EXTERNAL_STORAGE', 'android.permission.READ_PHONE_STATE', 'android.permission.MODIFY_AUDIO_SETTINGS', 'android.permission.RECORD_AUDIO', 'android.permission.WRITE_EXTERNAL_STORAGE', 'com.android.browser.permission.READ_HISTORY_BOOKMARKS', 'android.permission.REORDER_TASKS', 'android.permission.CAMERA', 'android.permission.ACCESS_FINE_LOCATION']",
}