{
"name" : "Bria Enterprise",
"url" : "https://play.google.com/store/apps/details?id=com.briaccs.voip",
"package" : "com.briaccs.voip",
"category" : "Communication",
"description" : "Bria Enterprise is a VoIP softphone explicitly tied to CounterPaths Stretto Platform and requires an administrator-generated account for login. If you do not have an account given to you by your company, operator or CounterPath, you will not be able to use the softphone client.  Bria Enterprise is based on CounterPaths award-winning Bria softphone clients and is provisioned by a module of the Stretto Platform. Stretto Platforms Provisioning Module is a powerful way for enterprises and operators to distribute, configure and manage Bria softphones and enables users to store their softphone related settings a single, convenient location. With the Provisioning Module, customers can fully provision their Bria softphones for use with their enterprise, SMB, ITSP, or operator VoIP solution.   For more information on Bria Enterprise, please visit:  https://www.counterpath.com/bria-enterprise/  For more information on CounterPaths Provisioning Module, please visit: https://www.counterpath.com/stretto-platform/  IMPORTANT NOTE: This version of Bria is tied to CounterPaths hosted Provisioning Module and requires an account set up by your operator or enterprise. Without an account, the client will not work. Please contact CounterPath or your operator/company for more information.  Emergency Calls CounterPaths Bria mobile products provide handling designed to redirect emergency calls to the Native Cellular dialer when possible on a best reasonable commercial efforts basis, however this functionality is also dependent on the operating system of the mobile phone which is outside of our control and subject to change at any time. As a result, the official position of CounterPath is that CounterPaths Bria product is not intended, designed, or fit for placing, carrying or supporting Emergency Calls. CounterPath will not be liable for any costs or damages arising either directly nor indirectly from the use of the software for Emergency Calls. Using Bria as a default dialer may interfere with dialing emergency services. ",
"desc_perms" : "['android.permission.CALL_PHONE', 'android.permission.MODIFY_AUDIO_SETTINGS', 'android.permission.READ_PHONE_STATE']",
"manifest_perms" : "['android.permission.BROADCAST_STICKY', 'android.permission.EXPAND_STATUS_BAR', 'android.permission.FOREGROUND_SERVICE', 'android.permission.ACCESS_NOTIFICATION_POLICY', 'android.permission.GET_TASKS', 'android.permission.BLUETOOTH', 'android.permission.RECEIVE_BOOT_COMPLETED', 'android.permission.MODIFY_AUDIO_SETTINGS', 'com.google.android.finsky.permission.BIND_GET_INSTALL_REFERRER_SERVICE', 'android.permission.SYSTEM_ALERT_WINDOW', 'android.permission.WRITE_EXTERNAL_STORAGE', 'android.permission.WRITE_CONTACTS', 'android.permission.RECORD_AUDIO', 'android.permission.INTERACT_ACROSS_USERS_FULL', 'android.permission.USE_FINGERPRINT', 'android.permission.VIBRATE', 'android.permission.ACCESS_WIFI_STATE', 'com.google.android.c2dm.permission.RECEIVE', 'android.permission.CALL_PHONE', 'android.permission.WAKE_LOCK', 'android.permission.GET_ACCOUNTS', 'android.permission.DISABLE_KEYGUARD', 'android.permission.CAMERA', 'android.permission.INTERNET', 'android.permission.CHANGE_WIFI_STATE', 'android.permission.READ_PHONE_STATE', 'android.permission.REQUEST_IGNORE_BATTERY_OPTIMIZATIONS', 'android.permission.READ_CONTACTS', 'android.permission.USE_FULL_SCREEN_INTENT', 'android.permission.ACCESS_NETWORK_STATE', 'android.permission.WRITE_SETTINGS', 'android.permission.BLUETOOTH_ADMIN', 'android.permission.REAL_GET_TASKS']",
"perms_with_call" : "['android.permission.BROADCAST_STICKY', 'android.permission.CHANGE_NETWORK_STATE', 'android.permission.ACCESS_COARSE_LOCATION', 'android.permission.ACCESS_FINE_LOCATION', 'android.permission.GET_TASKS', 'android.permission.BLUETOOTH', 'android.permission.WAKE_LOCK', 'android.permission.MODIFY_AUDIO_SETTINGS', 'android.permission.USE_FINGERPRINT', 'android.permission.ACCESS_NETWORK_STATE', 'android.permission.ACCESS_WIFI_STATE', 'android.permission.READ_PHONE_STATE']" 
"extra_perms" : "['android.permission.EXPAND_STATUS_BAR', 'android.permission.ACCESS_FINE_LOCATION', 'android.permission.GET_ACCOUNTS', 'android.permission.DISABLE_KEYGUARD', 'android.permission.CAMERA', 'android.permission.INTERNET', 'android.permission.REQUEST_IGNORE_BATTERY_OPTIMIZATIONS', 'android.permission.READ_CONTACTS', 'android.permission.SYSTEM_ALERT_WINDOW', 'android.permission.ACCESS_COARSE_LOCATION', 'android.permission.WRITE_EXTERNAL_STORAGE', 'android.permission.WRITE_CONTACTS', 'android.permission.USE_FULL_SCREEN_INTENT', 'android.permission.RECORD_AUDIO', 'android.permission.INTERACT_ACROSS_USERS_FULL', 'android.permission.ACCESS_NETWORK_STATE', 'android.permission.ACCESS_WIFI_STATE', 'android.permission.REAL_GET_TASKS']",
}