{
"name" : "Go - Ecanvasser",
"url" : "https://play.google.com/store/apps/details?id=com.ecanvasser.go",
"package" : "com.ecanvasser.go",
"category" : "Communication",
"description" : "Go - Ecanvasser allows campaign teams to capture the pulse of their community.  In the field, at events, on the street or at meetings Go can capture information instantly and sync it back to a central dashboard.  Our mobile app allows you to do surveys, polling, note down specific issues, and even on-board interested people into your organization.  Saving you time and money on voter outreach, Go - Ecanvasser, gives field teams a great way to gather data. ",
"desc_perms" : "[]",
"manifest_perms" : "['android.permission.ACCESS_COARSE_LOCATION', 'com.google.android.finsky.permission.BIND_GET_INSTALL_REFERRER_SERVICE', 'com.google.android.c2dm.permission.RECEIVE', 'android.permission.ACCESS_NETWORK_STATE', 'android.permission.WAKE_LOCK', 'com.google.android.providers.gsf.permission.READ_GSERVICES', 'android.permission.INTERNET', 'android.permission.USE_CREDENTIALS', 'android.permission.ACCESS_FINE_LOCATION']",
"perms_with_call" : "['android.permission.ACCESS_COARSE_LOCATION', 'android.permission.BROADCAST_STICKY', 'android.permission.USE_FINGERPRINT', 'android.permission.ACCESS_NETWORK_STATE', 'android.permission.WAKE_LOCK', 'android.permission.GET_TASKS', 'android.permission.BLUETOOTH', 'android.permission.READ_EXTERNAL_STORAGE', 'android.permission.ACCESS_FINE_LOCATION', 'android.permission.SEND_SMS']" 
"extra_perms" : "['android.permission.INTERNET', 'android.permission.ACCESS_COARSE_LOCATION', 'android.permission.SEND_SMS', 'android.permission.READ_EXTERNAL_STORAGE', 'android.permission.ACCESS_FINE_LOCATION', 'android.permission.ACCESS_NETWORK_STATE']",
}