{
"name" : "Email - Fast & Smart email for any Mail",
"url" : "https://play.google.com/store/apps/details?id=com.fastsigninemail.securemail.bestemail",
"package" : "com.fastsigninemail.securemail.bestemail",
"category" : "Communication",
"description" : "Download the fast & smart email application for any mail to experience the perfect feature: - Sign in with many different email providers. - Create easy email accounts, email sign in. - Free email android application. - Friendly interface for users who already use email on android phones.  Email is one of the indispensable things in our work life. Email - Fast & Smart email will help you log in and manage email in the most professional and convenient way. Main function: - MULTIPLE EMAIL ACCOUNTS: Gmail, Outlook, Hotmail or any email, users can use conveniently multiple email accounts and still handle login and email checks on the only one application! - SIMPLE OPERATION: Log in to mail, send, read, write and delete permanently all your emails from your account - EASY MANAGEMENT: navigate and manage your email, manage drafts and email - CREATE PROFESSIONAL: Create smart signatures and use them easily - SPECIAL FEATURES:_ Insert messages into your inbox, _ view and modify but NOT delete your email _ view your basic profile information _easy to use shared email. CONTACT AND FEEDBACK Our email app is absolutely free, we want the best product for our users. We need and want to listen to all feedback from users. Please contact us via: avnsoftware@outlook.com Please support our team by the votes of 5 *. ",
"desc_perms" : "['android.permission.CALL_PHONE', 'android.permission.READ_EXTERNAL_STORAGE', 'android.permission.GET_ACCOUNTS', 'android.permission.ACCESS_NETWORK_STATE', 'android.permission.INTERNET', 'android.permission.READ_PHONE_STATE']",
"manifest_perms" : "['com.huawei.android.launcher.permission.CHANGE_BADGE', 'android.permission.USE_CREDENTIALS', 'com.oppo.launcher.permission.WRITE_SETTINGS', 'android.permission.WRITE_EXTERNAL_STORAGE', 'android.permission.ACCESS_NETWORK_STATE', 'com.majeur.launcher.permission.UPDATE_BADGE', 'com.huawei.android.launcher.permission.READ_SETTINGS', 'com.android.vending.BILLING', 'com.sonyericsson.home.permission.BROADCAST_BADGE', 'android.permission.VIBRATE', 'com.google.android.c2dm.permission.RECEIVE', 'me.everything.badger.permission.BADGE_COUNT_READ', 'com.huawei.android.launcher.permission.WRITE_SETTINGS', 'android.permission.AUTHENTICATE_ACCOUNTS', 'android.permission.WAKE_LOCK', 'android.permission.GET_ACCOUNTS', 'com.sonymobile.home.permission.PROVIDER_INSERT_BADGE', 'android.permission.INTERNET', 'android.permission.READ_APP_BADGE', 'com.sec.android.provider.badge.permission.READ', 'com.sec.android.provider.badge.permission.WRITE', 'android.permission.READ_CONTACTS', 'android.permission.READ_EXTERNAL_STORAGE', 'me.everything.badger.permission.BADGE_COUNT_WRITE', 'com.htc.launcher.permission.READ_SETTINGS', 'com.htc.launcher.permission.UPDATE_SHORTCUT', 'com.oppo.launcher.permission.READ_SETTINGS', 'com.anddoes.launcher.permission.UPDATE_COUNT']",
"perms_with_call" : "['android.permission.BROADCAST_STICKY', 'android.permission.ACCESS_COARSE_LOCATION', 'android.permission.ACCESS_FINE_LOCATION', 'android.permission.GET_TASKS', 'android.permission.WAKE_LOCK', 'android.permission.ACCESS_NETWORK_STATE']" 
"extra_perms" : "['android.permission.READ_CONTACTS', 'com.android.vending.BILLING', 'android.permission.ACCESS_COARSE_LOCATION', 'android.permission.WRITE_EXTERNAL_STORAGE', 'android.permission.ACCESS_FINE_LOCATION']",
}