{
"name" : "TextNow: Free Texting & Calling App",
"url" : "https://play.google.com/store/apps/details?id=com.enflick.android.TextNow",
"package" : "com.enflick.android.TextNow",
"category" : "Communication",
"description" : "*NEW FEATURE* Now you can use TextNow without WiFi! Get unlimited calling and texting in the US over the Nationwide Sprint Network -- for FREE. Check if your phone is eligible, and get phone service without the phone bill by clicking on Free Coverage in the app menu.  Local US or Canada Phone number Give your friends your very own phone number they can call!  Unlimited Text & Picture Messaging  You can send as many text messages as you want to US & Canada - FREE!  Unlimited Calling to USA and Canada  Make unlimited free phone calls to any phone number in the US & Canada!  Cheap International Calling TextNow offers low-cost, international calling to over 230 countries. Stay connected longer with rates starting at less than $0.01 per minute. Add money or earn free money by completing offers to your account and make low-cost international calls.  Features: - Make and receive voice calls - Emojis, stickers and gifs - Full picture messaging : send, receive and save pictures! - Video messaging: Send videos to your friends and family - Voicemail Transcription: transcript of your voicemail - Caller ID - PassCode: keep your messages under lock and key - Google SmartLock: no need to remember your password - Call Forwarding - Conference calling - Signatures: add your own personalized signature to each text - Customizable text-tone, ringtone & vibration - Customizable backgrounds - Assign individual contacts their own ringtone & background - Quick Reply to easily (and quickly) respond to friends - Home screen widget to launch TextNow, compose a new message or quickly make a call - Unified inbox: send and receive your texts, SMS and GIFs directly via TextNow - use TextNow as your one-stop SMS texting app! - One number, multiple devices  Send messages and make calls on your computer or tablet, then access them from your phone while on the go. - TextNow.com - text from your computer too! All messages seamlessly synchronize with your mobile device. - Turn your Wi-Fi enabled tablets into a phone. - Elastic calling to protect you from dropped calls. Elastic calling is TextNows unique ability to have our calls choose the best possible route for your call to improve quality  Is it really free?   There is no catch. No yearly or monthly fees! It is completely free! Download today and start sending and receiving your unlimited texts, pics, videos, and SMS messages.  How can all this be free?  The app comes with a few ads. If you dont like ads, you can purchase a subscription to remove them. Join the 100 million people who have already found a better way to talk & text free. ",
"desc_perms" : "['android.permission.CALL_PHONE', 'android.permission.READ_CONTACTS', 'android.permission.READ_EXTERNAL_STORAGE', 'android.permission.WRITE_EXTERNAL_STORAGE', 'android.permission.WRITE_CONTACTS', 'android.permission.RECORD_AUDIO', 'android.permission.SEND_SMS', 'android.permission.GET_ACCOUNTS', 'android.permission.MODIFY_AUDIO_SETTINGS', 'android.vending.BILLING', 'android.permission.ACCESS_NETWORK_STATE', 'android.permission.CAMERA', 'android.permission.RECEIVE_SMS', 'android.permission.INTERNET', 'android.permission.ACCESS_WIFI_STATE', 'android.permission.READ_PHONE_STATE']",
"manifest_perms" : "['android.permission.BROADCAST_STICKY', 'android.permission.FOREGROUND_SERVICE', 'enflick.permission.NATIVEDIALER', 'com.android.launcher.permission.UNINSTALL_SHORTCUT', 'android.permission.WRITE_SYNC_SETTINGS', 'com.huawei.android.launcher.permission.CHANGE_BADGE', 'android.permission.READ_SYNC_SETTINGS', 'android.permission.ACCESS_NOTIFICATION_POLICY', 'android.permission.WRITE_CALL_LOG', 'android.permission.GET_TASKS', 'android.permission.BLUETOOTH', 'android.permission.RECEIVE_BOOT_COMPLETED', 'android.permission.MODIFY_AUDIO_SETTINGS', 'android.permission.CALL_PRIVILEGED', 'com.google.android.finsky.permission.BIND_GET_INSTALL_REFERRER_SERVICE', 'com.oppo.launcher.permission.WRITE_SETTINGS', 'com.htc.launcher.permission.UPDATE_SHORTCUT', 'android.permission.WRITE_EXTERNAL_STORAGE', 'android.permission.READ_CALL_LOG', 'android.permission.WRITE_CONTACTS', 'com.majeur.launcher.permission.UPDATE_BADGE', 'com.huawei.android.launcher.permission.READ_SETTINGS', 'android.permission.RECORD_AUDIO', 'com.anddoes.launcher.permission.UPDATE_COUNT', 'android.permission.MODIFY_PHONE_STATE', 'com.android.vending.BILLING', 'android.permission.RECEIVE_MMS', 'android.permission.PROCESS_OUTGOING_CALLS', 'com.sonyericsson.home.permission.BROADCAST_BADGE', 'android.permission.VIBRATE', 'android.permission.ACCESS_WIFI_STATE', 'com.google.android.c2dm.permission.RECEIVE', 'me.everything.badger.permission.BADGE_COUNT_READ', 'android.permission.CALL_PHONE', 'com.google.android.providers.gsf.permission.READ_GSERVICES', 'com.android.launcher.permission.INSTALL_SHORTCUT', 'com.huawei.android.launcher.permission.WRITE_SETTINGS', 'android.permission.AUTHENTICATE_ACCOUNTS', 'android.permission.BATTERY_STATS', 'com.android.alarm.permission.SET_ALARM', 'android.permission.WAKE_LOCK', 'android.permission.GET_ACCOUNTS', 'com.sonymobile.home.permission.PROVIDER_INSERT_BADGE', 'android.permission.DISABLE_KEYGUARD', 'android.permission.CAMERA', 'android.permission.INTERNET', 'android.permission.CHANGE_WIFI_STATE', 'android.permission.READ_PHONE_STATE', 'android.permission.READ_APP_BADGE', 'com.sec.android.provider.badge.permission.READ', 'android.permission.BLUETOOTH_ADMIN', 'com.sec.android.provider.badge.permission.WRITE', 'android.permission.READ_CONTACTS', 'android.permission.READ_EXTERNAL_STORAGE', 'android.permission.READ_SMS', 'android.permission.ACCESS_COARSE_LOCATION', 'android.permission.CHANGE_NETWORK_STATE', 'com.htc.launcher.permission.READ_SETTINGS', 'me.everything.badger.permission.BADGE_COUNT_WRITE', 'android.permission.USE_FULL_SCREEN_INTENT', 'android.permission.SEND_SMS', 'android.permission.ACCESS_NETWORK_STATE', 'android.permission.WRITE_SETTINGS', 'com.oppo.launcher.permission.READ_SETTINGS', 'android.permission.RECEIVE_SMS', 'android.permission.SYSTEM_ALERT_WINDOW']",
"perms_with_call" : "['android.permission.BROADCAST_STICKY', 'android.permission.READ_EXTERNAL_STORAGE', 'android.permission.CHANGE_NETWORK_STATE', 'android.permission.ACCESS_COARSE_LOCATION', 'android.permission.ACCESS_FINE_LOCATION', 'android.permission.GET_TASKS', 'android.permission.BLUETOOTH', 'android.permission.WAKE_LOCK', 'android.permission.SEND_SMS', 'android.permission.MODIFY_AUDIO_SETTINGS', 'android.permission.USE_FINGERPRINT', 'android.permission.ACCESS_NETWORK_STATE', 'android.permission.ACCESS_WIFI_STATE', 'android.permission.CHANGE_WIFI_STATE', 'android.permission.READ_PHONE_STATE']" 
"extra_perms" : "['enflick.permission.NATIVEDIALER', 'android.permission.READ_SMS', 'android.permission.ACCESS_COARSE_LOCATION', 'android.permission.BATTERY_STATS', 'android.permission.READ_CALL_LOG', 'android.permission.ACCESS_FINE_LOCATION', 'android.permission.WRITE_CALL_LOG', 'android.permission.USE_FULL_SCREEN_INTENT', 'android.permission.MODIFY_PHONE_STATE', 'android.permission.CALL_PRIVILEGED', 'com.android.vending.BILLING', 'android.permission.DISABLE_KEYGUARD', 'android.permission.PROCESS_OUTGOING_CALLS', 'android.permission.RECEIVE_MMS', 'android.permission.SYSTEM_ALERT_WINDOW']",
}