{
"name" : "Smart Browser - Free, Fast, Best Private Browser",
"url" : "https://play.google.com/store/apps/details?id=com.eagle.smart.browser.free.browsing.fast.privacy.browse",
"package" : "com.eagle.smart.browser.free.browsing.fast.privacy.browse",
"category" : "Communication",
"description" : "Swipe Browser is a free web browser for android devices with Fast Download, Data Saving, Ad-Block functionality, and helps you access music, video, cricket information with smooth experience. You can visit many cricket sites to support your team, and watch cricket live stream, and check out match scores on Swipe Browser. You can also check your train status, train ticket booking, seat availability, and other train enquiry on Swipe Browser.  Browse Faster:  By removing trackers and ads, Web pages may require less data and load faster. Browse like no ones watching. The new Swipe Browser automatically blocks a wide range of online trackers.  Beautiful Themes:   Swipe Browser includes a variety of colorful Swipe themes to match your desktop or personality, with exciting new themes coming soon. ",
"desc_perms" : "['android.permission.INTERNET', 'android.permission.ACCESS_NETWORK_STATE']",
"manifest_perms" : "['com.android.launcher2.permission.UNINSTALL_SHORTCUT', 'android.permission.BROADCAST_STICKY', 'android.permission.EXPAND_STATUS_BAR', 'com.android.launcher.permission.UNINSTALL_SHORTCUT', 'com.android.launcher3.permission.UNINSTALL_SHORTCUT', 'com.android.launcher.permission.READ_SETTINGS', 'com.android.launcher2.permission.WRITE_SETTINGS', 'android.permission.GET_TASKS', 'com.android.launcher2.permission.READ_SETTINGS', 'android.permission.RECEIVE_BOOT_COMPLETED', 'android.permission.MODIFY_AUDIO_SETTINGS', 'com.google.android.finsky.permission.BIND_GET_INSTALL_REFERRER_SERVICE', 'com.android.launcher3.permission.READ_SETTINGS', 'android.permission.GET_PACKAGE_SIZE', 'android.permission.WRITE_EXTERNAL_STORAGE', 'com.android.launcher3.permission.WRITE_SETTINGS', 'com.android.vending.BILLING', 'android.permission.FLASHLIGHT', 'com.android.browser.permission.WRITE_HISTORY_BOOKMARKS', 'android.permission.ACCESS_WIFI_STATE', 'android.permission.VIBRATE', 'com.eagle.smart.browser.free.browsing.fast.privacy.browse.permission.C2D_MESSAGE', 'com.google.android.c2dm.permission.RECEIVE', 'com.android.launcher.permission.INSTALL_SHORTCUT', 'android.permission.BATTERY_STATS', 'com.android.alarm.permission.SET_ALARM', 'android.permission.MOUNT_UNMOUNT_FILESYSTEMS', 'android.permission.WAKE_LOCK', 'android.permission.RESTART_PACKAGES', 'android.permission.ACCESS_COARSE_UPDATES', 'android.permission.INTERNET', 'android.permission.CLEAR_APP_CACHE', 'android.permission.CHANGE_WIFI_STATE', 'android.permission.READ_LOGS', 'com.android.launcher.permission.WRITE_SETTINGS', 'android.permission.READ_EXTERNAL_STORAGE', 'com.android.launcher2.permission.INSTALL_SHORTCUT', 'android.permission.CHANGE_NETWORK_STATE', 'android.permission.ACCESS_NETWORK_STATE', 'android.permission.WRITE_SETTINGS', 'android.permission.SYSTEM_ALERT_WINDOW', 'com.android.browser.permission.READ_HISTORY_BOOKMARKS', 'com.android.launcher3.permission.INSTALL_SHORTCUT']",
"perms_with_call" : "['android.permission.BROADCAST_STICKY', 'android.permission.ACCESS_COARSE_LOCATION', 'android.permission.ACCESS_FINE_LOCATION', 'android.permission.GET_TASKS', 'android.permission.WAKE_LOCK', 'android.permission.ACCESS_NETWORK_STATE', 'android.permission.ACCESS_WIFI_STATE', 'android.permission.CHANGE_WIFI_STATE', 'android.permission.READ_PHONE_STATE']" 
"extra_perms" : "['com.android.launcher2.permission.UNINSTALL_SHORTCUT', 'android.permission.EXPAND_STATUS_BAR', 'com.android.launcher3.permission.UNINSTALL_SHORTCUT', 'com.android.launcher2.permission.WRITE_SETTINGS', 'com.android.launcher.permission.READ_SETTINGS', 'android.permission.BATTERY_STATS', 'android.permission.ACCESS_FINE_LOCATION', 'android.permission.MOUNT_UNMOUNT_FILESYSTEMS', 'com.android.browser.permission.READ_HISTORY_BOOKMARKS', 'com.android.launcher2.permission.READ_SETTINGS', 'android.permission.RESTART_PACKAGES', 'android.permission.MODIFY_AUDIO_SETTINGS', 'android.permission.ACCESS_COARSE_UPDATES', 'android.permission.READ_PHONE_STATE', 'android.permission.READ_LOGS', 'com.android.launcher.permission.WRITE_SETTINGS', 'com.android.launcher3.permission.READ_SETTINGS', 'android.permission.READ_EXTERNAL_STORAGE', 'com.android.launcher2.permission.INSTALL_SHORTCUT', 'android.permission.ACCESS_COARSE_LOCATION', 'android.permission.WRITE_EXTERNAL_STORAGE', 'android.permission.SYSTEM_ALERT_WINDOW', 'com.android.launcher3.permission.WRITE_SETTINGS', 'com.android.vending.BILLING', 'com.android.browser.permission.WRITE_HISTORY_BOOKMARKS', 'android.permission.ACCESS_WIFI_STATE', 'com.android.launcher3.permission.INSTALL_SHORTCUT']",
}