{
"name" : "Insaf Voice",
"url" : "https://play.google.com/store/apps/details?id=com.revesoft.mobiledialer.insaf_1569165522181_93022",
"package" : "com.revesoft.mobiledialer.insaf_1569165522181_93022",
"category" : "Communication",
"description" : "Insaf Voice is an smooth application for all android handsets. Voice quality is good, have all destination route. Insaf Voice is a mobile app for VoIP platform that works as a terminal for making VoIP calls. It utilizes SIP protocol and requires data service of GPRS/3G/4G or WiFi network. This application is designed for VoIP service providers and end users. Service providers should provide their soft switch IP and port and they will get an operator code for their service. Customizable branded solution also provided for service providers. End user requires operator code, user name and password provided from service provider. Features: 1. VoIP incoming and outgoing call via GPRS/3G/4G or WiFi data service 2. Supported codec: G.729, G.711 3. Support full functional SIP to SIP call with local and remote ring back tone 4. Works behind NAT 5. Can bypass any Firewall 6. Low bandwidth consumption by customized byte saver solution 7. Can bypass SIP blockage 8. Smart echo cancellation technique 9. Synchronization with phone contact 10. On screen call time display 11. On screen balance display 12. Call log of incoming and outgoing calls and, can make call from that log 13. DTMF support (RFC 2833, SIP Info) 14. PLC (Packet Loss Concealment) and VAD (Voice Activity Detection) implemented 15. Works with or without byte saver solution 16. Alert system by local Inbox message or pop-up message 17. User panel with login details for service providers. Service providers can see from which country and mobile operator (for GPRS/3G) users are registered 18. Single customizable solution based on different mobile network/data service. ",
"desc_perms" : "['android.permission.MODIFY_AUDIO_SETTINGS', 'android.permission.READ_PHONE_STATE', 'android.permission.CALL_PHONE']",
"manifest_perms" : "['android.permission.RECEIVE_BOOT_COMPLETED', 'android.permission.VIBRATE', 'android.permission.BLUETOOTH', 'android.permission.FOREGROUND_SERVICE', 'android.permission.MODIFY_AUDIO_SETTINGS', 'android.permission.AUTHENTICATE_ACCOUNTS', 'android.permission.READ_SYNC_SETTINGS', 'android.permission.READ_PROFILE', 'android.permission.ACCESS_WIFI_STATE', 'android.permission.WRITE_SYNC_SETTINGS', 'android.permission.BROADCAST_STICKY', 'android.permission.WAKE_LOCK', 'android.permission.SYSTEM_ALERT_WINDOW', 'android.permission.INTERNET', 'android.permission.RECORD_AUDIO', 'android.permission.BLUETOOTH_ADMIN', 'com.google.android.c2dm.permission.RECEIVE', 'android.permission.READ_CONTACTS', 'android.permission.CALL_PHONE', 'android.permission.READ_PHONE_STATE', 'android.permission.MANAGE_ACCOUNTS', 'android.permission.DISABLE_KEYGUARD', 'android.permission.ACCESS_NETWORK_STATE', 'android.permission.GET_ACCOUNTS', 'android.permission.WRITE_CONTACTS']",
"perms_with_call" : "['android.permission.READ_EXTERNAL_STORAGE', 'android.permission.READ_PHONE_STATE', 'android.permission.ACCESS_WIFI_STATE', 'android.permission.SEND_SMS', 'android.permission.DISABLE_KEYGUARD', 'android.permission.ACCESS_COARSE_LOCATION', 'android.permission.BLUETOOTH', 'android.permission.ACCESS_NETWORK_STATE', 'android.permission.MODIFY_AUDIO_SETTINGS', 'android.permission.GET_TASKS', 'android.permission.BROADCAST_STICKY', 'android.permission.WAKE_LOCK', 'android.permission.ACCESS_FINE_LOCATION']" 
"extra_perms" : "['android.permission.INTERNET', 'android.permission.ACCESS_WIFI_STATE', 'android.permission.SEND_SMS', 'android.permission.RECORD_AUDIO', 'android.permission.DISABLE_KEYGUARD', 'android.permission.ACCESS_COARSE_LOCATION', 'android.permission.ACCESS_NETWORK_STATE', 'android.permission.READ_CONTACTS', 'android.permission.GET_ACCOUNTS', 'android.permission.WRITE_CONTACTS', 'android.permission.READ_EXTERNAL_STORAGE', 'android.permission.SYSTEM_ALERT_WINDOW', 'android.permission.ACCESS_FINE_LOCATION']",
}