{
"name" : "SMS from Android 4.4 with Caller ID",
"url" : "https://play.google.com/store/apps/details?id=com.concentriclivers.mms.com.android.mms",
"package" : "com.concentriclivers.mms.com.android.mms",
"category" : "Communication",
"description" : "The ultimate SMS and text message app that is conversational and simple, with a clean texting interface for SMS messages - the way apps used to be.   Powerful and advanced features let the app identify the numbers of message senders and callers, even if they are not in your phone book, so you always know who is calling or writing to you.  SMS from Android 4.4 is built to give you a smoother, better, faster, and cleaner Android communication experience. Send text messages, pictures, recordings and much more. The app delivers text messages directly via the mobile network, so no Internet or Wi-Fi connection is needed*.  With this smart message app, you will never have to do more than click a button to identify an unknown number from an SMS or phone call. The Caller ID screen after each call displays information on who is calling, even if they are not in your phonebook. This way, you can avoid spam calls and easily save new contacts to your phonebook with just one click.   SMS app features:   Totally free to download  Unlimited: Works across virtually all Android devices  Offline messages: No Internet or Wi-Fi connection needed to send SMS messages*  Multi-format messaging: Send SMS, pictures and videos instantly  Voice messages: Record your voice and send it as an attachment  SMS messages: One click to text a contact after each call. No need to input number again  Number Search: Search for unknown numbers from texts, directly from the inbox  Caller ID: Identify numbers in real-time  even those not in your contact list  *Your service provider may charge you for sending offline SMS messages depending on your contract with them. Please check with you service provider regarding any charges you may receive. ",
"desc_perms" : "['android.permission.CALL_PHONE', 'android.permission.READ_CONTACTS', 'android.permission.READ_EXTERNAL_STORAGE', 'android.permission.WRITE_EXTERNAL_STORAGE', 'android.permission.READ_CALL_LOG', 'android.permission.SEND_SMS', 'android.permission.MODIFY_AUDIO_SETTINGS', 'android.permission.ACCESS_NETWORK_STATE', 'android.permission.INTERNET', 'android.permission.ACCESS_WIFI_STATE', 'android.permission.READ_PHONE_STATE']",
"manifest_perms" : "['android.permission.FOREGROUND_SERVICE', 'android.permission.ACCESS_BACKGROUND_LOCATION', 'android.permission.WRITE_SMS', 'android.permission.ACCESS_NOTIFICATION_POLICY', 'android.permission.ACCESS_FINE_LOCATION', 'android.permission.RECEIVE_BOOT_COMPLETED', 'com.google.android.finsky.permission.BIND_GET_INSTALL_REFERRER_SERVICE', 'android.permission.ANSWER_PHONE_CALLS', 'android.permission.WRITE_EXTERNAL_STORAGE', 'android.permission.READ_CALL_LOG', 'android.permission.WRITE_CONTACTS', 'android.permission.RECORD_AUDIO', 'android.permission.RECEIVE_MMS', 'android.permission.VIBRATE', 'com.google.android.c2dm.permission.RECEIVE', 'android.permission.CALL_PHONE', 'android.permission.BATTERY_STATS', 'android.permission.WAKE_LOCK', 'android.permission.CAMERA', 'android.permission.INTERNET', 'android.permission.READ_PHONE_STATE', 'android.permission.READ_EXTERNAL_STORAGE', 'android.permission.READ_SMS', 'android.permission.READ_CONTACTS', 'android.permission.MMS_SEND_OUTBOX_MSG', 'android.permission.ACCESS_COARSE_LOCATION', 'android.permission.READ_PHONE_NUMBERS', 'android.permission.SEND_SMS', 'android.permission.ACCESS_NETWORK_STATE', 'android.permission.RECEIVE_SMS', 'android.permission.SYSTEM_ALERT_WINDOW']",
"perms_with_call" : "['android.permission.BROADCAST_STICKY', 'android.permission.READ_EXTERNAL_STORAGE', 'android.permission.CHANGE_NETWORK_STATE', 'android.permission.ACCESS_COARSE_LOCATION', 'android.permission.ACCESS_FINE_LOCATION', 'android.permission.GET_TASKS', 'android.permission.BLUETOOTH', 'android.permission.WAKE_LOCK', 'android.permission.SEND_SMS', 'android.permission.MODIFY_AUDIO_SETTINGS', 'android.permission.USE_FINGERPRINT', 'android.permission.ACCESS_NETWORK_STATE', 'android.permission.RECEIVE_MMS', 'android.permission.ACCESS_WIFI_STATE', 'android.permission.CHANGE_WIFI_STATE', 'android.permission.READ_PHONE_STATE']" 
"extra_perms" : "['android.permission.ACCESS_BACKGROUND_LOCATION', 'android.permission.WRITE_SMS', 'android.permission.BATTERY_STATS', 'android.permission.ACCESS_FINE_LOCATION', 'android.permission.ACCESS_WIFI_STATE', 'android.permission.MODIFY_AUDIO_SETTINGS', 'android.permission.CAMERA', 'android.permission.ANSWER_PHONE_CALLS', 'android.permission.READ_SMS', 'android.permission.ACCESS_COARSE_LOCATION', 'android.permission.MMS_SEND_OUTBOX_MSG', 'android.permission.WRITE_CONTACTS', 'android.permission.READ_PHONE_NUMBERS', 'android.permission.RECORD_AUDIO', 'android.permission.RECEIVE_MMS', 'android.permission.RECEIVE_SMS', 'android.permission.SYSTEM_ALERT_WINDOW']",
}