{
"name" : "Office Chat & Business Chat App - Troop Messenger",
"url" : "https://play.google.com/store/apps/details?id=com.tvisha.troopmessenger",
"package" : "com.tvisha.troopmessenger",
"category" : "Communication",
"description" : "Troop Messenger is a compact office chat application with amazing security and feature implementation facilitating safe and secured business data sharing. It offers a collaborative work forum for business needs. Troop Messenger for business is the sure shot tonic for business assisting you in reducing the time used up for manual data circulation and team work. Troop Messenger, the business chat application is one among all group chat apps which comes with unlimited group creation. It is not only instant messaging for business but also lets you share files of diverse format along with current location and contacts. With its recent version, Troop messenger is good to go for team collaboration across corporates and will be updated with many more professional features which are on the drawing table.  What inside :  Individual chat- You can start a conversation with fellow employees.  Group chat-Share data and chat with groups and team up for projects.  Multimedia sharing- Now you can share audio, video, images and can take a picture with your phone camera for direct sharing.  File sharing- you can share files of various formats like.doc, .xls,.ppt and many more  Data sharing with external apps- you can share attachments with third party chat applications available in your phone like WhatsApp, Gmail, phone message app and many more   Location and contact sharing- Allows to share your current location with team and boss with team chat app and directly make a call to shared contacts to catch up with your colleagues  Forward message- Forward with single click to group, individuals or multiple contacts  Attachment preview and download- Users can either preview or download files, depending upon the need.   Group creation- Catch up team activities in group, and make communication easier than ever before with Troop messenger for business.  Direct link opening- Why to copy a link? Just click it and be redirected  Inbuilt app security- Be safe and secured with multiple inbuilt pocket security options.  User Profile- Be professional and recognized by others with a catchy business profile     Data backup- Restore all your data.   Notification- Dont miss any event, be notified to be abreast with time  Server-side encryption- Put a boundary around your business and keep it safe from exposure. ",
"desc_perms" : "['android.permission.WRITE_EXTERNAL_STORAGE', 'android.permission.ACCESS_FINE_LOCATION', 'android.permission.READ_EXTERNAL_STORAGE', 'android.permission.READ_PHONE_STATE', 'android.permission.ACCESS_WIFI_STATE', 'android.permission.MODIFY_AUDIO_SETTINGS', 'android.permission.RECORD_AUDIO', 'android.permission.CAMERA', 'android.permission.CALL_PHONE', 'android.permission.ACCESS_NETWORK_STATE', 'android.permission.INTERNET']",
"manifest_perms" : "['android.permission.WRITE_EXTERNAL_STORAGE', 'android.permission.ACCESS_COARSE_LOCATION', 'android.permission.ACCESS_FINE_LOCATION', 'android.permission.RECEIVE_BOOT_COMPLETED', 'android.permission.READ_APP_BADGE', 'android.permission.REQUEST_INSTALL_PACKAGES', 'com.google.android.apps.photos.permission.GOOGLE_PHOTOS', 'com.sonyericsson.home.permission.BROADCAST_BADGE', 'android.permission.CAPTURE_VIDEO_OUTPUT', 'android.permission.MANAGE_OWN_CALLS', 'android.permission.RECORD_AUDIO', 'android.permission.SYSTEM_ALERT_WINDOW', 'me.everything.badger.permission.BADGE_COUNT_WRITE', 'android.permission.CALL_PHONE', 'android.permission.WRITE_CONTACTS', 'android.permission.WRITE_SETTINGS', 'android.permission.INSTALL_PACKAGES', 'com.anddoes.launcher.permission.UPDATE_COUNT', 'android.permission.DUMP', 'android.permission.FOREGROUND_SERVICE', 'android.permission.ACTION_MANAGE_OVERLAY_PERMISSION', 'android.permission.MANAGE_DOCUMENTS', 'android.permission.WAKE_LOCK', 'com.google.android.providers.gsf.permission.READ_GSERVICES', 'android.permission.ACCESS_SUPERUSER', 'com.sonymobile.home.permission.PROVIDER_INSERT_BADGE', 'android.permission.MODIFY_AUDIO_SETTINGS', 'com.majeur.launcher.permission.UPDATE_BADGE', 'android.permission.GET_TASKS', 'android.permission.ACCESS_NETWORK_STATE', 'android.permission.READ_CONTACTS', 'android.permission.READ_EXTERNAL_STORAGE', 'me.everything.badger.permission.BADGE_COUNT_READ', 'com.google.android.c2dm.permission.RECEIVE', 'android.permission.USE_FINGERPRINT', 'com.sec.android.provider.badge.permission.WRITE', 'com.htc.launcher.permission.READ_SETTINGS', 'android.permission.CAMERA', 'android.permission.DISABLE_KEYGUARD', 'com.google.android.finsky.permission.BIND_GET_INSTALL_REFERRER_SERVICE', 'android.permission.WRITE_SECURE_SETTINGS', 'android.permission.INTERNET', 'com.oppo.launcher.permission.WRITE_SETTINGS', 'com.htc.launcher.permission.UPDATE_SHORTCUT', 'android.permission.READ_PHONE_STATE', 'com.oppo.launcher.permission.READ_SETTINGS', 'com.huawei.android.launcher.permission.READ_SETTINGS', 'com.huawei.android.launcher.permission.WRITE_SETTINGS', 'com.huawei.android.launcher.permission.CHANGE_BADGE', 'android.permission.VIBRATE', 'com.sec.android.provider.badge.permission.READ']",
"perms_with_call" : "['android.permission.ACCESS_COARSE_LOCATION', 'android.permission.ACCESS_FINE_LOCATION', 'android.permission.BROADCAST_STICKY', 'android.permission.CHANGE_NETWORK_STATE', 'android.permission.ACCESS_WIFI_STATE', 'android.permission.WAKE_LOCK', 'android.permission.USE_FINGERPRINT', 'android.permission.CHANGE_WIFI_STATE', 'android.permission.MODIFY_AUDIO_SETTINGS', 'android.permission.GET_TASKS', 'android.permission.ACCESS_NETWORK_STATE', 'android.permission.BLUETOOTH']" 
"extra_perms" : "['android.permission.READ_CONTACTS', 'android.permission.ACCESS_COARSE_LOCATION', 'android.permission.INSTALL_PACKAGES', 'android.permission.DUMP', 'com.google.android.apps.photos.permission.GOOGLE_PHOTOS', 'android.permission.ACTION_MANAGE_OVERLAY_PERMISSION', 'android.permission.ACCESS_WIFI_STATE', 'android.permission.MANAGE_DOCUMENTS', 'android.permission.WRITE_CONTACTS', 'android.permission.ACCESS_SUPERUSER', 'android.permission.CAPTURE_VIDEO_OUTPUT', 'android.permission.MANAGE_OWN_CALLS', 'android.permission.SYSTEM_ALERT_WINDOW', 'android.permission.DISABLE_KEYGUARD', 'android.permission.WRITE_SECURE_SETTINGS']",
}