{
"name" : "Glide - Video Chat Messenger",
"url" : "https://play.google.com/store/apps/details?id=com.glidetalk.glideapp",
"package" : "com.glidetalk.glideapp",
"category" : "Communication",
"description" : " Free lightning fast messaging   Glide is the fastest live video messenger app on the planet. It combines the convenience of texting with the expressiveness of video chat. Now you and your friends/family can share real moments as they happen, and enjoy quality facetime.    What Else?   Review your videos before sending, or tap to stream live - whichever fits you best  Share videos with friends and family from everywhere to anywhere with a tap!  Snap a photo in real time or uploaded from your device  Cool filters make your video messages look awesome   Own a Smartwatch?  Get Glides directly to your wrist! Watch live videos, respond with texts, emojis, and even live voice recordings. Video messaging on Android Wear is changing the way we communicate on the go.   Get in touch with us  Website: www.glide.me Facebook: www.facebook.com/glideme Twitter: www.twitter.com/glideapp or @sarahglide Instagram: www.instagram.com/glideapp Need help? https://www.glide.me/help  *By downloading the app you agree to the End User License Agreement (EULA):http://www.glide.me/eula ",
"desc_perms" : "['android.permission.GET_ACCOUNTS', 'android.permission.CAMERA', 'android.permission.INTERNET', 'android.permission.RECORD_AUDIO', 'android.permission.READ_CONTACTS', 'android.permission.ACCESS_NETWORK_STATE', 'android.permission.READ_EXTERNAL_STORAGE', 'android.permission.WRITE_EXTERNAL_STORAGE', 'android.permission.ACCESS_WIFI_STATE']",
"manifest_perms" : "['android.permission.INTERNET', 'com.anddoes.launcher.permission.UPDATE_COUNT', 'android.permission.READ_CONTACTS', 'android.permission.ACCESS_NETWORK_STATE', 'android.permission.READ_SYNC_SETTINGS', 'android.permission.SYSTEM_ALERT_WINDOW', 'android.permission.WRITE_EXTERNAL_STORAGE', 'com.sec.android.provider.badge.permission.WRITE', 'android.permission.ACCESS_WIFI_STATE', 'android.permission.CALL_PHONE', 'com.huawei.android.launcher.permission.WRITE_SETTINGS', 'com.sonyericsson.home.permission.BROADCAST_BADGE', 'com.sec.android.provider.badge.permission.READ', 'android.permission.WRITE_SYNC_SETTINGS', 'android.permission.BLUETOOTH', 'android.permission.READ_EXTERNAL_STORAGE', 'android.permission.READ_APP_BADGE', 'com.htc.launcher.permission.READ_SETTINGS', 'android.permission.CAMERA', 'com.sonymobile.home.permission.PROVIDER_INSERT_BADGE', 'android.permission.CHANGE_WIFI_STATE', 'android.permission.ACCESS_FINE_LOCATION', 'android.permission.READ_PROFILE', 'android.permission.RECORD_AUDIO', 'com.majeur.launcher.permission.UPDATE_BADGE', 'android.permission.GET_TASKS', 'android.permission.FOREGROUND_SERVICE', 'com.android.vending.BILLING', 'android.permission.GET_ACCOUNTS', 'android.permission.ACCESS_COARSE_LOCATION', 'android.permission.READ_PHONE_STATE', 'android.permission.AUTHENTICATE_ACCOUNTS', 'com.htc.launcher.permission.UPDATE_SHORTCUT', 'com.huawei.android.launcher.permission.READ_SETTINGS', 'com.google.android.finsky.permission.BIND_GET_INSTALL_REFERRER_SERVICE', 'android.permission.MANAGE_ACCOUNTS', 'com.google.android.c2dm.permission.RECEIVE', 'android.permission.BLUETOOTH_ADMIN', 'android.permission.USE_CREDENTIALS', 'android.permission.VIBRATE', 'android.permission.WAKE_LOCK', 'com.huawei.android.launcher.permission.CHANGE_BADGE', 'android.permission.RECEIVE_BOOT_COMPLETED']",
"perms_with_call" : "['android.permission.ACCESS_COARSE_LOCATION', 'android.permission.CHANGE_WIFI_STATE', 'android.permission.MODIFY_AUDIO_SETTINGS', 'android.permission.ACCESS_FINE_LOCATION', 'android.permission.BLUETOOTH_ADMIN', 'android.permission.ACCESS_NETWORK_STATE', 'android.permission.GET_TASKS', 'android.permission.BLUETOOTH', 'android.permission.BROADCAST_STICKY', 'android.permission.WAKE_LOCK', 'android.permission.CHANGE_NETWORK_STATE', 'android.permission.ACCESS_WIFI_STATE']" 
"extra_perms" : "['android.permission.SYSTEM_ALERT_WINDOW', 'android.permission.ACCESS_COARSE_LOCATION', 'android.permission.MODIFY_AUDIO_SETTINGS', 'android.permission.READ_PHONE_STATE', 'android.permission.ACCESS_FINE_LOCATION', 'com.android.vending.BILLING', 'android.permission.CALL_PHONE']",
}