{
"name" : "CallApp: Caller ID, Call Blocker & Call Recorder",
"url" : "https://play.google.com/store/apps/details?id=com.callapp.contacts",
"package" : "com.callapp.contacts",
"category" : "Communication",
"description" : "A Caller ID & Free Calling app trusted by 60 Million users to block spam calls & know the Caller ID. Identify calls & SMS using our dialer & spam call blocker, unknown caller id.  Block Caller ID  Know whos calling you using the best free call ID, call blocker, spam blocker, spam messages, contacts!   Personalize Video Ringtones - Customize ringtones with your favorite memories!  Record Phone Calls - Automatically record your phone calls   CallApp Caller ID Blocker Features:  Who called me?  Reverse phone lookup, block caller ID app that identifies unknown calls & unknown numbers. A true call blocker that can block spam calls and know the caller behind the number! True caller id  Caller ID App  Know the call ID from each phone call! Call-App caller App can show you who called, see Facebook Pictures on the identity calls page. Automatically Block calls that are spam calls or scam & unknown numbers from sales & telemarketing calls. Find out who called you and block unwanted call callerid Video Ringtones - Customize your incoming caller screen with videos. Display videos as ringtone. Color Call Screen call flash, stylish your call screen. Backgrounds decorate or change your traditional callerscreen.  Dialer & Contacts app  CallApp is a dialer & real caller ID app that helps call your contacts phone numbers from your phone book with ease. Manage your incoming and outgoing calls using our free caller ID, spam call blocker, true call recording & dialer app!  Automatic Call Recorder  Recording calls is easy! Recording incoming & outgoing phone calls ! Call App has quality recording calls! call recordings can be used on any android phone.  Blacklist numbers  add spam calls, block numbers & contacts from your phone book or dialer to our free caller id & true call recorder app. Blacklist a phone number & never get calls from unknown callers again! Use the phone number search to see who called me & calls blacklist the spam number you wish to block.  Contacts  See the callers ID, name, photo, number lookup, number locator, birthday, social media, email address book & phone book.   Manage your Address Book  Automatically update your phone book through our dialer & call blocker app to always know whos calling! Manage your address book & contacts including their images, contact details and much more!  Contacts Info & Customize  Customize your address book, caller ID, dialer, call blocker, call recorder & all of Call App. Choose between different themes to make your calling experience even better!  CallApp+ - Identify calls from spam & unknown numbers, block calls & callers from IM Social Media Apps & SMS. All CallApps phone number identification (reverse phone lookup) in one place to show contacts caller id of your phone calls. No more spam calls!  New! Incognito calls - Ultimate Call Privacy. Whether youre doing business, rendezvous, fling, affair or cheating, incognito call can help you! Privacy for all your hidden calls, flings, affairs & cheating!  CallApp dialer free caller ID App has the most phone numbers compared to other caller ID apps! This calling App can block spam calls, identify calls, blacklist unknown numbers, record your phone calls and much more. CallApps automatic blocker caller will make sure youll always know who called you! Install now and know who is the caller ID behind the phone call now! Blocking sales & spam calls is now easy than ever!  Call App is the best used for Call blocker, recording calls, robocalls, nuisance & spam calls, blacklist numbers, identify calls with our caller ID.   Use CallApp for contacts, address book, phone number search, reverse phone lookup, block numbers, blocker caller, SMS, automatic call recorder, dialer & always know who called me with Call Apps caller id app!  Upgrade CallApp caller ID & true call recorder and enjoy premium features: - No ads - Video songs as your incoming cal - Store items (themes, skins etc.)  CallApp Support: support@callapp.com ",
"desc_perms" : "['android.permission.CALL_PHONE', 'android.permission.READ_CONTACTS', 'android.permission.READ_CALL_LOG', 'android.permission.ACCESS_FINE_LOCATION', 'android.permission.MODIFY_AUDIO_SETTINGS', 'android.permission.ACCESS_NETWORK_STATE', 'android.permission.CAMERA', 'android.permission.INTERNET', 'android.permission.ACCESS_WIFI_STATE', 'android.permission.READ_PHONE_STATE']",
"manifest_perms" : "['android.permission.BROADCAST_STICKY', 'android.permission.FOREGROUND_SERVICE', 'android.permission.WRITE_SYNC_SETTINGS', 'android.permission.READ_SYNC_SETTINGS', 'android.permission.ACCESS_FINE_LOCATION', 'android.permission.USE_CREDENTIALS', 'android.permission.WRITE_CALL_LOG', 'android.permission.BLUETOOTH', 'android.permission.RECEIVE_BOOT_COMPLETED', 'android.permission.READ_INTERNAL_STORAGE', 'android.permission.MODIFY_AUDIO_SETTINGS', 'com.google.android.finsky.permission.BIND_GET_INSTALL_REFERRER_SERVICE', 'android.permission.READ_PROFILE', 'android.permission.MANAGE_OWN_CALLS', 'android.permission.WRITE_INTERNAL_STORAGE', 'android.permission.STORAGE', 'android.permission.WRITE_EXTERNAL_STORAGE', 'android.permission.READ_CALL_LOG', 'android.permission.WRITE_CONTACTS', 'android.permission.RECORD_AUDIO', 'android.permission.MODIFY_PHONE_STATE', 'com.android.vending.BILLING', 'com.callapp.contacts.permission.MAPS_RECEIVE', 'android.permission.PROCESS_OUTGOING_CALLS', 'android.permission.WRITE_CALENDAR', 'android.permission.VIBRATE', 'android.permission.ACCESS_WIFI_STATE', 'android.permission.READ_CALENDAR', 'com.google.android.c2dm.permission.RECEIVE', 'android.permission.CALL_PHONE', 'com.android.launcher.permission.INSTALL_SHORTCUT', 'com.google.android.providers.gsf.permission.READ_GSERVICES', 'android.permission.AUTHENTICATE_ACCOUNTS', 'android.permission.PACKAGE_USAGE_STATS', 'android.permission.CAPTURE_AUDIO_OUTPUT', 'android.permission.WAKE_LOCK', 'android.permission.GET_ACCOUNTS', 'android.permission.DISABLE_KEYGUARD', 'android.permission.INTERNET', 'android.permission.READ_PHONE_STATE', 'android.permission.REQUEST_IGNORE_BATTERY_OPTIMIZATIONS', 'android.permission.READ_CONTACTS', 'android.permission.READ_EXTERNAL_STORAGE', 'android.permission.READ_SMS', 'android.permission.ACCESS_COARSE_LOCATION', 'android.permission.MANAGE_ACCOUNTS', 'android.permission.READ_SYNC_STATS', 'android.permission.SEND_SMS', 'android.permission.ACCESS_NETWORK_STATE', 'android.permission.WRITE_SETTINGS', 'android.permission.RECEIVE_SMS', 'android.permission.SYSTEM_ALERT_WINDOW']",
"perms_with_call" : "['android.permission.BROADCAST_STICKY', 'android.permission.READ_EXTERNAL_STORAGE', 'android.permission.CHANGE_NETWORK_STATE', 'android.permission.ACCESS_COARSE_LOCATION', 'android.permission.ACCESS_FINE_LOCATION', 'android.permission.GET_TASKS', 'android.permission.WAKE_LOCK', 'android.permission.BLUETOOTH', 'android.permission.SEND_SMS', 'android.permission.MODIFY_AUDIO_SETTINGS', 'android.permission.ACCESS_NETWORK_STATE', 'android.permission.DISABLE_KEYGUARD', 'android.permission.ACCESS_WIFI_STATE', 'android.permission.CHANGE_WIFI_STATE', 'android.permission.READ_PHONE_STATE']" 
"extra_perms" : "['android.permission.WRITE_CALENDAR', 'android.permission.PACKAGE_USAGE_STATS', 'android.permission.CAPTURE_AUDIO_OUTPUT', 'android.permission.WRITE_CALL_LOG', 'android.permission.GET_ACCOUNTS', 'android.permission.READ_INTERNAL_STORAGE', 'android.permission.PROCESS_OUTGOING_CALLS', 'android.permission.DISABLE_KEYGUARD', 'android.permission.MANAGE_OWN_CALLS', 'android.permission.REQUEST_IGNORE_BATTERY_OPTIMIZATIONS', 'android.permission.WRITE_INTERNAL_STORAGE', 'android.permission.STORAGE', 'android.permission.READ_EXTERNAL_STORAGE', 'android.permission.READ_SMS', 'android.permission.ACCESS_COARSE_LOCATION', 'android.permission.WRITE_EXTERNAL_STORAGE', 'android.permission.WRITE_CONTACTS', 'android.permission.RECORD_AUDIO', 'android.permission.MODIFY_PHONE_STATE', 'android.permission.SEND_SMS', 'com.callapp.contacts.permission.MAPS_RECEIVE', 'com.android.vending.BILLING', 'android.permission.RECEIVE_SMS', 'android.permission.SYSTEM_ALERT_WINDOW', 'android.permission.READ_CALENDAR']",
}