{
"name" : "OpenScape Mobile Pro",
"url" : "https://play.google.com/store/apps/details?id=com.unify.osmo",
"package" : "com.unify.osmo",
"category" : "Communication",
"description" : "IMPORTANT NOTICE: OpenScape Mobile Pro is not a standalone client but part of a Unified Communications solution. In order to function correctly all mandatory solution components must be installed and in operational state. Be advised by your administrator before installing or upgrading the application. The solution requires an OpenScape UC applications server, an SBC server, a HAproxy, a mobile Faade server and a suitable PBX (OpenScape Voice or OpenScape 4000). Version compatibility matrix can be found in the product release notes.  Todays reality - A mobile, global, distributed and virtual workforce.   But you still need fast access to people, from wherever you are, at the lowest possible cost.   OpenScape Mobile Pro enhances your communications experience with rich Voice over IP (VoIP) and Video capabilities from your Android device.   Plus it allows you to seamlessly move calls between desk phone, Wi-Fi and cellular.  OpenScape Mobile Pro reduces cellular charges through lower air-time minutes and roaming charges by making and receiving calls over Wi-Fi from your home, a Wi-Fi hotspot or on the corporate Wi-Fi.   With a simple finger gesture, OpenScape Mobile Pro call swipe lets you seamlessly move calls from your mobile device to a desktop device, and vice-versa, and from cellular network or the Wi-Fi.   What you can do   OpenScape Mobile Pro works in three modes (depending on the license you purchased):   UC-only mode: Gives you access to OpenScape Unified Communications features (also see OpenScape UC)    Set your user presence status and preferred device or device list  Be reached on a single published phone number  See your OpenScape contacts and their presence status  Manage your OpenScape contacts and place calls to your contacts through your corporate network  Initiate conferences and join a conference, plus see the conference status  Chat with your colleagues  Set time zone, location and status note  View missed calls in the Journal    Voice/Video-only mode:  Gives you access to VoIP and Video, plus call transfer, call forwarding and call swipe.   Combined mode: Gives you both UC and VoIP/Video functionality in a single mobile application.  OpenScape Mobile Pro requires the connectivity to either OpenScape UC, OpenScape Voice or OpenScape 4000.  For more information about OpenScape, please visit us at www.unify.com ",
"desc_perms" : "['android.permission.READ_CONTACTS', 'android.permission.WRITE_EXTERNAL_STORAGE', 'android.permission.ACCESS_FINE_LOCATION', 'android.permission.READ_PHONE_STATE', 'android.permission.ACCESS_WIFI_STATE', 'android.permission.MODIFY_AUDIO_SETTINGS', 'android.permission.GET_ACCOUNTS', 'android.permission.CAMERA', 'android.permission.CALL_PHONE', 'android.permission.ACCESS_NETWORK_STATE', 'android.permission.INTERNET']",
"manifest_perms" : "['android.permission.WRITE_EXTERNAL_STORAGE', 'android.permission.ACCESS_FINE_LOCATION', 'android.permission.RECEIVE_BOOT_COMPLETED', 'android.permission.BROADCAST_STICKY', 'android.permission.REORDER_TASKS', 'android.permission.RECORD_AUDIO', 'android.permission.WRITE_CONTACTS', 'android.permission.FOREGROUND_SERVICE', 'android.permission.WAKE_LOCK', 'android.permission.MODIFY_AUDIO_SETTINGS', 'android.permission.ACCESS_NETWORK_STATE', 'android.permission.READ_CONTACTS', 'android.permission.READ_EXTERNAL_STORAGE', 'android.permission.BLUETOOTH_ADMIN', 'com.google.android.c2dm.permission.RECEIVE', 'android.permission.CHANGE_WIFI_STATE', 'com.unify.osmo.permission.OSMO_INTERNAL', 'android.permission.CAMERA', 'com.google.android.finsky.permission.BIND_GET_INSTALL_REFERRER_SERVICE', 'android.permission.INTERNET', 'android.permission.BLUETOOTH', 'android.permission.READ_PHONE_STATE', 'android.permission.ACCESS_WIFI_STATE', 'android.permission.VIBRATE']",
"perms_with_call" : "['android.permission.ACCESS_COARSE_LOCATION', 'android.permission.ACCESS_FINE_LOCATION', 'android.permission.BROADCAST_STICKY', 'android.permission.READ_PHONE_STATE', 'android.permission.BLUETOOTH_ADMIN', 'android.permission.ACCESS_WIFI_STATE', 'android.permission.REORDER_TASKS', 'android.permission.WAKE_LOCK', 'android.permission.USE_FINGERPRINT', 'android.permission.CHANGE_WIFI_STATE', 'android.permission.MODIFY_AUDIO_SETTINGS', 'android.permission.GET_TASKS', 'android.permission.ACCESS_NETWORK_STATE', 'android.permission.BLUETOOTH']" 
"extra_perms" : "['android.permission.ACCESS_COARSE_LOCATION', 'com.unify.osmo.permission.OSMO_INTERNAL', 'android.permission.READ_EXTERNAL_STORAGE', 'android.permission.RECORD_AUDIO', 'android.permission.REORDER_TASKS', 'android.permission.WRITE_CONTACTS']",
}