{
"name" : "Y2Call",
"url" : "https://play.google.com/store/apps/details?id=com.ytwocall.app",
"package" : "com.ytwocall.app",
"category" : "Communication",
"description" : "Y2Call is a mobile app for Android and other smartphones, offering a range of functionalities like VoIP Calls & SMSs, cross-OS Instant Messaging and much more from data enabled mobile phones (3G/4G or WiFi).  For using this app, end users will need an Operator Code, which they can obtain from a VoIP Service Provider. While Service Providers can use this White Label Platform to offer Mobile VoIP services in their own brand. Features: VoIP Calls & SMSs via Wifi, 3G / 4G, edge or UMTS. Cross-platform Instant Messaging  an Android user can chat with an iPhone user or a Windows OS user can chat with a BlackBerry user. Offer unlimited mobile chatting and increase stickiness to your brand. Easy Sign Up with Mobile Number as user ID & automatic Buddy List creation with facility to invite phonebook contacts to install the app.  Facility to enable Mobile Top Up. For Service Providers Y2Call is available in all major OS Platforms and you can fully customize & brand it as per your requirements. ",
"desc_perms" : "['android.permission.WRITE_EXTERNAL_STORAGE', 'android.permission.ACCESS_WIFI_STATE', 'android.permission.ACCESS_NETWORK_STATE', 'android.permission.INTERNET']",
"manifest_perms" : "['android.permission.READ_CONTACTS', 'android.permission.WRITE_EXTERNAL_STORAGE', 'android.permission.ACCESS_NETWORK_STATE', 'android.permission.READ_PHONE_STATE', 'android.permission.BLUETOOTH_ADMIN', 'android.permission.ACCESS_WIFI_STATE', 'android.permission.WAKE_LOCK', 'android.permission.MODIFY_AUDIO_SETTINGS', 'android.permission.RECORD_AUDIO', 'android.permission.SYSTEM_ALERT_WINDOW', 'android.permission.DISABLE_KEYGUARD', 'android.permission.VIBRATE', 'android.permission.CALL_PHONE', 'android.permission.WRITE_CONTACTS', 'android.permission.BLUETOOTH', 'android.permission.INTERNET']",
"perms_with_call" : "['android.permission.ACCESS_COARSE_LOCATION', 'android.permission.ACCESS_FINE_LOCATION', 'android.permission.BROADCAST_STICKY', 'android.permission.READ_PHONE_STATE', 'android.permission.ACCESS_WIFI_STATE', 'android.permission.WAKE_LOCK', 'android.permission.USE_FINGERPRINT', 'android.permission.MODIFY_AUDIO_SETTINGS', 'android.permission.GET_TASKS', 'android.permission.ACCESS_NETWORK_STATE', 'android.permission.BLUETOOTH']" 
"extra_perms" : "['android.permission.READ_CONTACTS', 'android.permission.ACCESS_COARSE_LOCATION', 'android.permission.ACCESS_FINE_LOCATION', 'android.permission.READ_PHONE_STATE', 'android.permission.MODIFY_AUDIO_SETTINGS', 'android.permission.SYSTEM_ALERT_WINDOW', 'android.permission.RECORD_AUDIO', 'android.permission.DISABLE_KEYGUARD', 'android.permission.CALL_PHONE', 'android.permission.WRITE_CONTACTS']",
}