{
"name" : "mylife at Magna",
"url" : "https://play.google.com/store/apps/details?id=com.magna.mylifeapp",
"package" : "com.magna.mylifeapp",
"category" : "Communication",
"description" : "STAY CONNECTED - Download the Magna mylife app and stay up-to-date on company, group, and division news and insights. mylife@Magna  experience a new kind of company app.  Experience the mylife app:  Company information, news, and announcements: Be the first to know whats going on at Magna.  Up-to-date event calendar: Get an overview of events and important dates. Add items to your personal calendar.  Division updates: Stay informed on your division, new colleagues, local happenings etc.  Employee Magazines: Read the latest articles from Magna People as well as other division newsletters.  Job Postings: Check out the latest postings in your division and around the globe.  Videos: Watch the latest company videos.  Personalized Notifications: Customize content alerts and frequency of notifications.  The mylife app is available to all Magna divisions and sites and can be installed on private and business phones alike  making Magna more accessible than it has ever been before. Magna technology travels millions of miles ",
"desc_perms" : "['android.permission.READ_CALENDAR', 'android.permission.INTERNET', 'android.permission.ACCESS_WIFI_STATE', 'android.permission.WRITE_CALENDAR', 'android.permission.ACCESS_NETWORK_STATE']",
"manifest_perms" : "['android.permission.WAKE_LOCK', 'android.permission.WRITE_EXTERNAL_STORAGE', 'com.google.android.finsky.permission.BIND_GET_INSTALL_REFERRER_SERVICE', 'android.permission.INTERNET', 'android.permission.ACCESS_COARSE_LOCATION', 'com.google.android.c2dm.permission.RECEIVE', 'android.permission.ACCESS_NETWORK_STATE', 'android.permission.READ_EXTERNAL_STORAGE', 'android.permission.CAMERA', 'android.permission.ACCESS_FINE_LOCATION']",
"perms_with_call" : "['android.permission.WAKE_LOCK', 'android.permission.GET_TASKS', 'android.permission.USE_FINGERPRINT', 'android.permission.ACCESS_WIFI_STATE', 'android.permission.ACCESS_COARSE_LOCATION', 'android.permission.BLUETOOTH', 'android.permission.CHANGE_NETWORK_STATE', 'android.permission.ACCESS_NETWORK_STATE', 'android.permission.BROADCAST_STICKY', 'android.permission.ACCESS_FINE_LOCATION']" 
"extra_perms" : "['android.permission.ACCESS_WIFI_STATE', 'android.permission.ACCESS_COARSE_LOCATION', 'android.permission.WRITE_EXTERNAL_STORAGE', 'android.permission.READ_EXTERNAL_STORAGE', 'android.permission.CAMERA', 'android.permission.ACCESS_FINE_LOCATION']",
}