{
"name" : "HimalayaKonnect",
"url" : "https://play.google.com/store/apps/details?id=com.himalayawellness.himalayakonnect",
"package" : "com.himalayawellness.himalayakonnect",
"category" : "Communication",
"description" : "Himalaya Konnect is an enterprise level communication tool that is capable of handling multiple levels of communication which includes  Colleagues, Business Partners, Customers, Vendors, Doctors, Students from a single platform. This application helps in the collaboration and dissemination of information from your very finger tips. With the help of dynamic form creation ability of the Himalaya Konnect- mobility platform application, it is made easier for field personnel to communicate directly with the support staff in a fast and effective manner.  Groups can be formed within which people can get their queries clarified and also engage in communication with others such as private chats and group chats. ",
"desc_perms" : "[]",
"manifest_perms" : "['com.sonyericsson.home.permission.BROADCAST_BADGE', 'com.huawei.android.launcher.permission.READ_SETTINGS', 'com.google.android.providers.gsf.permission.READ_GSERVICES', 'com.sec.android.provider.badge.permission.READ', 'com.anddoes.launcher.permission.UPDATE_COUNT', 'android.permission.CHANGE_WIFI_STATE', 'android.permission.ACCESS_FINE_LOCATION', 'android.permission.WRITE_EXTERNAL_STORAGE', 'com.majeur.launcher.permission.UPDATE_BADGE', 'android.permission.ACCESS_COARSE_LOCATION', 'com.google.android.finsky.permission.BIND_GET_INSTALL_REFERRER_SERVICE', 'android.permission.CAMERA', 'android.permission.READ_APP_BADGE', 'com.google.android.c2dm.permission.RECEIVE', 'android.permission.ACCESS_NETWORK_STATE', 'com.htc.launcher.permission.UPDATE_SHORTCUT', 'android.permission.INTERNET', 'com.oppo.launcher.permission.READ_SETTINGS', 'android.permission.READ_PHONE_STATE', 'android.permission.RECORD_AUDIO', 'me.everything.badger.permission.BADGE_COUNT_READ', 'com.huawei.android.launcher.permission.CHANGE_BADGE', 'com.huawei.android.launcher.permission.WRITE_SETTINGS', 'android.permission.RECEIVE_BOOT_COMPLETED', 'android.permission.VIBRATE', 'com.htc.launcher.permission.READ_SETTINGS', 'android.permission.STORAGE', 'android.permission.MODIFY_AUDIO_SETTINGS', 'com.sec.android.provider.badge.permission.WRITE', 'android.permission.WAKE_LOCK', 'android.permission.FOREGROUND_SERVICE', 'com.oppo.launcher.permission.WRITE_SETTINGS', 'android.permission.ACCESS_WIFI_STATE', 'me.everything.badger.permission.BADGE_COUNT_WRITE', 'com.sonymobile.home.permission.PROVIDER_INSERT_BADGE']",
"perms_with_call" : "['android.permission.ACCESS_COARSE_LOCATION', 'android.permission.BROADCAST_STICKY', 'android.permission.ACCESS_NETWORK_STATE', 'android.permission.WAKE_LOCK', 'android.permission.GET_TASKS', 'android.permission.ACCESS_WIFI_STATE', 'android.permission.ACCESS_FINE_LOCATION', 'android.permission.CHANGE_WIFI_STATE']" 
"extra_perms" : "['android.permission.WRITE_EXTERNAL_STORAGE', 'android.permission.RECORD_AUDIO', 'android.permission.ACCESS_COARSE_LOCATION', 'android.permission.STORAGE', 'android.permission.CAMERA', 'android.permission.MODIFY_AUDIO_SETTINGS', 'android.permission.ACCESS_NETWORK_STATE', 'android.permission.INTERNET', 'android.permission.ACCESS_WIFI_STATE', 'android.permission.READ_PHONE_STATE', 'android.permission.ACCESS_FINE_LOCATION']",
}