{
"name" : "Viber Messenger - Messages, Group Chats & Calls",
"url" : "https://play.google.com/store/apps/details?id=com.viber.voip",
"package" : "com.viber.voip",
"category" : "Communication",
"description" : "Viber is the FREE, simple, fast and most secure messaging and calling app. The messenger of choice for over 1 billion users worldwide! Text now for free and make high-quality crystal-clear phone calls.   Viber is completely free. All you need is a data plan or Wi-Fi connection and youre good to go. Make free international calls, send text messages, open a group chat, and so much more! Download Viber today to connect with people, no matter who they are, or where they are from.  With Viber you will have access to unlimited calls, endless texting and high quality video chat!  Why is Viber a perfect text and video messenger for you?   Fully Synced Desktop and Tablet Apps Viber is fully synced to your computer and laptop. You can see all your messages and calls, and chat with them directly from your desktop or Android tablet.  Make Free Audio and Video Calls Make crystal-clear audio and instant video calls to friends and family for free! Live chat is a great opportunity to stay connected.  Make Low-cost Calls to Landlines with Viber Out Call landlines, non-Viber users or anyone who doesnt have an internet service or a mobile phone with Viber Outs low-cost international calling service.   Send Free Messages Staying in touch has never been easier. Send a free text message, share a photo, a sticker or GIF, a video or any other file. Viber is a great alternative for the fans of sms texting!  Open a Group Chat Catch up with friends, family and coworkers by opening a group chat for up to 250 members. Talk and text together!  Chat and Call with 100% Privacy Thanks to end-to-end encryption, any type of information you share on Viber will always remain between yourself and the person youre talking to. Any message you send makes its way from your device to the recipients in the form of an encrypted code that only their device can translate to plain text using an encryption key. Encryption keys exist only on user devices and nowhere else. So, no one  not even Viber  can read your messages.  Self-Destruct Your Secret Chats Start a Secret Chat which will let you set a self-destruct timer for every message in your conversation so that after your message is read, its automatically deleted from your recipients phone. Viber is safe! We support encrypted messaging to make sure your data is private.  Express Yourself with GIFs and Viber Stickers Words can only say so much! Express your every emotion with endless GIFs and over 35,000 stickers from the Viber Sticker Market. Chatting is more fun than you think!  Start a Viber Community with Unlimited Members No matter what youre interested in, you can now start your own Viber Community! Interact with an unlimited number of people, about a shared topic or passion. Enjoy more admin controls than ever before as well as new conversation features in a unique chat space where you get to call all the shots.   Enrich Your Conversation with Chat Extensions Spice up your conversations with a variety of useful Chat Extensions including easy access to your favorite links, special Viber stickers, GIFs and videos, Yelp, YouTube, Booking, Spotify and more.   Viber Out Subscriptions are a bundle of minutes to call a specific destination, which are purchased in-app and renew monthly or weekly depending on your plan. If you subscribe via play store, payment will be charged to your account when the purchase is confirmed. Subscriptions automatically renew unless auto-renew is turned off at least 24 hours before the end of the current period. Your Account will be charged for this renewal up to 24 hours before the end of the current period at the rate of your selected plan. You can manage your subscription and turn off auto-renewal at any time by going to your Play Store Account settings on your device.  Viber is part of the Rakuten Group, a world leader in e-commerce and financial services. Install Viber Free Messenger Now and Start Connecting! ",
"desc_perms" : "['android.permission.READ_CONTACTS', 'android.permission.WRITE_EXTERNAL_STORAGE', 'android.permission.SEND_SMS', 'android.permission.READ_EXTERNAL_STORAGE', 'android.permission.READ_PHONE_STATE', 'android.permission.ACCESS_WIFI_STATE', 'android.permission.WRITE_CONTACTS', 'android.permission.MODIFY_AUDIO_SETTINGS', 'android.permission.RECORD_AUDIO', 'android.permission.GET_ACCOUNTS', 'android.permission.CAMERA', 'android.vending.BILLING', 'android.permission.CALL_PHONE', 'android.permission.ACCESS_NETWORK_STATE', 'com.android.vending.BILLING', 'android.permission.INTERNET']",
"manifest_perms" : "['android.permission.WRITE_EXTERNAL_STORAGE', 'android.permission.KILL_BACKGROUND_PROCESSES', 'android.permission.ACCESS_COARSE_LOCATION', 'android.permission.RECEIVE_BOOT_COMPLETED', 'android.permission.ACCESS_FINE_LOCATION', 'android.permission.BROADCAST_STICKY', 'android.permission.READ_APP_BADGE', 'android.permission.READ_CALL_LOG', 'android.permission.CHANGE_NETWORK_STATE', 'android.permission.READ_MEDIA_VIDEO', 'com.sonyericsson.home.permission.BROADCAST_BADGE', 'android.permission.MANAGE_OWN_CALLS', 'android.permission.RECORD_AUDIO', 'android.permission.GET_ACCOUNTS', 'android.permission.SYSTEM_ALERT_WINDOW', 'me.everything.badger.permission.BADGE_COUNT_WRITE', 'android.permission.CALL_PHONE', 'android.permission.WRITE_CONTACTS', 'android.permission.WRITE_SETTINGS', 'com.anddoes.launcher.permission.UPDATE_COUNT', 'android.permission.FOREGROUND_SERVICE', 'android.permission.SET_WALLPAPER', 'android.permission.WAKE_LOCK', 'android.permission.READ_SYNC_STATS', 'com.google.android.providers.gsf.permission.READ_GSERVICES', 'com.sonymobile.home.permission.PROVIDER_INSERT_BADGE', 'android.permission.MODIFY_AUDIO_SETTINGS', 'android.permission.AUTHENTICATE_ACCOUNTS', 'com.majeur.launcher.permission.UPDATE_BADGE', 'android.permission.GET_TASKS', 'com.android.vending.BILLING', 'android.permission.ACCESS_NETWORK_STATE', 'android.permission.USE_CREDENTIALS', 'android.permission.READ_MEDIA_AUDIO', 'android.permission.READ_CONTACTS', 'android.permission.READ_EXTERNAL_STORAGE', 'android.permission.MANAGE_ACCOUNTS', 'me.everything.badger.permission.BADGE_COUNT_READ', 'android.permission.BLUETOOTH_ADMIN', 'com.google.android.c2dm.permission.RECEIVE', 'android.permission.READ_MEDIA_IMAGES', 'android.permission.READ_SOCIAL_STREAM', 'com.sec.android.provider.badge.permission.WRITE', 'android.permission.CHANGE_WIFI_STATE', 'com.htc.launcher.permission.READ_SETTINGS', 'android.permission.DISABLE_KEYGUARD', 'android.permission.CAMERA', 'com.google.android.finsky.permission.BIND_GET_INSTALL_REFERRER_SERVICE', 'android.permission.BLUETOOTH', 'android.permission.INTERNET', 'com.oppo.launcher.permission.WRITE_SETTINGS', 'com.htc.launcher.permission.UPDATE_SHORTCUT', 'android.permission.READ_PHONE_STATE', 'com.oppo.launcher.permission.READ_SETTINGS', 'android.permission.ACCESS_WIFI_STATE', 'android.permission.READ_SYNC_SETTINGS', 'android.permission.USE_FULL_SCREEN_INTENT', 'com.huawei.android.launcher.permission.WRITE_SETTINGS', 'com.huawei.android.launcher.permission.READ_SETTINGS', 'android.permission.WRITE_SYNC_SETTINGS', 'android.permission.WRITE_SOCIAL_STREAM', 'com.huawei.android.launcher.permission.CHANGE_BADGE', 'android.permission.VIBRATE', 'com.sec.android.provider.badge.permission.READ']",
"perms_with_call" : "['android.permission.ACCESS_COARSE_LOCATION', 'android.permission.ACCESS_FINE_LOCATION', 'android.permission.RECEIVE_BOOT_COMPLETED', 'android.permission.BROADCAST_STICKY', 'android.permission.READ_PHONE_STATE', 'android.permission.CHANGE_NETWORK_STATE', 'android.permission.BLUETOOTH_ADMIN', 'android.permission.ACCESS_WIFI_STATE', 'android.permission.SET_WALLPAPER', 'android.permission.WAKE_LOCK', 'android.permission.USE_FINGERPRINT', 'android.permission.CHANGE_WIFI_STATE', 'android.permission.MODIFY_AUDIO_SETTINGS', 'android.permission.GET_TASKS', 'android.permission.ACCESS_NETWORK_STATE', 'android.permission.BLUETOOTH']" 
"extra_perms" : "['android.permission.KILL_BACKGROUND_PROCESSES', 'android.permission.ACCESS_COARSE_LOCATION', 'android.permission.ACCESS_FINE_LOCATION', 'android.permission.READ_CALL_LOG', 'android.permission.READ_MEDIA_VIDEO', 'android.permission.READ_MEDIA_IMAGES', 'android.permission.USE_FULL_SCREEN_INTENT', 'android.permission.READ_SOCIAL_STREAM', 'android.permission.MANAGE_OWN_CALLS', 'android.permission.SYSTEM_ALERT_WINDOW', 'android.permission.WRITE_SOCIAL_STREAM', 'android.permission.DISABLE_KEYGUARD', 'android.permission.READ_MEDIA_AUDIO']",
}