{
"name" : "ZoiperBeta",
"url" : "https://play.google.com/store/apps/details?id=com.zoiper.android.zoiperbeta.app",
"package" : "com.zoiper.android.zoiperbeta.app",
"category" : "Communication",
"description" : "Public beta of the new Zoiper SIP & IAX2 softphone for Android.  Make and receive calls and send and receive messages through your office PBX or voip service provider.   The main features of the current release are:  - Use Zoiper as default dialer - video calls - conference - multiple calls management - call waiting - call transfer - chat - support for more than one account - SRTP and ZRTP encryption   NOTE: This version can crash or miss some important features. It is not for use in a production environment. In-app purchases(G.729, H.264 and GOLD) are disabled. If your device continues to ring because of Zoiper, please use Force Stop from the Android settings to stop the application.  Send us any bugreports on android@zoiper.com ",
"desc_perms" : "['android.permission.READ_EXTERNAL_STORAGE', 'android.permission.READ_PHONE_STATE', 'android.permission.MODIFY_AUDIO_SETTINGS', 'android.permission.CAMERA', 'android.permission.CALL_PHONE', 'android.permission.ACCESS_NETWORK_STATE', 'android.permission.INTERNET']",
"manifest_perms" : "['android.permission.WRITE_EXTERNAL_STORAGE', 'android.permission.ACCESS_COARSE_LOCATION', 'android.permission.ACCESS_FINE_LOCATION', 'android.permission.RECEIVE_BOOT_COMPLETED', 'android.permission.BROADCAST_STICKY', 'android.permission.RECORD_AUDIO', 'android.permission.GET_ACCOUNTS', 'android.permission.CALL_PHONE', 'android.permission.WRITE_CONTACTS', 'android.permission.WRITE_SETTINGS', 'android.permission.FOREGROUND_SERVICE', 'android.permission.CALL_PRIVILEGED', 'android.permission.WAKE_LOCK', 'android.permission.MODIFY_AUDIO_SETTINGS', 'android.permission.DEVICE_POWER', 'android.permission.READ_LOGS', 'com.android.vending.BILLING', 'android.permission.ACCESS_NETWORK_STATE', 'android.permission.READ_CONTACTS', 'android.permission.REQUEST_IGNORE_BATTERY_OPTIMIZATIONS', 'android.permission.READ_EXTERNAL_STORAGE', 'android.permission.BLUETOOTH_ADMIN', 'com.google.android.c2dm.permission.RECEIVE', 'android.permission.CHANGE_WIFI_STATE', 'android.permission.CAMERA', 'com.google.android.finsky.permission.BIND_GET_INSTALL_REFERRER_SERVICE', 'android.permission.INTERNET', 'android.permission.BLUETOOTH', 'android.permission.READ_PHONE_STATE', 'android.permission.ACCESS_WIFI_STATE', 'android.permission.READ_SYNC_SETTINGS', 'android.permission.USE_FULL_SCREEN_INTENT', 'android.permission.ACCESS_NOTIFICATION_POLICY', 'android.permission.VIBRATE', 'android.permission.READ_PROFILE']",
"perms_with_call" : "['android.permission.ACCESS_COARSE_LOCATION', 'android.permission.ACCESS_FINE_LOCATION', 'android.permission.BROADCAST_STICKY', 'android.permission.READ_PHONE_STATE', 'android.permission.CHANGE_NETWORK_STATE', 'android.permission.BLUETOOTH_ADMIN', 'android.permission.ACCESS_WIFI_STATE', 'android.permission.WAKE_LOCK', 'android.permission.USE_FINGERPRINT', 'android.permission.CHANGE_WIFI_STATE', 'android.permission.MODIFY_AUDIO_SETTINGS', 'android.permission.GET_TASKS', 'android.permission.ACCESS_NETWORK_STATE', 'android.permission.BLUETOOTH']" 
"extra_perms" : "['android.permission.WRITE_EXTERNAL_STORAGE', 'android.permission.ACCESS_COARSE_LOCATION', 'android.permission.ACCESS_FINE_LOCATION', 'android.permission.REQUEST_IGNORE_BATTERY_OPTIMIZATIONS', 'android.permission.READ_CONTACTS', 'android.permission.CALL_PRIVILEGED', 'android.permission.ACCESS_WIFI_STATE', 'android.permission.USE_FULL_SCREEN_INTENT', 'android.permission.RECORD_AUDIO', 'android.permission.GET_ACCOUNTS', 'android.permission.READ_LOGS', 'android.permission.DEVICE_POWER', 'com.android.vending.BILLING', 'android.permission.WRITE_CONTACTS']",
}