{
"name" : "Blurry - Make global friends",
"url" : "https://play.google.com/store/apps/details?id=com.hyperitycorp.app.inside",
"package" : "com.hyperitycorp.app.inside",
"category" : "Communication",
"description" : "Blurry is a live video communication app that allows users to blur screen image. The blur effect can be controlled by each user based on the users comfort level. It also encourages users to engage in conversations first. Blurry is particularly useful to those who are too shy to meet people online or apprehensive about receiving negative comments based on appearance.    Diamonds Diamonds are for purchasing various functions such as; - Send friend request to the person who just talked with you   Blueberry Membership: When you subscribe Blueberry membership, following premium features are available; - Ad-free Environment - Check whether your friends have read your messages or not - Unlimited use of boost which makes you to be matched quicker - Use of rear camera - Unlimited free translation    Terms of Service: http://blurry.hyperitycorp.com/terms/en.html  Privacy Policy: http://blurry.hyperitycorp.com/privacy/en.html  Contact Us: support@hyperitycorp.com ",
"desc_perms" : "['android.permission.GET_ACCOUNTS', 'android.permission.INTERNET', 'android.vending.BILLING', 'android.permission.READ_CONTACTS', 'android.permission.ACCESS_WIFI_STATE', 'android.permission.ACCESS_NETWORK_STATE', 'android.permission.WRITE_CONTACTS', 'android.permission.READ_EXTERNAL_STORAGE', 'android.permission.CAMERA']",
"manifest_perms" : "['android.permission.GET_TASKS', 'android.permission.ACCESS_WIFI_STATE', 'android.permission.ACCESS_COARSE_LOCATION', 'com.google.android.c2dm.permission.RECEIVE', 'android.permission.CHANGE_NETWORK_STATE', 'android.permission.ACCESS_NETWORK_STATE', 'android.permission.BROADCAST_PACKAGE_REMOVED', 'android.permission.WAKE_LOCK', 'android.permission.WRITE_EXTERNAL_STORAGE', 'com.android.vending.BILLING', 'android.permission.CAMERA', 'com.google.android.finsky.permission.BIND_GET_INSTALL_REFERRER_SERVICE', 'android.permission.BLUETOOTH', 'android.permission.SYSTEM_ALERT_WINDOW', 'android.permission.READ_EXTERNAL_STORAGE', 'android.permission.FOREGROUND_SERVICE', 'android.permission.VIBRATE', 'android.permission.MODIFY_AUDIO_SETTINGS', 'android.permission.RECORD_AUDIO', 'android.permission.INTERNET', 'android.permission.RECEIVE_BOOT_COMPLETED', 'android.permission.ACCESS_FINE_LOCATION']",
"perms_with_call" : "['android.permission.WAKE_LOCK', 'android.permission.BROADCAST_STICKY', 'android.permission.GET_TASKS', 'android.permission.USE_FINGERPRINT', 'android.permission.CHANGE_WIFI_STATE', 'android.permission.ACCESS_WIFI_STATE', 'android.permission.ACCESS_COARSE_LOCATION', 'android.permission.BLUETOOTH', 'android.permission.CHANGE_NETWORK_STATE', 'android.permission.ACCESS_NETWORK_STATE', 'android.permission.MODIFY_AUDIO_SETTINGS', 'android.permission.ACCESS_FINE_LOCATION']" 
"extra_perms" : "['android.permission.RECORD_AUDIO', 'android.permission.BROADCAST_PACKAGE_REMOVED', 'android.permission.WRITE_EXTERNAL_STORAGE', 'android.permission.ACCESS_COARSE_LOCATION', 'android.permission.SYSTEM_ALERT_WINDOW', 'com.android.vending.BILLING', 'android.permission.MODIFY_AUDIO_SETTINGS', 'android.permission.ACCESS_FINE_LOCATION']",
}