{
"name" : "Team connect",
"url" : "https://play.google.com/store/apps/details?id=com.time.employeelogin",
"package" : "com.time.employeelogin",
"category" : "Communication",
"description" : "Team connect is an integrated mobile application which is in sync with the Team Access Biometric Attendance device. The time access team app always allows the admin & the employees to stay connected. It offers a unique sets of features listed below : 1. Manual Selfie +Location punch  -The employee can click a picture to mark his attendance, which also records the Location of the employee along with the time stamp. This is sent as a notification to the admin along with a mail. 2. Leave Management - Leaves can be applied , which are sent in real time to the admin for approval & rejection  3. Expense Manager 4. Task manager 5. Credit application  6. Team connect : Integrated application which connects everyone on the chat room. ",
"desc_perms" : "['android.permission.ACCESS_NETWORK_STATE', 'android.permission.INTERNET']",
"manifest_perms" : "['android.permission.READ_CONTACTS', 'android.permission.WRITE_EXTERNAL_STORAGE', 'android.permission.ACCESS_FINE_LOCATION', 'android.permission.READ_EXTERNAL_STORAGE', 'android.permission.ACCESS_COARSE_LOCATION', 'com.google.android.c2dm.permission.RECEIVE', 'android.permission.WAKE_LOCK', 'android.permission.CHANGE_WIFI_STATE', 'com.google.android.finsky.permission.BIND_GET_INSTALL_REFERRER_SERVICE', 'android.permission.VIBRATE', 'android.permission.ACCESS_NETWORK_STATE', 'android.permission.INTERNET']",
"perms_with_call" : "['android.permission.ACCESS_COARSE_LOCATION', 'android.permission.ACCESS_FINE_LOCATION', 'android.permission.BROADCAST_STICKY', 'android.permission.WAKE_LOCK', 'android.permission.USE_FINGERPRINT', 'android.permission.CHANGE_WIFI_STATE', 'android.permission.GET_TASKS', 'android.permission.ACCESS_NETWORK_STATE', 'android.permission.BLUETOOTH']" 
"extra_perms" : "['android.permission.READ_CONTACTS', 'android.permission.ACCESS_COARSE_LOCATION', 'android.permission.ACCESS_FINE_LOCATION', 'android.permission.READ_EXTERNAL_STORAGE', 'android.permission.WRITE_EXTERNAL_STORAGE']",
}