{
"name" : "ICQ New: Messenger for video calls & group chats",
"url" : "https://play.google.com/store/apps/details?id=com.icq.mobile.client",
"package" : "com.icq.mobile.client",
"category" : "Communication",
"description" : "ICQ is a messenger for those who are always online.   Voice and video calls In order not to spend money on the phone, make calls via ICQ: make calls via voice and video, with a large group or one-on-one.   Stickers Why write when you can send a sticker? ICQ offers suggestions based on the context of the message.   Suggest responses ICQ analyzes what they wrote to you and recommends ready-made responses. Use them when you are too lazy to type or you need a simple reaction  OK, Thank you, I will do it.   Converts voice messages Cant listen? Just read. ICQ converts voice messages to text. It can help when you are on the subway, with someone else, in a meeting, or when you have forgotten your headphones.   Channels, chats, bots Read and subscribe to interesting channels, create group chats and chat with friends, use bots to make your life easier.   Many free nicknames Hurry up to choose a good looking nickname using your first and last name. As a plus to your privacy, its not necessary to share your phone number.   Video call masks When a video call is boring, try using a mask. We have made 30 animated 3D masks with familiar and unusual themes.   Photos and videos without compression If you want to show someone beautiful high-quality photos and videos, send them without compression. And if quality is not important, the file will be sent in a couple of seconds.   Sync between devices On any device, you will see your contacts, messages, chats, and channels. All correspondence and data will appear, even on a new phone, which means that you do not need to make backups. ",
"desc_perms" : "['android.permission.CALL_PHONE', 'android.permission.RECORD_AUDIO', 'android.permission.WRITE_EXTERNAL_STORAGE', 'android.permission.INTERNET', 'android.permission.ACCESS_WIFI_STATE', 'android.permission.READ_CONTACTS', 'android.permission.CAMERA', 'android.permission.ACCESS_NETWORK_STATE', 'android.permission.WRITE_CONTACTS', 'android.permission.READ_PHONE_STATE', 'android.permission.MODIFY_AUDIO_SETTINGS']",
"manifest_perms" : "['android.permission.READ_APP_BADGE', 'android.permission.AUTHENTICATE_ACCOUNTS', 'com.android.launcher.permission.INSTALL_SHORTCUT', 'android.permission.GET_ACCOUNTS', 'android.permission.READ_CALL_LOG', 'android.permission.MANAGE_ACCOUNTS', 'android.permission.DOWNLOAD_WITHOUT_NOTIFICATION', 'com.huawei.android.launcher.permission.CHANGE_BADGE', 'me.everything.badger.permission.BADGE_COUNT_READ', 'android.permission.ACCESS_WIFI_STATE', 'android.permission.ACCESS_COARSE_LOCATION', 'com.google.android.c2dm.permission.RECEIVE', 'android.permission.ACCESS_NETWORK_STATE', 'android.permission.WRITE_SYNC_SETTINGS', 'android.permission.READ_PHONE_STATE', 'com.huawei.android.launcher.permission.READ_SETTINGS', 'android.permission.WAKE_LOCK', 'com.sec.android.provider.badge.permission.WRITE', 'com.sonymobile.home.permission.PROVIDER_INSERT_BADGE', 'com.huawei.android.launcher.permission.WRITE_SETTINGS', 'android.permission.WRITE_EXTERNAL_STORAGE', 'com.icq.mobile.client.permission.GET_SETTINGS', 'com.htc.launcher.permission.UPDATE_SHORTCUT', 'android.permission.READ_CONTACTS', 'android.permission.READ_SYNC_SETTINGS', 'com.anddoes.launcher.permission.UPDATE_COUNT', 'android.permission.CAMERA', 'android.permission.USE_FULL_SCREEN_INTENT', 'com.google.android.finsky.permission.BIND_GET_INSTALL_REFERRER_SERVICE', 'com.oppo.launcher.permission.WRITE_SETTINGS', 'com.majeur.launcher.permission.UPDATE_BADGE', 'com.sec.android.provider.badge.permission.READ', 'me.everything.badger.permission.BADGE_COUNT_WRITE', 'android.permission.READ_PROFILE', 'android.permission.BLUETOOTH', 'android.permission.WRITE_CONTACTS', 'android.permission.MODIFY_AUDIO_SETTINGS', 'android.permission.VIBRATE', 'android.permission.FOREGROUND_SERVICE', 'com.htc.launcher.permission.READ_SETTINGS', 'android.permission.REQUEST_INSTALL_PACKAGES', 'android.permission.CALL_PHONE', 'com.oppo.launcher.permission.READ_SETTINGS', 'android.permission.RECORD_AUDIO', 'android.permission.INTERNET', 'android.permission.CHANGE_WIFI_STATE', 'android.permission.RECEIVE_BOOT_COMPLETED', 'android.permission.DISABLE_KEYGUARD', 'com.sonyericsson.home.permission.BROADCAST_BADGE', 'android.permission.ACCESS_FINE_LOCATION']",
"perms_with_call" : "['android.permission.WAKE_LOCK', 'android.permission.BROADCAST_STICKY', 'android.permission.GET_TASKS', 'android.permission.ACCESS_WIFI_STATE', 'android.permission.ACCESS_COARSE_LOCATION', 'android.permission.BLUETOOTH', 'android.permission.CHANGE_NETWORK_STATE', 'android.permission.ACCESS_NETWORK_STATE', 'android.permission.READ_PHONE_STATE', 'android.permission.MODIFY_AUDIO_SETTINGS', 'android.permission.ACCESS_FINE_LOCATION']" 
"extra_perms" : "['com.icq.mobile.client.permission.GET_SETTINGS', 'android.permission.GET_ACCOUNTS', 'android.permission.READ_CALL_LOG', 'android.permission.DOWNLOAD_WITHOUT_NOTIFICATION', 'android.permission.ACCESS_COARSE_LOCATION', 'android.permission.DISABLE_KEYGUARD', 'android.permission.USE_FULL_SCREEN_INTENT', 'android.permission.ACCESS_FINE_LOCATION']",
}