{
"name" : "Dior Augmented Reality",
"url" : "https://play.google.com/store/apps/details?id=com.diorarexperience",
"package" : "com.diorarexperience",
"category" : "Communication",
"description" : "Download the Dior Augmented Reality App and scan Diors iconic symbols to access exclusive augmented reality experiences!  The Dior symbols can be found around Dior environments, events, social media  How to use the app : 1/ login if you have already an account, signup, or continue without account 2/ Find symbols and scan them with the app 3/ Live Augmented Reality experiences 4/ Create and save memories (photos or videos) on your smartphone  Powered by Viro Media ",
"desc_perms" : "['android.permission.READ_EXTERNAL_STORAGE', 'android.permission.WRITE_EXTERNAL_STORAGE', 'android.permission.RECORD_AUDIO', 'android.permission.GET_ACCOUNTS', 'android.permission.MODIFY_AUDIO_SETTINGS', 'android.permission.ACCESS_NETWORK_STATE', 'android.permission.CAMERA', 'android.permission.INTERNET', 'android.permission.ACCESS_WIFI_STATE']",
"manifest_perms" : "['android.permission.VIBRATE', 'com.google.android.c2dm.permission.RECEIVE', 'android.permission.READ_EXTERNAL_STORAGE', 'android.hardware.camera', 'android.permission.ACCESS_COARSE_LOCATION', 'android.permission.WRITE_EXTERNAL_STORAGE', 'android.permission.NFC', 'android.permission.ACCESS_FINE_LOCATION', 'android.permission.RECORD_AUDIO', 'com.android.vending.CHECK_LICENSE', 'android.permission.WAKE_LOCK', 'android.permission.ACCESS_WIFI_STATE', 'android.permission.ACCESS_NETWORK_STATE', 'android.permission.FLASHLIGHT', 'android.permission.CAMERA', 'android.permission.INTERNET', 'android.permission.SYSTEM_ALERT_WINDOW']",
"perms_with_call" : "['android.permission.BROADCAST_STICKY', 'android.permission.CHANGE_NETWORK_STATE', 'android.permission.ACCESS_COARSE_LOCATION', 'android.permission.ACCESS_FINE_LOCATION', 'android.permission.GET_TASKS', 'android.permission.BLUETOOTH', 'android.permission.WAKE_LOCK', 'android.permission.USE_FINGERPRINT', 'android.permission.ACCESS_NETWORK_STATE', 'android.permission.ACCESS_WIFI_STATE']" 
"extra_perms" : "['com.android.vending.CHECK_LICENSE', 'android.hardware.camera', 'android.permission.SYSTEM_ALERT_WINDOW', 'android.permission.ACCESS_COARSE_LOCATION', 'android.permission.NFC', 'android.permission.ACCESS_FINE_LOCATION']",
}