{
"name" : "Foreign King Qatar / fkqatar / frqtr / OPC81000",
"url" : "https://play.google.com/store/apps/details?id=com.revesoft.mobiledialer.zahin_tel_ltd.foreign_king_81000",
"package" : "com.revesoft.mobiledialer.zahin_tel_ltd.foreign_king_81000",
"category" : "Communication",
"description" : "With its simple and intuitive user interface,Foreign King KSAis the solution to making high quality calls for a fraction of the cost. Utilizing the latest the latest advances in VOIP technology, you can be ensured that all your communications are secure and affordable.   Foreign King KSA is a SIP-based soft phone. You can call your friends and family from Foreign King KSA with lowest international call rates! and ensuring best quality.   Features  SIP-based softphone with exceptional voice quality  Works from Wifi/3G/GSM  Support for DTMF  Easy contact book, call history.  In addition to your cost savings, we offers:  Secure and reliable communication  Compatible with VOIP switches supporting standard SIP  Unique anti-block solution  Option to own brand dialer  Advance Echo Cancellation  Flexible integration with your phone book contacts  Screen display for your call history, call timer and balance. ",
"desc_perms" : "['android.permission.MODIFY_AUDIO_SETTINGS', 'android.permission.READ_CONTACTS', 'android.permission.READ_PHONE_STATE', 'android.permission.CALL_PHONE']",
"manifest_perms" : "['android.permission.RECEIVE_BOOT_COMPLETED', 'android.permission.VIBRATE', 'android.permission.BLUETOOTH', 'android.permission.MODIFY_AUDIO_SETTINGS', 'android.permission.AUTHENTICATE_ACCOUNTS', 'android.permission.READ_SYNC_SETTINGS', 'com.revesoft.mobiledialer.zahin_tel_ltd.foreign_king_81000.permission.C2D_MESSAGE', 'android.permission.WRITE_EXTERNAL_STORAGE', 'android.permission.READ_PROFILE', 'android.permission.ACCESS_WIFI_STATE', 'android.permission.WRITE_SYNC_SETTINGS', 'android.permission.BROADCAST_STICKY', 'android.permission.WAKE_LOCK', 'android.permission.SYSTEM_ALERT_WINDOW', 'android.permission.INTERNET', 'android.permission.RECORD_AUDIO', 'android.permission.BLUETOOTH_ADMIN', 'com.google.android.c2dm.permission.RECEIVE', 'android.permission.READ_CONTACTS', 'android.permission.READ_PHONE_STATE', 'android.permission.MANAGE_ACCOUNTS', 'android.permission.DISABLE_KEYGUARD', 'android.permission.ACCESS_NETWORK_STATE', 'android.permission.GET_ACCOUNTS', 'android.permission.WRITE_CONTACTS', 'android.permission.READ_EXTERNAL_STORAGE']",
"perms_with_call" : "['android.permission.READ_EXTERNAL_STORAGE', 'android.permission.READ_PHONE_STATE', 'android.permission.ACCESS_WIFI_STATE', 'android.permission.SEND_SMS', 'android.permission.DISABLE_KEYGUARD', 'android.permission.ACCESS_COARSE_LOCATION', 'android.permission.BLUETOOTH', 'android.permission.ACCESS_NETWORK_STATE', 'android.permission.MODIFY_AUDIO_SETTINGS', 'android.permission.GET_TASKS', 'android.permission.BROADCAST_STICKY', 'android.permission.WAKE_LOCK', 'android.permission.ACCESS_FINE_LOCATION']" 
"extra_perms" : "['android.permission.INTERNET', 'android.permission.ACCESS_WIFI_STATE', 'android.permission.SEND_SMS', 'android.permission.RECORD_AUDIO', 'android.permission.ACCESS_FINE_LOCATION', 'android.permission.DISABLE_KEYGUARD', 'android.permission.ACCESS_COARSE_LOCATION', 'android.permission.ACCESS_NETWORK_STATE', 'android.permission.GET_ACCOUNTS', 'android.permission.WRITE_CONTACTS', 'android.permission.READ_EXTERNAL_STORAGE', 'android.permission.SYSTEM_ALERT_WINDOW', 'android.permission.WRITE_EXTERNAL_STORAGE']",
}