{
"name" : "NEEO,Free IM & Chat Translator",
"url" : "https://play.google.com/store/apps/details?id=com.neeo.chatmessenger.ui",
"package" : "com.neeo.chatmessenger.ui",
"category" : "Communication",
"description" : "NEEO Messenger with translator NEEO Messenger is a new generation messenger introduced by NeeoPal team available for both iOS and Android platform. It is an automatic multilingual cross-platform, which helps to sustain conversation between the individuals having different languages.  Why should you use NEEO Messenger? TEXT MESSAGING Chat with your friends, relatives or colleagues via NEEO Messenger. EASE OF USE The messenger has a standardized interface, which contains essential differentiation for chats, calls, contacts, profile information, and settings. It is a well-known and easy-to-use type of arrangement.  EFFICIENCY NEEO Messenger is now faster, less energy-consuming, and lighter than ever.   USER-FRIENDLY INTERFACE Our design and interface became more stylish and easy-to-use in the latest update.   NEARBY Meet locals in new cities while you are traveling or even find friends in your city and discover places you have never seen using Nearby feature. It can display users near you on the map. Choose the one you like, tap on his icon to learn more information, and start a conversation! TEXT MESSAGES TRANSLATION  The messenger was created to break the language barrier and let you focus on the conversation itself. Neeo will automatically translate the message you send to the recipients language. No more time spent on translation on your own. The Neeo app already does everything! VOICE MESSAGES TRANSLATION  NEEO Messenger App managed to develop and maintain an extremely high level of translation of voice messages!  FREE AUDIO/VIDEO CALLS  You are to make free calls all over the world through NEEO Messenger. Only Internet connection (4G/3G or Wi-Fi) is needed to provide a good quality call.  SOCIAL CONNECTIVITY Message your friends and sustain communication with foreign partners: NEEO Messenger is a great app to unite all your chats in one place!  With NEEO Messenger, you can easily have a real-time-chat that will change the paradigm of communication between you and any of your foreign friend! Download NEEO Messenger now, send invitations to your friends and explore the app together! ------------------------------------ Follow us on: Twitter (https://www.twitter.com/NeeoMessenger) Facebook (https://www.facebook.com/NeeoMessenger)  Were always willing to help you! If you have any feedback, questions, or concerns, please contact us at: http://neeopal.com/contact-us.html  -------------------------------------- Install NEEO Messenger app and break the language barrier within a second! ",
"desc_perms" : "['android.permission.CALL_PHONE', 'android.permission.RECORD_AUDIO', 'android.permission.WRITE_EXTERNAL_STORAGE', 'android.permission.INTERNET', 'android.permission.GET_ACCOUNTS', 'android.permission.READ_PHONE_STATE', 'android.permission.READ_CONTACTS', 'android.permission.ACCESS_COARSE_LOCATION', 'android.permission.ACCESS_WIFI_STATE', 'android.permission.MODIFY_AUDIO_SETTINGS', 'android.permission.ACCESS_NETWORK_STATE', 'android.permission.READ_EXTERNAL_STORAGE', 'android.permission.CAMERA', 'android.permission.ACCESS_COURSE_LOCATION', 'android.permission.ACCESS_FINE_LOCATION']",
"manifest_perms" : "['android.permission.READ_APP_BADGE', 'android.permission.AUTHENTICATE_ACCOUNTS', 'android.permission.GET_ACCOUNTS', 'android.permission.MANAGE_ACCOUNTS', 'com.huawei.android.launcher.permission.CHANGE_BADGE', 'me.everything.badger.permission.BADGE_COUNT_READ', 'android.permission.ACCESS_WIFI_STATE', 'android.permission.ACCESS_COARSE_LOCATION', 'com.google.android.c2dm.permission.RECEIVE', 'android.permission.CHANGE_NETWORK_STATE', 'android.permission.ACCESS_NETWORK_STATE', 'android.permission.WRITE_SYNC_SETTINGS', 'android.permission.READ_PHONE_STATE', 'com.huawei.android.launcher.permission.READ_SETTINGS', 'android.permission.WAKE_LOCK', 'com.sec.android.provider.badge.permission.WRITE', 'com.sonymobile.home.permission.PROVIDER_INSERT_BADGE', 'android.permission.RAISED_THREAD_PRIORITY', 'com.huawei.android.launcher.permission.WRITE_SETTINGS', 'android.permission.WRITE_EXTERNAL_STORAGE', 'com.htc.launcher.permission.UPDATE_SHORTCUT', 'android.permission.READ_CONTACTS', 'android.permission.READ_SYNC_SETTINGS', 'com.anddoes.launcher.permission.UPDATE_COUNT', 'android.permission.CAMERA', 'android.permission.BROADCAST_STICKY', 'com.android.vending.BILLING', 'com.oppo.launcher.permission.WRITE_SETTINGS', 'com.majeur.launcher.permission.UPDATE_BADGE', 'com.sec.android.provider.badge.permission.READ', 'me.everything.badger.permission.BADGE_COUNT_WRITE', 'android.permission.BLUETOOTH', 'android.permission.WRITE_CONTACTS', 'android.permission.READ_EXTERNAL_STORAGE', 'android.permission.FOREGROUND_SERVICE', 'android.permission.MODIFY_AUDIO_SETTINGS', 'android.permission.VIBRATE', 'com.htc.launcher.permission.READ_SETTINGS', 'android.permission.CALL_PHONE', 'com.oppo.launcher.permission.READ_SETTINGS', 'android.permission.RECORD_AUDIO', 'android.permission.BLUETOOTH_ADMIN', 'android.permission.INTERNET', 'android.permission.CHANGE_WIFI_STATE', 'android.permission.RECEIVE_BOOT_COMPLETED', 'android.permission.DISABLE_KEYGUARD', 'android.permission.WRITE_SETTINGS', 'com.sonyericsson.home.permission.BROADCAST_BADGE', 'android.permission.USE_CREDENTIALS', 'android.permission.ACCESS_FINE_LOCATION']",
"perms_with_call" : "['android.permission.WAKE_LOCK', 'android.permission.GET_TASKS', 'android.permission.USE_FINGERPRINT', 'android.permission.CHANGE_WIFI_MULTICAST_STATE', 'android.permission.BLUETOOTH_ADMIN', 'android.permission.ACCESS_WIFI_STATE', 'android.permission.ACCESS_COARSE_LOCATION', 'android.permission.BLUETOOTH', 'android.permission.CHANGE_NETWORK_STATE', 'android.permission.DISABLE_KEYGUARD', 'android.permission.MODIFY_AUDIO_SETTINGS', 'android.permission.ACCESS_NETWORK_STATE', 'android.permission.READ_PHONE_STATE', 'android.permission.BROADCAST_STICKY', 'android.permission.ACCESS_FINE_LOCATION']" 
"extra_perms" : "['android.permission.WRITE_CONTACTS', 'android.permission.RAISED_THREAD_PRIORITY', 'com.android.vending.BILLING', 'android.permission.DISABLE_KEYGUARD']",
}