{
"name" : "FireApp",
"url" : "https://play.google.com/store/apps/details?id=com.devlomi.fireapp.android",
"package" : "com.devlomi.fireapp.android",
"category" : "Communication",
"description" : "communicate with your friends with ease ",
"desc_perms" : "[]",
"manifest_perms" : "['com.sonyericsson.home.permission.BROADCAST_BADGE', 'com.huawei.android.launcher.permission.READ_SETTINGS', 'com.sec.android.provider.badge.permission.READ', 'com.anddoes.launcher.permission.UPDATE_COUNT', 'android.permission.ACCESS_FINE_LOCATION', 'android.permission.WRITE_EXTERNAL_STORAGE', 'com.majeur.launcher.permission.UPDATE_BADGE', 'android.permission.ACCESS_COARSE_LOCATION', 'com.google.android.finsky.permission.BIND_GET_INSTALL_REFERRER_SERVICE', 'android.permission.CAMERA', 'android.permission.READ_APP_BADGE', 'com.google.android.c2dm.permission.RECEIVE', 'android.permission.ACCESS_NETWORK_STATE', 'com.htc.launcher.permission.UPDATE_SHORTCUT', 'android.permission.READ_CONTACTS', 'android.permission.INTERNET', 'com.oppo.launcher.permission.READ_SETTINGS', 'android.permission.READ_PHONE_STATE', 'com.sonymobile.home.permission.PROVIDER_INSERT_BADGE', 'android.permission.RECORD_AUDIO', 'me.everything.badger.permission.BADGE_COUNT_READ', 'com.huawei.android.launcher.permission.CHANGE_BADGE', 'com.huawei.android.launcher.permission.WRITE_SETTINGS', 'android.permission.RECEIVE_BOOT_COMPLETED', 'com.htc.launcher.permission.READ_SETTINGS', 'android.permission.MODIFY_AUDIO_SETTINGS', 'com.sec.android.provider.badge.permission.WRITE', 'android.permission.WAKE_LOCK', 'android.permission.FOREGROUND_SERVICE', 'com.oppo.launcher.permission.WRITE_SETTINGS', 'android.permission.ACCESS_WIFI_STATE', 'me.everything.badger.permission.BADGE_COUNT_WRITE', 'android.permission.READ_EXTERNAL_STORAGE']",
"perms_with_call" : "['android.permission.ACCESS_COARSE_LOCATION', 'android.permission.BROADCAST_STICKY', 'android.permission.MODIFY_AUDIO_SETTINGS', 'android.permission.ACCESS_NETWORK_STATE', 'android.permission.WAKE_LOCK', 'android.permission.GET_TASKS', 'android.permission.BLUETOOTH', 'android.permission.READ_PHONE_STATE', 'android.permission.ACCESS_FINE_LOCATION']" 
"extra_perms" : "['android.permission.WRITE_EXTERNAL_STORAGE', 'android.permission.RECORD_AUDIO', 'android.permission.ACCESS_COARSE_LOCATION', 'android.permission.CAMERA', 'android.permission.MODIFY_AUDIO_SETTINGS', 'android.permission.ACCESS_NETWORK_STATE', 'android.permission.READ_CONTACTS', 'android.permission.INTERNET', 'android.permission.ACCESS_WIFI_STATE', 'android.permission.READ_PHONE_STATE', 'android.permission.READ_EXTERNAL_STORAGE', 'android.permission.ACCESS_FINE_LOCATION']",
}