{
"name" : "Messenger â€“ Text and Video Chat for Free",
"url" : "https://play.google.com/store/apps/details?id=com.facebook.orca",
"package" : "com.facebook.orca",
"category" : "Communication",
"description" : "Be together whenever, with our free* all-in-one communication app, complete with unlimited text, voice, video calling and group video chat features. Easily sync your messages and contacts to your Android phone and connect with anyone, anywhere.   NEW! GET THE GROUP TOGETHER WITH ROOMS Send a link to group video chat with anyone, even if they dont have Messenger. Host up to 50 people with no time limits.  FREE VIDEO CALLS TO STAY CONNECTED Keep your friends and family close with unlimited live video chatting - like facetime, but works across devices (Android, iOS, etc.). Host group video calls with up to 8 people, with high-quality audio, high definition video, and interactive video features like face filters.   UNLIMITED FREE TEXT & PHONE CALLS  Skip exchanging phone numbers and simply send a message to your Facebook friends, even if theyre across the world. Enjoy high-quality voice and text messaging on mobile, tablet, and desktop.   RECORD AND SEND VOICE AND VIDEO MESSAGES When text just wont cut it, just hit record and send. Say, sing, show, or shout it out loud.  TURN OFF THE LIGHTS IN DARK MODE  Give your eyes some rest with a sleek new look that darkens the colors of the chat interface.   EXPRESS YOURSELF WITH STICKERS, GIFS, AND EMOJIS  Use custom stickers to show your creative side. You can even add effects and filters to video calls.  SEND FILES, PHOTOS, AND VIDEOS  Theres no limit to the number of files you want to share with your friends.  SEND MONEY SECURELY AND EASILY (within US only) Send and receive money from friends in the app by adding your debit card or PayPal account.  SHARE YOUR LOCATION Suggest a meeting spot or tell friends where you are by sharing your location with just a few taps.  CHAT WITH BUSINESSES Easily connect with your favorite businesses to make reservations, get customer support, find deals and more.  BRING SMS INTO MESSENGER No need to open multiple apps to stay in touch. Use one app for SMS and Messenger.   COMPATABLE ACROSS PLATFORMS  Chat with friends across an array of devices, like desktop, Portal, and iOS.  Privacy Policy: https://www.facebook.com/about/privacy/  LEARN MORE about Messenger texting and group video chat at: http://messenger.com (http://messenger.com/)   * Data rates apply ",
"desc_perms" : "['android.permission.CALL_PHONE', 'android.permission.READ_CONTACTS', 'android.permission.READ_EXTERNAL_STORAGE', 'com.android.vending.BILLING', 'android.permission.WRITE_CONTACTS', 'android.permission.ACCESS_FINE_LOCATION', 'android.permission.SEND_SMS', 'android.permission.GET_ACCOUNTS', 'android.permission.MODIFY_AUDIO_SETTINGS', 'android.permission.ACCESS_NETWORK_STATE', 'android.permission.CAMERA', 'android.permission.INTERNET', 'android.permission.ACCESS_WIFI_STATE', 'android.permission.READ_PHONE_STATE']",
"manifest_perms" : "['com.huawei.android.launcher.permission.CHANGE_BADGE', 'android.permission.WRITE_SYNC_SETTINGS', 'com.facebook.orca.provider.ACCESS', 'android.permission.WRITE_SMS', 'android.permission.READ_SYNC_SETTINGS', 'android.permission.ACCESS_FINE_LOCATION', 'com.facebook.orca.permission.RECEIVE_ADM_MESSAGE', 'android.permission.BLUETOOTH', 'android.permission.RECEIVE_BOOT_COMPLETED', 'android.permission.MODIFY_AUDIO_SETTINGS', 'com.google.android.finsky.permission.BIND_GET_INSTALL_REFERRER_SERVICE', 'android.permission.READ_PROFILE', 'android.permission.MANAGE_OWN_CALLS', 'com.facebook.orca.permission.CREATE_SHORTCUT', 'com.nokia.pushnotifications.permission.RECEIVE', 'com.htc.launcher.permission.UPDATE_SHORTCUT', 'android.permission.WRITE_EXTERNAL_STORAGE', 'android.permission.WRITE_CONTACTS', 'android.permission.NFC', 'android.permission.RECORD_AUDIO', 'android.permission.USE_FINGERPRINT', 'android.permission.RECEIVE_MMS', 'com.sonyericsson.home.permission.BROADCAST_BADGE', 'android.permission.VIBRATE', 'android.permission.ACCESS_WIFI_STATE', 'com.google.android.c2dm.permission.RECEIVE', 'android.permission.CALL_PHONE', 'com.google.android.providers.gsf.permission.READ_GSERVICES', 'com.android.launcher.permission.INSTALL_SHORTCUT', 'android.permission.REQUEST_INSTALL_PACKAGES', 'android.permission.AUTHENTICATE_ACCOUNTS', 'android.permission.WAKE_LOCK', 'android.permission.GET_ACCOUNTS', 'android.permission.DOWNLOAD_WITHOUT_NOTIFICATION', 'com.facebook.permission.prod.FB_APP_COMMUNICATION', 'android.permission.CAMERA', 'android.permission.INTERNET', 'android.permission.USE_BIOMETRIC', 'android.permission.CHANGE_WIFI_STATE', 'android.permission.READ_PHONE_STATE', 'com.sec.android.provider.badge.permission.READ', 'com.facebook.katana.provider.ACCESS', 'com.sec.android.provider.badge.permission.WRITE', 'android.permission.READ_CONTACTS', 'android.permission.READ_SMS', 'android.permission.CHANGE_NETWORK_STATE', 'android.permission.MANAGE_ACCOUNTS', 'android.permission.ACCESS_COARSE_LOCATION', 'android.permission.READ_EXTERNAL_STORAGE', 'com.facebook.orca.permission.CROSS_PROCESS_BROADCAST_MANAGER', 'com.facebook.receiver.permission.ACCESS', 'android.permission.USE_FULL_SCREEN_INTENT', 'com.facebook.mlite.provider.ACCESS', 'com.htc.launcher.permission.READ_SETTINGS', 'com.amazon.device.messaging.permission.RECEIVE', 'android.permission.SEND_SMS', 'android.permission.ACCESS_NETWORK_STATE', 'android.permission.RECEIVE_SMS', 'android.permission.SYSTEM_ALERT_WINDOW']",
"perms_with_call" : "['android.permission.BROADCAST_STICKY', 'android.permission.BLUETOOTH_ADMIN', 'android.permission.READ_EXTERNAL_STORAGE', 'android.permission.CHANGE_NETWORK_STATE', 'android.permission.ACCESS_COARSE_LOCATION', 'android.permission.ACCESS_FINE_LOCATION', 'android.permission.GET_TASKS', 'android.permission.WAKE_LOCK', 'android.permission.BLUETOOTH', 'android.permission.SEND_SMS', 'android.permission.MODIFY_AUDIO_SETTINGS', 'android.permission.USE_FINGERPRINT', 'android.permission.ACCESS_NETWORK_STATE', 'android.permission.RECEIVE_MMS', 'android.permission.ACCESS_WIFI_STATE', 'android.permission.CHANGE_WIFI_STATE', 'android.permission.READ_PHONE_STATE']" 
"extra_perms" : "['android.permission.MANAGE_OWN_CALLS', 'com.facebook.orca.permission.CROSS_PROCESS_BROADCAST_MANAGER', 'android.permission.READ_SMS', 'android.permission.ACCESS_COARSE_LOCATION', 'android.permission.WRITE_EXTERNAL_STORAGE', 'android.permission.WRITE_SMS', 'android.permission.NFC', 'android.permission.USE_FULL_SCREEN_INTENT', 'android.permission.RECORD_AUDIO', 'android.permission.DOWNLOAD_WITHOUT_NOTIFICATION', 'com.facebook.orca.permission.RECEIVE_ADM_MESSAGE', 'android.permission.RECEIVE_MMS', 'android.permission.RECEIVE_SMS', 'android.permission.SYSTEM_ALERT_WINDOW', 'com.facebook.orca.permission.CREATE_SHORTCUT']",
}