{
"name" : "Zadarma",
"url" : "https://play.google.com/store/apps/details?id=com.zadarma.sip",
"package" : "com.zadarma.sip",
"category" : "Communication",
"description" : "Zadarma for Android is a branded VoIP telecommunications app for calls with a Free Zadarma PBX support  Features: - Incoming and outgoing calls through Zadarma VoIP (several account support  multi account) - Favorable rates on calls to all destinations - Push-notifications that increase the duration of app life in the background and decrease battery consumption - Ability to connect virtual numbers from 90 countries - Sending and receiving free text message between Zadarma clients - Sending and receiving SMS messages - Account balance and call cost display - Great communication quality thanks to an extensive choice of codecs - Automated integration with contacts (including an ability to copy numbers) - Bonus funds for system testing after completing the registration on Zadarma website ",
"desc_perms" : "['android.permission.SEND_SMS', 'android.permission.READ_EXTERNAL_STORAGE', 'android.permission.RECEIVE_SMS', 'android.permission.READ_PHONE_STATE', 'android.permission.ACCESS_WIFI_STATE', 'android.permission.CALL_PHONE', 'android.permission.ACCESS_NETWORK_STATE', 'android.permission.INTERNET']",
"manifest_perms" : "['android.permission.WRITE_EXTERNAL_STORAGE', 'android.permission.RECEIVE_BOOT_COMPLETED', 'android.permission.RECORD_AUDIO', 'android.permission.GET_ACCOUNTS', 'android.permission.WRITE_CONTACTS', 'android.permission.FOREGROUND_SERVICE', 'android.permission.WAKE_LOCK', 'android.permission.MODIFY_AUDIO_SETTINGS', 'android.permission.AUTHENTICATE_ACCOUNTS', 'android.permission.ACCESS_NETWORK_STATE', 'android.permission.READ_CONTACTS', 'android.permission.READ_EXTERNAL_STORAGE', 'android.permission.MANAGE_ACCOUNTS', 'com.google.android.c2dm.permission.RECEIVE', 'android.permission.WRITE_CALL_LOG', 'android.permission.CAMERA', 'com.google.android.finsky.permission.BIND_GET_INSTALL_REFERRER_SERVICE', 'android.permission.BLUETOOTH', 'android.permission.INTERNET', 'android.permission.READ_PHONE_STATE', 'android.permission.ACCESS_WIFI_STATE', 'android.permission.PREVENT_POWER_KEY', 'android.permission.USE_FULL_SCREEN_INTENT', 'android.permission.VIBRATE']",
"perms_with_call" : "['android.permission.ACCESS_COARSE_LOCATION', 'android.permission.ACCESS_FINE_LOCATION', 'android.permission.BROADCAST_STICKY', 'android.permission.CHANGE_NETWORK_STATE', 'android.permission.ACCESS_WIFI_STATE', 'android.permission.WAKE_LOCK', 'android.permission.USE_FINGERPRINT', 'android.permission.MODIFY_AUDIO_SETTINGS', 'android.permission.GET_TASKS', 'android.permission.ACCESS_NETWORK_STATE', 'android.permission.BLUETOOTH']" 
"extra_perms" : "['android.permission.WRITE_EXTERNAL_STORAGE', 'android.permission.ACCESS_COARSE_LOCATION', 'android.permission.ACCESS_FINE_LOCATION', 'android.permission.READ_CONTACTS', 'android.permission.PREVENT_POWER_KEY', 'android.permission.USE_FULL_SCREEN_INTENT', 'android.permission.WRITE_CALL_LOG', 'android.permission.MODIFY_AUDIO_SETTINGS', 'android.permission.RECORD_AUDIO', 'android.permission.GET_ACCOUNTS', 'android.permission.CAMERA', 'android.permission.WRITE_CONTACTS']",
}