{
"name" : "HelloArabiaGold",
"url" : "https://play.google.com/store/apps/details?id=com.revesoft.mobiledialer.g_soft_technologies.hello_arabia_gold_86285",
"package" : "com.revesoft.mobiledialer.g_soft_technologies.hello_arabia_gold_86285",
"category" : "Communication",
"description" : "HelloArabiaGold dialer is a mobile app for Android. The HelloArabiaGold dialer helps users make international calls easier from an Android phone. The application is free to download.  After downloading and installing the HelloArabiaGold dialer, open the application and follow the simple wizard to set-up the HelloArabiaGold dialer: VoIP Calls via Wifi, 3G / 4G, edge or UMTS.  You will just need to select the Contact you want to call or enter the number manually in the DialPad. The HelloArabiaGold dialer will take it from here.  The same HelloArabiaGold dialer low rates for international calling apply if you use the HelloArabiaGold dialer. If a data connection is available the application might require a minimum amount of data traffic to update from time to time.  Application features: Call from Android phone native Contacts Call History Invite Rates ",
"desc_perms" : "['android.permission.INTERNET', 'android.permission.READ_PHONE_STATE', 'android.permission.ACCESS_NETWORK_STATE', 'android.permission.MODIFY_AUDIO_SETTINGS', 'android.permission.CALL_PHONE']",
"manifest_perms" : "['android.permission.RECEIVE_BOOT_COMPLETED', 'android.permission.CAMERA', 'android.permission.VIBRATE', 'android.permission.BLUETOOTH', 'android.permission.FOREGROUND_SERVICE', 'android.permission.MODIFY_AUDIO_SETTINGS', 'android.permission.AUTHENTICATE_ACCOUNTS', 'android.permission.READ_SYNC_SETTINGS', 'android.permission.READ_PROFILE', 'android.permission.ACCESS_WIFI_STATE', 'android.permission.WRITE_SYNC_SETTINGS', 'android.permission.BROADCAST_STICKY', 'android.permission.WAKE_LOCK', 'android.permission.SYSTEM_ALERT_WINDOW', 'android.permission.INTERNET', 'android.permission.RECORD_AUDIO', 'android.permission.BLUETOOTH_ADMIN', 'com.google.android.c2dm.permission.RECEIVE', 'android.permission.READ_CONTACTS', 'android.permission.CALL_PHONE', 'android.permission.READ_PHONE_STATE', 'android.permission.MANAGE_ACCOUNTS', 'com.google.android.finsky.permission.BIND_GET_INSTALL_REFERRER_SERVICE', 'android.permission.DISABLE_KEYGUARD', 'android.permission.ACCESS_NETWORK_STATE', 'android.permission.GET_ACCOUNTS', 'android.permission.WRITE_CONTACTS']",
"perms_with_call" : "['android.permission.READ_EXTERNAL_STORAGE', 'android.permission.READ_PHONE_STATE', 'android.permission.SEND_SMS', 'android.permission.DISABLE_KEYGUARD', 'android.permission.ACCESS_COARSE_LOCATION', 'android.permission.BLUETOOTH', 'android.permission.ACCESS_NETWORK_STATE', 'android.permission.MODIFY_AUDIO_SETTINGS', 'android.permission.GET_TASKS', 'android.permission.BROADCAST_STICKY', 'android.permission.WAKE_LOCK', 'android.permission.ACCESS_FINE_LOCATION']" 
"extra_perms" : "['android.permission.CAMERA', 'android.permission.ACCESS_WIFI_STATE', 'android.permission.SEND_SMS', 'android.permission.RECORD_AUDIO', 'android.permission.DISABLE_KEYGUARD', 'android.permission.ACCESS_COARSE_LOCATION', 'android.permission.READ_CONTACTS', 'android.permission.GET_ACCOUNTS', 'android.permission.WRITE_CONTACTS', 'android.permission.READ_EXTERNAL_STORAGE', 'android.permission.SYSTEM_ALERT_WINDOW', 'android.permission.ACCESS_FINE_LOCATION']",
}