{
"name" : "gMobile",
"url" : "https://play.google.com/store/apps/details?id=com.gfk.staffbase.android",
"package" : "com.gfk.staffbase.android",
"category" : "Communication",
"description" : "Our world is changing fast. The increasing speed of product innovation, the rise of new channels, and emerging customer needs are all part of business today. Our clients are businesses around the globe. To make the best possible business decisions every day, they need to know what is happening now  and in the future. They need more than purely descriptive data  business decision makers need actionable recommendations based on advanced analytics.  We dont have a crystal ball. But we love data and science and we understand how to connect the two. We care about attention to detail and accuracy. We are digital engineers who build world-class research, powered by high technology. Because people who know best lead the way. This is why GfK means Growth from Knowledge.  The GfK gMobile App provides customers, business partners and employees with information and news about GfK on a daily basis. Users receive the latest news, press releases and insights via push notification and get direct download access to White Papers. Information regarding career opportunities and the opportunity to directly apply for open positions are also available. ",
"desc_perms" : "[]",
"manifest_perms" : "['android.permission.CAMERA', 'android.permission.INTERNET', 'com.google.android.c2dm.permission.RECEIVE', 'android.permission.ACCESS_NETWORK_STATE', 'android.permission.READ_EXTERNAL_STORAGE', 'android.permission.VIBRATE', 'android.permission.WRITE_EXTERNAL_STORAGE', 'com.google.android.apps.photos.permission.GOOGLE_PHOTOS', 'android.permission.RECEIVE_BOOT_COMPLETED', 'android.permission.WAKE_LOCK']",
"perms_with_call" : "['android.permission.ACCESS_COARSE_LOCATION', 'android.permission.ACCESS_FINE_LOCATION', 'android.permission.ACCESS_NETWORK_STATE', 'android.permission.GET_TASKS', 'android.permission.BROADCAST_STICKY', 'android.permission.WAKE_LOCK']" 
"extra_perms" : "['android.permission.CAMERA', 'android.permission.ACCESS_COARSE_LOCATION', 'android.permission.INTERNET', 'android.permission.ACCESS_FINE_LOCATION', 'android.permission.ACCESS_NETWORK_STATE', 'android.permission.READ_EXTERNAL_STORAGE', 'android.permission.WRITE_EXTERNAL_STORAGE', 'com.google.android.apps.photos.permission.GOOGLE_PHOTOS']",
}