{
"name" : "Telcell Top-up",
"url" : "https://play.google.com/store/apps/details?id=com.etopuponline.telcell",
"package" : "com.etopuponline.telcell",
"category" : "Communication",
"description" : "Download the Official Top up App for Telcell Sint Martin, Sint Eustatius and Saba prepaid mobile phones  the fastest, easiest, and the most convenient way to recharge your phone!  Buy airtime from anywhere in the world!  Telcell Customers  Buy credit for your own phone in Sint Martin, Sint Eustatius and Saba or while traveling overseas. Friends or Family in the USA, Canada, France or anywhere else in the world  Add credits to your loved ones Telcell prepaid phones in Sint Martin, Sint Eustatius and Saba without paying any foreign transaction fees.  Features:  Send From Anywhere  Send Telcell airtime to your friends and family from anywhere in the world.  Top Up Your Telcell Phone  Buy credit for your own Telcell prepaid phone.  No Fees  No processing fees or bank charges.  Exclusive Promotions  Free bonus minutes and data (when applicable).  Multiple Payment Options  Pay with Visa, Mastercard, Amex or PayPal.  Easy Registration  Quickly sign up with email, Facebook, or Google logins.  Auto-Top Up  Set up a recurring top up for hassle-free recurring transactions.  Single Login  Use your same account on the Telcell website and the Top-Up App.  Quickly Repeat Your Last Top Up - Single touch Repeat Top Up option lets you send to the same phone number with the same amount instantly.  Its as easy as 1,2,3: 1. Enter the phone number 2. Select an amount 3. Hit pay and send! ",
"desc_perms" : "['android.permission.READ_CONTACTS', 'android.permission.WRITE_EXTERNAL_STORAGE', 'android.permission.WRITE_CONTACTS', 'android.permission.GET_ACCOUNTS', 'android.permission.ACCESS_NETWORK_STATE', 'android.permission.INTERNET', 'android.permission.ACCESS_WIFI_STATE']",
"manifest_perms" : "['android.permission.FOREGROUND_SERVICE', 'com.huawei.android.launcher.permission.CHANGE_BADGE', 'android.permission.LOCATION_HARDWARE', 'android.permission.ACCESS_FINE_LOCATION', 'android.permission.BLUETOOTH', 'android.permission.RECEIVE_BOOT_COMPLETED', 'com.oppo.launcher.permission.WRITE_SETTINGS', 'com.google.android.finsky.permission.BIND_GET_INSTALL_REFERRER_SERVICE', 'com.htc.launcher.permission.UPDATE_SHORTCUT', 'android.permission.WRITE_EXTERNAL_STORAGE', 'com.majeur.launcher.permission.UPDATE_BADGE', 'com.huawei.android.launcher.permission.READ_SETTINGS', 'com.anddoes.launcher.permission.UPDATE_COUNT', 'com.sonyericsson.home.permission.BROADCAST_BADGE', 'android.permission.VIBRATE', 'android.permission.ACCESS_WIFI_STATE', 'com.google.android.c2dm.permission.RECEIVE', 'me.everything.badger.permission.BADGE_COUNT_READ', 'com.huawei.android.launcher.permission.WRITE_SETTINGS', 'android.permission.BATTERY_STATS', 'android.permission.WAKE_LOCK', 'com.sonymobile.home.permission.PROVIDER_INSERT_BADGE', 'android.permission.CAMERA', 'android.permission.INTERNET', 'android.permission.READ_APP_BADGE', 'android.permission.READ_PHONE_STATE', 'com.sec.android.provider.badge.permission.READ', 'com.sec.android.provider.badge.permission.WRITE', 'android.permission.READ_CONTACTS', 'com.etopuponline.telcell.permission.C2D_MESSAGE', 'me.everything.badger.permission.BADGE_COUNT_WRITE', 'android.permission.ACCESS_COARSE_LOCATION', 'android.permission.READ_EXTERNAL_STORAGE', 'com.htc.launcher.permission.READ_SETTINGS', 'android.permission.NETWORK_STATE', 'android.permission.ACCESS_NETWORK_STATE', 'com.oppo.launcher.permission.READ_SETTINGS', 'android.permission.SYSTEM_ALERT_WINDOW']",
"perms_with_call" : "['android.permission.BROADCAST_STICKY', 'android.permission.BLUETOOTH_ADMIN', 'android.permission.ACCESS_COARSE_LOCATION', 'android.permission.ACCESS_FINE_LOCATION', 'android.permission.GET_TASKS', 'android.permission.BLUETOOTH', 'android.permission.WAKE_LOCK', 'android.permission.USE_FINGERPRINT', 'android.permission.ACCESS_NETWORK_STATE', 'android.permission.ACCESS_WIFI_STATE', 'android.permission.CHANGE_WIFI_STATE']" 
"extra_perms" : "['android.permission.READ_EXTERNAL_STORAGE', 'android.permission.ACCESS_COARSE_LOCATION', 'android.permission.BATTERY_STATS', 'android.permission.ACCESS_FINE_LOCATION', 'android.permission.NETWORK_STATE', 'android.permission.LOCATION_HARDWARE', 'android.permission.CAMERA', 'android.permission.SYSTEM_ALERT_WINDOW', 'android.permission.READ_PHONE_STATE']",
}