{
"name" : "Maaii: Free Calls & Messages",
"url" : "https://play.google.com/store/apps/details?id=com.maaii.maaii",
"package" : "com.maaii.maaii",
"category" : "Communication",
"description" : "Let your communication go beyond limits.  Maaii allows you connect to other Maaii friends worldwide with free calls & messages over Wi-Fi or data network! With MaaiiOut & MaaiiSMS, you can even call or send messages to friends who are not Maaii users or dont have internet connection at low rates.   ********** FEATURES **********   Free Maaii to Maaii calls & messages  Call any phone (landline or mobile) to 120+ destinations at low costs.  Send SMS to friends who are not on Maaii at low rates  More funny stickers, animations and hilarious audio effects available on Maaii Store  Video Caller ID editor  Voice and video mail  Messaging with photo, location share, audio message, and video  New friend finding functionality by location, PIN, and recommendations  Instant group messaging with friends  Now available in 12 languages: Portuguese , Arabic, Bahasa Indonesia, English, French, Japanese, Korean, Spanish, Thai, Traditional & Simplified Chinese, and Vietnamese.  * Please refer to the support section on www.maaii.com for the full device list. ",
"desc_perms" : "['android.permission.CALL_PHONE', 'android.permission.GET_ACCOUNTS', 'android.permission.INTERNET', 'android.permission.ACCESS_WIFI_STATE', 'android.permission.READ_CONTACTS', 'android.permission.ACCESS_NETWORK_STATE', 'android.permission.READ_EXTERNAL_STORAGE', 'android.permission.READ_PHONE_STATE', 'android.permission.ACCESS_FINE_LOCATION']",
"manifest_perms" : "['android.permission.READ_APP_BADGE', 'com.maaii.maaii.permission.MAPS_RECEIVE', 'android.permission.AUTHENTICATE_ACCOUNTS', 'com.android.launcher.permission.INSTALL_SHORTCUT', 'android.permission.GET_ACCOUNTS', 'android.permission.MANAGE_ACCOUNTS', 'com.huawei.android.launcher.permission.CHANGE_BADGE', 'me.everything.badger.permission.BADGE_COUNT_READ', 'android.permission.ACCESS_WIFI_STATE', 'android.permission.ACCESS_COARSE_LOCATION', 'com.google.android.c2dm.permission.RECEIVE', 'android.permission.ACCESS_NETWORK_STATE', 'android.permission.CHANGE_NETWORK_STATE', 'android.permission.WRITE_SYNC_SETTINGS', 'android.permission.READ_PHONE_STATE', 'com.huawei.android.launcher.permission.READ_SETTINGS', 'com.sec.android.provider.badge.permission.WRITE', 'android.permission.WAKE_LOCK', 'android.permission.RECEIVE_USER_PRESENT', 'com.maaii.maaii.permission.JPUSH_MESSAGE', 'com.sonymobile.home.permission.PROVIDER_INSERT_BADGE', 'com.huawei.android.launcher.permission.WRITE_SETTINGS', 'android.permission.WRITE_EXTERNAL_STORAGE', 'android.permission.READ_LOGS', 'com.htc.launcher.permission.UPDATE_SHORTCUT', 'android.permission.READ_CONTACTS', 'com.maaii.maaii.permission.MEDIA_SHARE', 'android.permission.READ_SYNC_SETTINGS', 'com.google.android.providers.gsf.permission.READ_GSERVICES', 'com.anddoes.launcher.permission.UPDATE_COUNT', 'android.permission.ACCESS_LOCATION_EXTRA_COMMANDS', 'com.android.vending.BILLING', 'android.permission.BROADCAST_STICKY', 'android.permission.CAMERA', 'android.permission.MOUNT_UNMOUNT_FILESYSTEMS', 'com.google.android.finsky.permission.BIND_GET_INSTALL_REFERRER_SERVICE', 'android.permission.READ_SYNC_STATS', 'com.oppo.launcher.permission.WRITE_SETTINGS', 'com.majeur.launcher.permission.UPDATE_BADGE', 'com.sec.android.provider.badge.permission.READ', 'me.everything.badger.permission.BADGE_COUNT_WRITE', 'android.permission.BLUETOOTH', 'android.permission.READ_PROFILE', 'com.android.launcher.permission.UNINSTALL_SHORTCUT', 'android.permission.SYSTEM_ALERT_WINDOW', 'android.permission.WRITE_CONTACTS', 'android.permission.READ_EXTERNAL_STORAGE', 'android.permission.MODIFY_AUDIO_SETTINGS', 'android.permission.VIBRATE', 'android.permission.FOREGROUND_SERVICE', 'com.htc.launcher.permission.READ_SETTINGS', 'android.permission.CALL_PHONE', 'com.oppo.launcher.permission.READ_SETTINGS', 'android.permission.RECORD_AUDIO', 'android.permission.INTERNET', 'android.permission.BLUETOOTH_ADMIN', 'android.permission.CHANGE_WIFI_STATE', 'android.permission.RECEIVE_BOOT_COMPLETED', 'android.permission.DISABLE_KEYGUARD', 'android.permission.WRITE_SETTINGS', 'com.sonyericsson.home.permission.BROADCAST_BADGE', 'android.permission.USE_CREDENTIALS', 'android.permission.ACCESS_FINE_LOCATION']",
"perms_with_call" : "['android.permission.WAKE_LOCK', 'android.permission.GET_TASKS', 'android.permission.ACCESS_WIFI_STATE', 'android.permission.ACCESS_COARSE_LOCATION', 'android.permission.BLUETOOTH', 'android.permission.MODIFY_AUDIO_SETTINGS', 'android.permission.ACCESS_NETWORK_STATE', 'android.permission.READ_PHONE_STATE', 'android.permission.BROADCAST_STICKY', 'android.permission.ACCESS_FINE_LOCATION']" 
"extra_perms" : "['com.maaii.maaii.permission.MAPS_RECEIVE', 'android.permission.MOUNT_UNMOUNT_FILESYSTEMS', 'android.permission.ACCESS_COARSE_LOCATION', 'android.permission.SYSTEM_ALERT_WINDOW', 'com.maaii.maaii.permission.MEDIA_SHARE', 'android.permission.WRITE_CONTACTS', 'android.permission.MODIFY_AUDIO_SETTINGS', 'android.permission.RECEIVE_USER_PRESENT', 'com.maaii.maaii.permission.JPUSH_MESSAGE', 'android.permission.RECORD_AUDIO', 'android.permission.WRITE_EXTERNAL_STORAGE', 'android.permission.READ_LOGS', 'android.permission.DISABLE_KEYGUARD', 'android.permission.CAMERA', 'android.permission.ACCESS_LOCATION_EXTRA_COMMANDS', 'com.android.vending.BILLING']",
}