{
"name" : "Eyecon: Caller ID, Calls and Phone Contacts",
"url" : "https://play.google.com/store/apps/details?id=com.eyecon.global",
"package" : "com.eyecon.global",
"category" : "Communication",
"description" : "Use our true caller ID to identify calls and see photos and names of unknown calls and contacts in your phone book by only clicking one icon.   Know in a blink whos calling you - see their name and image before you even get on a phone call. Only click one icon to bring it all together in one place - all people, all contacts, all apps, all ways to communicate with them.   Know whos there  With Eyecons visual caller ID - know who youre speaking to before you answer the phone or dial a number. With Eyecons unique reverse lookup feature, connect to their entire digital persona so you can dive deeper into their true ID including Facebook photos and more.   Communicate as fast as you do Eyecon gives that personal moment - that smile, that connection. Its not a what, its a who. Its more than just a call, its a conversation before it starts. And its not just calls! Chat with your tribe on your favorite app - Whatsapp em, Message em, Facebookem - whatever you want to say and however you want to say it.  Never touch your dialer again Eyecons all-in-one communication is also intuitive - it remembers the way you like to communicate with a certain contact and makes it seamless to go straight there. Eyecon turns your contacts + address book into a beautiful, visual gallery of all your friends. Suddenly, names and numbers turn into images of people you really like to see - and that brightens your day just a bit more.  CONNECT WITH US  Learn more at http://www.eyecon-app.com.  Email us at support@eyecon-app.com if you need assistance or have a suggestion.  Follow us on Facebook at https://www.facebook.com/eyeconapp/. ",
"desc_perms" : "['android.permission.CALL_PHONE', 'android.permission.READ_EXTERNAL_STORAGE', 'android.permission.READ_CONTACTS', 'android.permission.WRITE_EXTERNAL_STORAGE', 'android.permission.READ_CALL_LOG', 'android.permission.MODIFY_AUDIO_SETTINGS', 'android.permission.READ_PHONE_STATE']",
"manifest_perms" : "['android.permission.FOREGROUND_SERVICE', 'com.huawei.android.launcher.permission.CHANGE_BADGE', 'com.huawei.permission.external_app_settings.USE_COMPONENT', 'com.google.android.gms.permission.ACTIVITY_RECOGNITION', 'android.permission.WRITE_CALL_LOG', 'android.permission.GET_TASKS', 'android.permission.BLUETOOTH', 'android.permission.RECEIVE_BOOT_COMPLETED', 'android.permission.MODIFY_AUDIO_SETTINGS', 'com.oppo.launcher.permission.WRITE_SETTINGS', 'com.google.android.finsky.permission.BIND_GET_INSTALL_REFERRER_SERVICE', 'com.eyecon.global.permission.C2D_MESSAGE', 'android.permission.ANSWER_PHONE_CALLS', 'com.htc.launcher.permission.UPDATE_SHORTCUT', 'oppo.permission.OPPO_COMPONENT_SAFE', 'android.permission.REORDER_TASKS', 'android.permission.WRITE_EXTERNAL_STORAGE', 'android.permission.READ_CALL_LOG', 'android.permission.WRITE_CONTACTS', 'com.majeur.launcher.permission.UPDATE_BADGE', 'com.huawei.android.launcher.permission.READ_SETTINGS', 'android.permission.RECORD_AUDIO', 'com.anddoes.launcher.permission.UPDATE_COUNT', 'com.android.vending.BILLING', 'android.permission.PROCESS_OUTGOING_CALLS', 'com.sonyericsson.home.permission.BROADCAST_BADGE', 'android.permission.VIBRATE', 'android.permission.ACCESS_WIFI_STATE', 'com.google.android.c2dm.permission.RECEIVE', 'me.everything.badger.permission.BADGE_COUNT_READ', 'android.permission.CALL_PHONE', 'com.huawei.android.launcher.permission.WRITE_SETTINGS', 'android.permission.WAKE_LOCK', 'android.permission.GET_ACCOUNTS', 'com.sonymobile.home.permission.PROVIDER_INSERT_BADGE', 'android.permission.DISABLE_KEYGUARD', 'android.permission.CAMERA', 'android.permission.KILL_BACKGROUND_PROCESSES', 'android.permission.INTERNET', 'android.permission.READ_PHONE_STATE', 'android.permission.REQUEST_IGNORE_BATTERY_OPTIMIZATIONS', 'com.sec.android.provider.badge.permission.READ', 'android.permission.READ_APP_BADGE', 'com.sec.android.provider.badge.permission.WRITE', 'android.permission.READ_EXTERNAL_STORAGE', 'android.permission.READ_CONTACTS', 'android.permission.CHANGE_NETWORK_STATE', 'android.permission.ACCESS_COARSE_LOCATION', 'me.everything.badger.permission.BADGE_COUNT_WRITE', 'com.htc.launcher.permission.READ_SETTINGS', 'com.eyecon.global.BILL', 'android.permission.SEND_SMS', 'android.permission.ACCESS_NETWORK_STATE', 'com.oppo.launcher.permission.READ_SETTINGS', 'android.permission.SYSTEM_ALERT_WINDOW']",
"perms_with_call" : "['android.permission.BROADCAST_STICKY', 'android.permission.BLUETOOTH_ADMIN', 'android.permission.READ_EXTERNAL_STORAGE', 'android.permission.CHANGE_NETWORK_STATE', 'android.permission.ACCESS_COARSE_LOCATION', 'android.permission.ACCESS_FINE_LOCATION', 'android.permission.GET_TASKS', 'android.permission.BLUETOOTH', 'android.permission.WAKE_LOCK', 'android.permission.SEND_SMS', 'android.permission.MODIFY_AUDIO_SETTINGS', 'android.permission.USE_FINGERPRINT', 'android.permission.ACCESS_NETWORK_STATE', 'android.permission.ACCESS_WIFI_STATE', 'android.permission.READ_PHONE_STATE']" 
"extra_perms" : "['com.huawei.permission.external_app_settings.USE_COMPONENT', 'android.permission.ACCESS_FINE_LOCATION', 'android.permission.WRITE_CALL_LOG', 'android.permission.GET_ACCOUNTS', 'android.permission.DISABLE_KEYGUARD', 'android.permission.CAMERA', 'android.permission.KILL_BACKGROUND_PROCESSES', 'android.permission.INTERNET', 'android.permission.REQUEST_IGNORE_BATTERY_OPTIMIZATIONS', 'android.permission.ANSWER_PHONE_CALLS', 'oppo.permission.OPPO_COMPONENT_SAFE', 'android.permission.REORDER_TASKS', 'android.permission.ACCESS_COARSE_LOCATION', 'android.permission.ACCESS_NETWORK_STATE', 'android.permission.WRITE_CONTACTS', 'com.eyecon.global.BILL', 'android.permission.SYSTEM_ALERT_WINDOW', 'android.permission.RECORD_AUDIO', 'android.permission.SEND_SMS', 'com.android.vending.BILLING', 'android.permission.PROCESS_OUTGOING_CALLS', 'android.permission.ACCESS_WIFI_STATE']",
}