{
"name" : "ABUS iDVR Plus",
"url" : "https://play.google.com/store/apps/details?id=com.abus_sc.iVMS",
"package" : "com.abus_sc.iVMS",
"category" : "Communication",
"description" : "iDVR Plus App (Please ensure that the most up-to-date firmware is installed on the recorder.)  1. Remote access to live images and recordings 2. Live image display from up to 16 cameras  3. Intuitive user interfaces with camera organisation via drag & drop  4. Pinch-to-zoom function for stepless zooming (digital) in the cameras live image and during playback 5. Full-screen display in landscape mode 6. Direct saving of snapshots/video clips from the live view or the playback function onto the local device memory 7. Control of a PTZ camera using finger movements on the touch screen 8. Configuration and call up of pre-set positions 9. App-based switching of alarm outputs 10. Integrated online help function  Remote access  simple and convenient Mobile remote access to ABUS recorders is made easy with the free iDVR Plus app for Android. With this app, users can conveniently access live images and recordings from up to 16 cameras when theyre on the go.   iDVR Plus with improved user interface The new and intuitive user interface allows you to create individual camera and view favourites, and to configure pre-set positions for monitoring various scenarios. The pinch-to-zoom function enables stepless zooming in the cameras live image and the camera playback. In addition, a PTZ camera can be easily navigated by finger movements and alarm outputs can be conveniently controlled.   Sending of live images via MMS or email Snapshots and video clips can be directly created from the live view or the playback function and stored on the local device memory. The corresponding file is saved in the image folder and can be conveniently sent from there via MMS or email.  Large selection of languages This app is available in German, English, French, Dutch and Danish.  Compatible with: NVR10010, NVR10020, NVR10030, NVR10040, HDCC90001, HDCC90011, HDCC90021, TVVR20000, TVVR20001, TVVR30000, TVVR30001, TVVR30002, TVVR30003, TVVR30004, TVVR35002, TVVR35010, TVVR35011, TVVR36000, TVVR40000, TVVR40010, TVVR40020, TVVR40021, TVVR41000, TVVR41100, TVVR41100, TVVR41120, TVVR41200, TVVR41210, TVVR41220, TVVR45020, TVVR45021, TVVR45030, TVVR50010, TVVR50011, TVVR50020, TVVR50021, TVVR60010, TVVR60011, TVVR60020, TVVR60021, TVHD80000, TVHD80010, TVHD80100, TVHD80110, TVHD80120, HDCC90000, HDCC90010, HDCC90020, TVIP83900, TVIP86900, IPCS24500, TVVR30004, TVVR33004, TVVR33005, TVVR33008, TVVR33009, TVVR36000, TVVR36300, TVVR36400, TVVR36700, TVVR36800 ",
"desc_perms" : "['android.permission.CALL_PHONE', 'android.permission.WRITE_EXTERNAL_STORAGE', 'android.permission.RECORD_AUDIO', 'android.permission.MODIFY_AUDIO_SETTINGS', 'android.permission.ACCESS_NETWORK_STATE', 'android.permission.CAMERA', 'android.permission.INTERNET', 'android.permission.ACCESS_WIFI_STATE', 'android.permission.READ_PHONE_STATE']",
"manifest_perms" : "['com.abus_sc.iVMS.push.permission.MESSAGE', 'android.permission.ACCESS_FINE_LOCATION', 'android.permission.GET_TASKS', 'com.abus_sc.iVMS.push.sdk.permission.EZVIZ_MESSAGE', 'android.permission.BLUETOOTH', 'android.permission.RECEIVE_BOOT_COMPLETED', 'android.permission.BROADCAST_PACKAGE_REPLACED', 'getui.permission.GetuiService.com.abus_sc.iVMS', 'android.permission.SYSTEM_ALERT_WINDOW', 'android.permission.WRITE_EXTERNAL_STORAGE', 'android.permission.RECORD_AUDIO', 'android.permission.USE_FINGERPRINT', 'android.permission.BROADCAST_PACKAGE_INSTALL', 'android.permission.FLASHLIGHT', 'android.permission.VIBRATE', 'android.permission.ACCESS_WIFI_STATE', 'com.meizu.flyme.push.permission.RECEIVE', 'com.google.android.c2dm.permission.RECEIVE', 'com.google.android.providers.gsf.permission.READ_GSERVICES', 'android.permission.REQUEST_INSTALL_PACKAGES', 'android.permission.MOUNT_UNMOUNT_FILESYSTEMS', 'android.permission.WAKE_LOCK', 'android.permission.GET_ACCOUNTS', 'com.meizu.c2dm.permission.RECEIVE', 'android.permission.BROADCAST_PACKAGE_CHANGED', 'android.permission.RESTART_PACKAGES', 'android.permission.DISABLE_KEYGUARD', 'android.permission.CAMERA', 'android.permission.INTERNET', 'android.permission.CHANGE_WIFI_STATE', 'android.permission.READ_PHONE_STATE', 'android.permission.READ_EXTERNAL_STORAGE', 'android.permission.CHANGE_NETWORK_STATE', 'android.permission.ACCESS_COARSE_LOCATION', 'android.permission.BROADCAST_PACKAGE_ADDED', 'android.permission.CHANGE_WIFI_MULTICAST_STATE', 'com.abus_sc.iVMS.permission.MIPUSH_RECEIVE', 'android.permission.ACCESS_NETWORK_STATE', 'android.permission.WRITE_SETTINGS', 'com.abus_sc.iVMS.permission.C2D_MESSAGE', 'android.permission.BLUETOOTH_ADMIN']",
"perms_with_call" : "['android.permission.BROADCAST_STICKY', 'android.permission.BLUETOOTH_ADMIN', 'android.permission.ACCESS_COARSE_LOCATION', 'android.permission.CHANGE_WIFI_MULTICAST_STATE', 'android.permission.ACCESS_FINE_LOCATION', 'android.permission.GET_TASKS', 'android.permission.WAKE_LOCK', 'android.permission.BLUETOOTH', 'android.permission.USE_FINGERPRINT', 'android.permission.ACCESS_NETWORK_STATE', 'android.permission.DISABLE_KEYGUARD', 'android.permission.ACCESS_WIFI_STATE', 'android.permission.CHANGE_WIFI_STATE']" 
"extra_perms" : "['com.abus_sc.iVMS.push.permission.MESSAGE', 'com.meizu.flyme.push.permission.RECEIVE', 'android.permission.ACCESS_FINE_LOCATION', 'com.abus_sc.iVMS.push.sdk.permission.EZVIZ_MESSAGE', 'android.permission.MOUNT_UNMOUNT_FILESYSTEMS', 'com.meizu.c2dm.permission.RECEIVE', 'android.permission.GET_ACCOUNTS', 'android.permission.RESTART_PACKAGES', 'android.permission.BROADCAST_PACKAGE_CHANGED', 'android.permission.DISABLE_KEYGUARD', 'getui.permission.GetuiService.com.abus_sc.iVMS', 'android.permission.BROADCAST_PACKAGE_REPLACED', 'android.permission.READ_EXTERNAL_STORAGE', 'android.permission.BROADCAST_PACKAGE_ADDED', 'android.permission.ACCESS_COARSE_LOCATION', 'com.abus_sc.iVMS.permission.MIPUSH_RECEIVE', 'android.permission.BROADCAST_PACKAGE_INSTALL', 'android.permission.SYSTEM_ALERT_WINDOW']",
}