{
"name" : "HPE MyRoom",
"url" : "https://play.google.com/store/apps/details?id=com.hpe.myroom.mobile",
"package" : "com.hpe.myroom.mobile",
"category" : "Communication",
"description" : "HPE MyRoom   Come together anytime in HPE MyRoom  Whether your colleagues and partners are across the street or around the world, make a great first impression with HPE MyRoom. On the go and cant be at your desk? No problem, as an HPE MyRoom Mobile user (see table below for details) you can be mobile and still join important MyRoom meetings.   MyRoom Mobile User Capability - Audio - AES 256-bit SSL encryption; 1024 when proxied through MyRoom servers - Join a session from a key or from your list of rooms - Persistent chat / content - Question tool - Raise hand - View content shared from desktop user - View video (see multiple videos) - View whiteboard ",
"desc_perms" : "['android.permission.ACCESS_NETWORK_STATE', 'android.permission.ACCESS_WIFI_STATE', 'android.permission.INTERNET', 'android.permission.CAMERA']",
"manifest_perms" : "['android.permission.REQUEST_INSTALL_PACKAGES', 'android.permission.RECORD_AUDIO', 'android.permission.INTERNET', 'android.permission.FLASHLIGHT', 'android.permission.BLUETOOTH', 'android.permission.CAMERA', 'android.permission.READ_PHONE_STATE', 'android.permission.MODIFY_AUDIO_SETTINGS', 'android.permission.ACCESS_FINE_LOCATION']",
"perms_with_call" : "['android.permission.USE_FINGERPRINT', 'android.permission.ACCESS_COARSE_LOCATION', 'android.permission.BLUETOOTH', 'android.permission.ACCESS_FINE_LOCATION', 'android.permission.ACCESS_NETWORK_STATE', 'android.permission.BROADCAST_STICKY', 'android.permission.WAKE_LOCK']" 
"extra_perms" : "['android.permission.ACCESS_COARSE_LOCATION', 'android.permission.RECORD_AUDIO', 'android.permission.ACCESS_NETWORK_STATE', 'android.permission.READ_PHONE_STATE', 'android.permission.MODIFY_AUDIO_SETTINGS', 'android.permission.ACCESS_FINE_LOCATION']",
}