{
"name" : "AlertMedia Pro",
"url" : "https://play.google.com/store/apps/details?id=com.alertmedia.android.alertmediapro.app",
"package" : "com.alertmedia.android.alertmediapro.app",
"category" : "Communication",
"description" : "Employers already using the AlertMedia platform to quickly and securely deliver their mass communications can access the AlertMedia mobile app to stay connected to their audience from anywhere.   For emergency mass notifications, business communication, and operations and logistics, the AlertMedia app provides an additional way to facilitate and manage two-way conversations with any-sized audience. With an intuitive experience and design, app users can, with one tap, send a notification or apply a pre-built template, request a read receipt, solicit feedback via survey, or bridge an immediate voice conferencereaching their audience over text, voice call, email, and app push notification. Users are able to easily manage incoming messages and responses to notifications from one streamlined view.   Organizations can give their communications subscribers access to the app, empowering people to signal for help with their location automatically attached, send in messages, or reply to notifications directly from the app.   The AlertMedia app monitors your communications, your people, and other critical events that may impact your business or people. Employers and subscribers can receive customized alerts from third-party sources that our team curates and delivers to you via the app. ",
"desc_perms" : "['android.permission.CALL_PHONE', 'android.permission.READ_EXTERNAL_STORAGE', 'android.permission.ACCESS_FINE_LOCATION', 'android.permission.SEND_SMS', 'android.permission.MODIFY_AUDIO_SETTINGS', 'android.permission.ACCESS_NETWORK_STATE', 'android.permission.INTERNET', 'android.permission.ACCESS_WIFI_STATE', 'android.permission.READ_PHONE_STATE']",
"manifest_perms" : "['android.permission.FOREGROUND_SERVICE', 'com.google.android.c2dm.permission.RECEIVE', 'android.permission.CALL_PHONE', 'com.google.android.providers.gsf.permission.READ_GSERVICES', 'android.permission.READ_EXTERNAL_STORAGE', 'com.alertmedia.android.alertmediapro.app.permission.MAPS_RECEIVE', 'android.permission.ACCESS_COARSE_LOCATION', 'android.permission.WRITE_EXTERNAL_STORAGE', 'android.permission.ACCESS_FINE_LOCATION', 'android.permission.WAKE_LOCK', 'android.permission.RECEIVE_BOOT_COMPLETED', 'android.permission.ACCESS_NETWORK_STATE', 'android.permission.INTERNET', 'com.alertmedia.android.alertmediapro.app.permission.C2D_MESSAGE']",
"perms_with_call" : "['android.permission.BROADCAST_STICKY', 'android.permission.ACCESS_COARSE_LOCATION', 'android.permission.ACCESS_FINE_LOCATION', 'android.permission.GET_TASKS', 'android.permission.BLUETOOTH', 'android.permission.WAKE_LOCK', 'android.permission.USE_FINGERPRINT', 'android.permission.ACCESS_NETWORK_STATE', 'android.permission.ACCESS_WIFI_STATE']" 
"extra_perms" : "['android.permission.ACCESS_COARSE_LOCATION', 'android.permission.WRITE_EXTERNAL_STORAGE', 'android.permission.ACCESS_WIFI_STATE', 'com.alertmedia.android.alertmediapro.app.permission.MAPS_RECEIVE']",
}