{
"name" : "My Smart international call",
"url" : "https://play.google.com/store/apps/details?id=com.openvacs.android.mysmart",
"package" : "com.openvacs.android.mysmart",
"category" : "Communication",
"description" : "My Smart international call is a LG U+ is a dedicated service launced by OTO with over 6.5 million users worldwide.   Premium international call service for LG U+ users only. Outgoing calls from Korea only.   Supported language : Korean, English, Japanese, Chinese, Indonesia, Thai, Vietnamese, Cambodian (Khmer) can be used and other languages are expected to be added gradually.    1. Search for My Smart international call in the Store and install.  2. After mobile phone verification, receive free credits. (350 credits provided)   3. Select the country to call and insert the telephone number.  4. After checking the charges per minute indicated in the Call button, make the call.  5. Once the call ends, charges used can immediately be checked.  Note:  Only available to LG U+ users.  Outgoing cOutgoing calls can only be made from Korea and cannot be used overseas.  The credit can be topped up using LG U+ postpaid additional service for use. (included in the following months bill) All calls are made with data calls and the data consumption amount per minute is approximately 700KB. ",
"desc_perms" : "['android.permission.CALL_PHONE', 'android.permission.READ_PHONE_STATE', 'android.permission.MODIFY_AUDIO_SETTINGS']",
"manifest_perms" : "['android.permission.GET_TASKS', 'com.openvacs.android.mysmart.permission.C2D_MESSAGE', 'android.permission.GET_ACCOUNTS', 'android.permission.MODIFY_PHONE_STATE', 'android.permission.ACCESS_WIFI_STATE', 'com.google.android.c2dm.permission.RECEIVE', 'android.permission.CHANGE_NETWORK_STATE', 'android.permission.READ_PHONE_STATE', 'android.permission.WAKE_LOCK', 'android.permission.WRITE_EXTERNAL_STORAGE', 'android.permission.READ_CONTACTS', 'android.permission.CALL_PRIVILEGED', 'android.permission.BLUETOOTH', 'android.permission.READ_EXTERNAL_STORAGE', 'android.permission.MODIFY_AUDIO_SETTINGS', 'android.permission.VIBRATE', 'android.permission.RECORD_AUDIO', 'android.permission.INTERNET', 'android.permission.CHANGE_WIFI_STATE', 'android.permission.RECEIVE_BOOT_COMPLETED']",
"perms_with_call" : "['android.permission.BROADCAST_STICKY', 'android.permission.GET_TASKS', 'android.permission.ACCESS_COARSE_LOCATION', 'android.permission.BLUETOOTH', 'android.permission.ACCESS_NETWORK_STATE', 'android.permission.READ_PHONE_STATE', 'android.permission.MODIFY_AUDIO_SETTINGS', 'android.permission.WAKE_LOCK']" 
"extra_perms" : "['android.permission.RECORD_AUDIO', 'android.permission.WRITE_EXTERNAL_STORAGE', 'android.permission.INTERNET', 'android.permission.GET_ACCOUNTS', 'android.permission.CALL_PRIVILEGED', 'android.permission.MODIFY_PHONE_STATE', 'android.permission.ACCESS_WIFI_STATE', 'android.permission.ACCESS_COARSE_LOCATION', 'android.permission.READ_CONTACTS', 'android.permission.ACCESS_NETWORK_STATE', 'android.permission.READ_EXTERNAL_STORAGE']",
}