{
"name" : "Halley VPN - Free VPN Proxy",
"url" : "https://play.google.com/store/apps/details?id=com.halleyvpn.freevpn",
"package" : "com.halleyvpn.freevpn",
"category" : "Communication",
"description" : "Halley VPN is an unlimited, fast and free Internet privacy and security VPN app for all Android users. Halley VPN masks your IP address, encrypt your internet traffic, turns public Wi-Fi into a private network and helps unblock sites and apps on your Android phone so that you can access any restricted content safely and anonymously. Halley VPN is an easy to use, one click to connect VPN server.  Advantages : - Simple one-click VPN. - Forever free VPN. - No sign up, No login and no password. - Best server speed & reliability. - Unblock geographically restricted websites. - Protect your privacy and keep you safe online. - No root access needed. - No bandwidth limitation. - Encrypt all your traffic online. - provide very fast server speed & reliability.  Halley VPN team provides full access of 24x7 services. Thank you for using! ! ! ",
"desc_perms" : "['android.permission.ACCESS_NETWORK_STATE', 'android.permission.READ_PHONE_STATE', 'android.permission.INTERNET']",
"manifest_perms" : "['android.permission.REQUEST_INSTALL_PACKAGES', 'android.permission.NFC', 'android.permission.WRITE_EXTERNAL_STORAGE', 'com.google.android.finsky.permission.BIND_GET_INSTALL_REFERRER_SERVICE', 'android.permission.INTERNET', 'android.permission.RECEIVE_BOOT_COMPLETED', 'android.permission.ACCESS_WIFI_STATE', 'com.google.android.c2dm.permission.RECEIVE', 'com.halleyvpn.freevpn.permission.C2D_MESSAGE', 'android.permission.CHANGE_NETWORK_STATE', 'android.permission.ACCESS_NETWORK_STATE', 'android.permission.READ_EXTERNAL_STORAGE', 'android.permission.READ_PHONE_STATE', 'android.permission.FOREGROUND_SERVICE', 'android.permission.WAKE_LOCK']",
"perms_with_call" : "['android.permission.WAKE_LOCK', 'android.permission.GET_TASKS', 'android.permission.ACCESS_WIFI_STATE', 'android.permission.ACCESS_COARSE_LOCATION', 'android.permission.CHANGE_NETWORK_STATE', 'android.permission.ACCESS_NETWORK_STATE', 'android.permission.BROADCAST_STICKY', 'android.permission.ACCESS_FINE_LOCATION']" 
"extra_perms" : "['android.permission.NFC', 'android.permission.WRITE_EXTERNAL_STORAGE', 'android.permission.ACCESS_WIFI_STATE', 'android.permission.ACCESS_COARSE_LOCATION', 'android.permission.READ_EXTERNAL_STORAGE', 'android.permission.ACCESS_FINE_LOCATION']",
}