{
"name" : "QUICKIE Messenger",
"url" : "https://play.google.com/store/apps/details?id=com.pingapp.status",
"package" : "com.pingapp.status",
"category" : "Communication",
"description" : "Quickie is an exciting new way to connect with your closest friends. Enjoy chatting, sending audio messages, sketching or sharing fun animated selfies. You will feel closer to your friends, sharing some hilarious moments and messages. Speed up chatting and send Quickies in a jiffy - you dont even need to press send! Messages are sent automatically when you finish typing, and vanish once delivered. You can express yourself naturally, just like in real conversation.  Dont miss out on the important stuff! messages will disappear in 24 hours if you dont open them!  Feel safe - We dont keep anything on our servers to protect your privacy - all messages automatically self destruct and deleted once viewed or after 24 hours. ",
"desc_perms" : "['android.permission.READ_EXTERNAL_STORAGE', 'android.permission.INTERNET', 'android.permission.ACCESS_WIFI_STATE', 'android.permission.ACCESS_NETWORK_STATE', 'android.permission.READ_CONTACTS', 'android.permission.GET_ACCOUNTS']",
"manifest_perms" : "['com.google.android.c2dm.permission.RECEIVE', 'me.everything.badger.permission.BADGE_COUNT_READ', 'com.huawei.android.launcher.permission.READ_SETTINGS', 'android.permission.INTERNET', 'android.permission.RECORD_AUDIO', 'com.pingapp.status.permission.C2D_MESSAGE', 'com.huawei.android.launcher.permission.WRITE_SETTINGS', 'com.sonyericsson.home.permission.BROADCAST_BADGE', 'android.permission.GET_ACCOUNTS', 'android.permission.VIBRATE', 'com.sec.android.provider.badge.permission.READ', 'com.anddoes.launcher.permission.UPDATE_COUNT', 'com.htc.launcher.permission.UPDATE_SHORTCUT', 'com.majeur.launcher.permission.UPDATE_BADGE', 'com.google.android.finsky.permission.BIND_GET_INSTALL_REFERRER_SERVICE', 'com.oppo.launcher.permission.READ_SETTINGS', 'com.sonymobile.home.permission.PROVIDER_INSERT_BADGE', 'android.permission.WRITE_EXTERNAL_STORAGE', 'com.sec.android.provider.badge.permission.WRITE', 'android.permission.ACCESS_WIFI_STATE', 'com.htc.launcher.permission.READ_SETTINGS', 'android.permission.WRITE_INTERNAL_STORAGE', 'android.permission.READ_CONTACTS', 'me.everything.badger.permission.BADGE_COUNT_WRITE', 'com.huawei.android.launcher.permission.CHANGE_BADGE', 'android.permission.READ_APP_BADGE', 'android.permission.WAKE_LOCK', 'android.permission.CAMERA', 'com.oppo.launcher.permission.WRITE_SETTINGS', 'android.permission.ACCESS_NETWORK_STATE', 'com.google.android.providers.gsf.permission.READ_GSERVICES']",
"perms_with_call" : "['android.permission.USE_FINGERPRINT', 'android.permission.ACCESS_COARSE_LOCATION', 'android.permission.READ_EXTERNAL_STORAGE', 'android.permission.SEND_SMS', 'android.permission.BROADCAST_STICKY', 'android.permission.ACCESS_FINE_LOCATION', 'android.permission.ACCESS_WIFI_STATE', 'android.permission.WAKE_LOCK', 'android.permission.ACCESS_NETWORK_STATE', 'android.permission.CHANGE_WIFI_STATE', 'android.permission.SET_WALLPAPER', 'android.permission.GET_TASKS', 'android.permission.BLUETOOTH']" 
"extra_perms" : "['android.permission.ACCESS_COARSE_LOCATION', 'android.permission.WRITE_EXTERNAL_STORAGE', 'android.permission.READ_EXTERNAL_STORAGE', 'android.permission.RECORD_AUDIO', 'android.permission.SEND_SMS', 'android.permission.ACCESS_FINE_LOCATION', 'android.permission.WRITE_INTERNAL_STORAGE', 'android.permission.CAMERA']",
}