{
"name" : "CIMBTconnex",
"url" : "https://play.google.com/store/apps/details?id=com.ekocustom.cimbtconnex",
"package" : "com.ekocustom.cimbtconnex",
"category" : "Communication",
"description" : "CIMBT Connex Please log in the application by using your username and password which provided by admin.  Features and Functions - Direct and Group Chat : Share text and voice notes, files, images, videos and stickers or even create sub-topics inside the application -Voice and Video Conference Calls : Make phone calls and video calls from the app -Directory : search for your colleagues easily via searching bar  -Notifications : always get up to date with all notifications alert from new messages or calls -Workflow : go paperless and reduce the process of the form approval -Task : assign tasks to your co-working and keep track or progress easily at your fingertips -Discover :  -Library/Knowledge Management: Serves as an information center providing useful and necessary information specific to your organization.  -Web apps: Access multiple websites through our application. Includes a single sign on service ",
"desc_perms" : "['android.permission.WRITE_EXTERNAL_STORAGE', 'android.permission.RECORD_AUDIO', 'android.permission.CALL_PHONE', 'android.permission.CAMERA', 'android.permission.MODIFY_AUDIO_SETTINGS', 'android.permission.ACCESS_NETWORK_STATE', 'android.permission.INTERNET', 'android.permission.ACCESS_WIFI_STATE', 'android.permission.READ_PHONE_STATE', 'android.permission.READ_EXTERNAL_STORAGE']",
"manifest_perms" : "['com.sonyericsson.home.permission.BROADCAST_BADGE', 'android.permission.DISABLE_KEYGUARD', 'com.huawei.android.launcher.permission.READ_SETTINGS', 'com.ekocustom.cimbtconnex.permission.C2D_MESSAGE', 'com.sec.android.provider.badge.permission.READ', 'android.permission.BLUETOOTH', 'com.anddoes.launcher.permission.UPDATE_COUNT', 'android.permission.ACCESS_FINE_LOCATION', 'android.permission.WRITE_EXTERNAL_STORAGE', 'com.majeur.launcher.permission.UPDATE_BADGE', 'android.permission.ACCESS_COARSE_LOCATION', 'com.google.android.finsky.permission.BIND_GET_INSTALL_REFERRER_SERVICE', 'android.permission.CAMERA', 'android.permission.READ_APP_BADGE', 'com.google.android.c2dm.permission.RECEIVE', 'android.permission.ACCESS_NETWORK_STATE', 'com.htc.launcher.permission.UPDATE_SHORTCUT', 'android.permission.USE_FINGERPRINT', 'android.permission.INTERNET', 'com.oppo.launcher.permission.READ_SETTINGS', 'android.permission.READ_PHONE_STATE', 'android.permission.GET_ACCOUNTS', 'com.sonymobile.home.permission.PROVIDER_INSERT_BADGE', 'android.permission.RECORD_AUDIO', 'me.everything.badger.permission.BADGE_COUNT_READ', 'android.permission.VIBRATE', 'com.huawei.android.launcher.permission.CHANGE_BADGE', 'android.permission.RECEIVE_BOOT_COMPLETED', 'com.huawei.android.launcher.permission.WRITE_SETTINGS', 'com.htc.launcher.permission.READ_SETTINGS', 'android.permission.MODIFY_AUDIO_SETTINGS', 'com.sec.android.provider.badge.permission.WRITE', 'android.permission.WAKE_LOCK', 'android.permission.FOREGROUND_SERVICE', 'com.oppo.launcher.permission.WRITE_SETTINGS', 'me.everything.badger.permission.BADGE_COUNT_WRITE', 'android.permission.READ_EXTERNAL_STORAGE']",
"perms_with_call" : "['android.permission.ACCESS_COARSE_LOCATION', 'android.permission.BROADCAST_STICKY', 'android.permission.MODIFY_AUDIO_SETTINGS', 'android.permission.CHANGE_NETWORK_STATE', 'android.permission.USE_FINGERPRINT', 'android.permission.ACCESS_NETWORK_STATE', 'android.permission.WAKE_LOCK', 'android.permission.GET_TASKS', 'android.permission.BLUETOOTH', 'android.permission.ACCESS_WIFI_STATE', 'android.permission.READ_PHONE_STATE', 'android.permission.ACCESS_FINE_LOCATION']" 
"extra_perms" : "['android.permission.ACCESS_COARSE_LOCATION', 'android.permission.DISABLE_KEYGUARD', 'android.permission.ACCESS_WIFI_STATE', 'android.permission.GET_ACCOUNTS', 'android.permission.ACCESS_FINE_LOCATION']",
}