{
"name" : "Tamaaas Messenger",
"url" : "https://play.google.com/store/apps/details?id=com.tamaaas",
"package" : "com.tamaaas",
"category" : "Communication",
"description" : "Tamaaas Messenger is a FREE messaging app available for Android smartphones. Tamaaas uses your phones Internet connection (4G/3G/2G/ EDGE or Wi-Fi, as available) to let you message, call, and share stories with friends and family. Switch from SMS to the simple and secure Tamaaas Messenger so you can send and receive messages, calls, photos, video, video calls, group calls, Voice Messages, and share Stories with your friends and family.  WHY USE Tamaaas:  * FREE CALLS: Call your friends and family for free with Tamaaas Calling, even if theyre in another country. Tamaaas calls uses your phones Internet connection rather than your cellular plans voice minutes. Data charges may apply. Contact your provider for details.  * GROUP CHAT: Enjoy group chats with your contacts so you can easily connect with your friends and family.  *VIDEO CHAT: With Tamaaas Video call you can chat and share your screen with up to 4 users. Group video calls made simple and easy.   *SHARE STORIES: Tamaaas Stories lets you post images and videos that your contacts can see for 24hrs.  *EXPLORE PAGE: Tamaaas Explore page lets you post images and videos to your feed so your contacts can like and comment.  * QUICKLY CONNECT WITH YOUR CONTACTS: Your address book is quickly and easily synced to App through an encrypted connection. No need to add hard-to-remember usernames or numbers.  *NO USERNAMES AND PINS  *NO INTERNATIONAL CHARGES  *MULTIMEDIA: Send and receive photos, videos, and Voice Messages   Data charges may apply. Contact your provider for details.  Were always excited to hear from you. If you have feedback, questions, or concerns, please email us at: info@tamaaas.com  ** Tamaaas is a telephone communication app, so iPod and iPad are not supported devices. ",
"desc_perms" : "['android.permission.INTERNET', 'android.permission.READ_PHONE_STATE', 'android.permission.CAMERA', 'android.permission.ACCESS_WIFI_STATE', 'android.permission.ACCESS_NETWORK_STATE', 'android.permission.MODIFY_AUDIO_SETTINGS', 'android.permission.READ_CONTACTS', 'android.permission.GET_ACCOUNTS', 'android.permission.READ_EXTERNAL_STORAGE', 'android.permission.CALL_PHONE']",
"manifest_perms" : "['android.permission.CAMERA', 'android.permission.VIBRATE', 'android.permission.ACCESS_COARSE_LOCATION', 'android.permission.BLUETOOTH', 'android.permission.FOREGROUND_SERVICE', 'android.permission.MODIFY_AUDIO_SETTINGS', 'android.permission.ACCESS_FINE_LOCATION', 'android.permission.WRITE_EXTERNAL_STORAGE', 'android.permission.ACCESS_WIFI_STATE', 'android.permission.WAKE_LOCK', 'android.permission.SYSTEM_ALERT_WINDOW', 'com.tamaaas.permission.C2D_MESSAGE', 'android.permission.INTERNET', 'android.permission.RECORD_AUDIO', 'com.google.android.c2dm.permission.RECEIVE', 'android.permission.READ_CONTACTS', 'android.permission.CALL_PHONE', 'android.permission.READ_PHONE_STATE', 'com.google.android.finsky.permission.BIND_GET_INSTALL_REFERRER_SERVICE', 'android.permission.ACCESS_NETWORK_STATE', 'android.permission.WRITE_CONTACTS', 'android.permission.READ_EXTERNAL_STORAGE']",
"perms_with_call" : "['android.permission.ACCESS_WIFI_STATE', 'android.permission.CHANGE_NETWORK_STATE', 'android.permission.CHANGE_WIFI_STATE', 'android.permission.ACCESS_COARSE_LOCATION', 'android.permission.BLUETOOTH_ADMIN', 'android.permission.BLUETOOTH', 'android.permission.ACCESS_NETWORK_STATE', 'android.permission.MODIFY_AUDIO_SETTINGS', 'android.permission.USE_FINGERPRINT', 'android.permission.GET_TASKS', 'android.permission.BROADCAST_STICKY', 'android.permission.WAKE_LOCK', 'android.permission.ACCESS_FINE_LOCATION']" 
"extra_perms" : "['android.permission.RECORD_AUDIO', 'android.permission.ACCESS_COARSE_LOCATION', 'android.permission.WRITE_EXTERNAL_STORAGE', 'android.permission.WRITE_CONTACTS', 'android.permission.SYSTEM_ALERT_WINDOW', 'android.permission.ACCESS_FINE_LOCATION']",
}