{
"name" : "Handcent Next SMS (Best texting with MMS,stickers)",
"url" : "https://play.google.com/store/apps/details?id=com.handcent.app.nextsms",
"package" : "com.handcent.app.nextsms",
"category" : "Communication",
"description" : "Handcent Next SMS 8.0 has arrived, bringing to you all kinds of new features, visual and stability improvements. The best replacement android text messaging app for your stock SMS text messenger app. The best message app on the market with free text message, message sticker. - Best SMS app with ultimate customization  - Tons of handy features to make your life easier - Group text to send messages to multiple recipient  - Cloud back-up, never worry about long texts ever again - Texting from computer   - Reliable guard to keep texts safe and secure - Wear OS support, receive and reply texts from your android wear device  Starting in 2010, Handcent is not only the pioneer but also the ultimate message customizer in all SMS messaging app: giving user great free texting experience is our top priority.    Ultimate Customization Gorgeous themes and backgrounds, everything can be changed to your liking in our texting app. Its the most popular message customizer, you can personalize text messages (free mms), bubble style, fonts, color, ringtone, LED color, vibration pattern, etc. Theme store now offers more wallpaper and bubbles for you to choose from. With new 8.0, we also more free-style font personalization with support for more areas, all new night mode, and pop-up window and etc.    Handcent Anywhere Best texting companion on computer and tablet.  With Handcent Anywhere you will be able to send text messages from your PC, Mac, or Tablet without touching your Android phone texting app. It can come in handy in office or home settings where you can simply focus on the computer screen without worrying about missing a text. Go to aw.handcent.com and start chatting.  MMS plus  Share full-size multimedia(pics, audio, video) messages with your friends. MMS plus can act as a multimedia android text messaging downloader, save the multimedia files on our cloud server. (Itll open in the browser if not installed). With 8.0 version, you will also be able to compress video.  Pop up Quick reply messages with pop up window, it can even show over lock screen. Handcent Next SMS text messenger app now has new look and functionality, try it to explore more.   Private Box Your own personal space, a totally encrypted message box that can only be opened by a unique passcode set by you. Best way to protect your privacy.  SMS Backup Never worry about losing your texts with our newest backup service. Easily restore all your messages (SMS / MMS), settings and scheduled task when you switch to a new phone or factory reset your phone.  Wear OS support Support for receiving and replying messages on all your android-based smartwatch, along with the features like quick replyvoice reply(voice to text) and so on  Search You can now search within the conversation. You can also search text messages by time, message type and etc.    SMS Blocker/Blacklisting Block all unwanted or spam SMS messages in our android text messaging app.  Scheduled Task Schedule texts to be sent at a given time. Its useful when you need to remind others or yourself at a particular time.   Emoji Have more fun with your friends in the best customizable texting app. Now even with the fun emojis and animated ones.  Plus the latest 1600+ emojis including all sorts of diversities and skin tone, also complies with the newest emoji standard in a sms messenger!  Stickers Now integrated with Giphy. You can now send the popular, trending or whatever stickers you can think of by doing a quick search. Handcent is the best sms messenger with stickers.  Sticky on top Handcent Next SMS sms messenger pins your favorite contacts on top based on your need.   Globalization Support for multiple languages to send sms messages.   Underneath theres a ton of improvements to improve the speed, stability and battery usage.   Other features include: Group Messaging Chat, Bulk SMS, text snippets and etc.  For those of you who are willing to help us translate the app, please contact us at help@handcent.com ",
"desc_perms" : "['android.permission.WRITE_EXTERNAL_STORAGE', 'android.permission.INTERNET', 'android.permission.ACCESS_WIFI_STATE', 'android.permission.SEND_SMS', 'android.permission.ACCESS_NETWORK_STATE', 'android.permission.READ_EXTERNAL_STORAGE']",
"manifest_perms" : "['com.android.launcher.permission.INSTALL_SHORTCUT', 'android.permission.GET_TASKS', 'android.permission.USE_FINGERPRINT', 'com.lge.launcher.permission.WRITE_SETTINGS', 'com.sec.android.app.twlauncher.settings.READ_SETTINGS', 'com.google.android.c2dm.permission.RECEIVE', 'com.google.android.launcher.permission.READ_SETTINGS', 'com.anddoes.launcher.permission.READ_SETTINGS', 'com.sonymobile.home.permission.PROVIDER_INSERT_BADGE', 'android.permission.RECEIVE_SMS', 'org.adwfreak.launcher.permission.WRITE_SETTINGS', 'com.tencent.qqlauncher.permission.WRITE_SETTINGS', 'com.lenovo.launcher.permission.READ_SETTINGS', 'com.handcent.app.nextsms.permission.C2D_MESSAGE', 'com.tencent.qqlauncher.permission.READ_SETTINGS', 'com.huawei.launcher2.permission.WRITE_SETTINGS', 'com.huawei.launcher3.permission.READ_SETTINGS', 'com.qihoo360.launcher.permission.READ_SETTINGS', 'com.google.android.finsky.permission.BIND_GET_INSTALL_REFERRER_SERVICE', 'com.huawei.launcher3.permission.WRITE_SETTINGS', 'android.permission.WRITE_CONTACTS', 'android.permission.FOREGROUND_SERVICE', 'android.permission.CALL_PHONE', 'org.adw.launcher_donut.permission.READ_SETTINGS', 'android.permission.RECEIVE_BOOT_COMPLETED', 'com.sonyericsson.home.permission.BROADCAST_BADGE', 'com.samsung.android.launcher.permission.READ_SETTINGS', 'android.permission.ACCESS_WIFI_STATE', 'com.android.launcher3.permission.WRITE_SETTINGS', 'telecom.mdesk.permission.WRITE_SETTINGS', 'com.samsung.android.providers.context.permission.WRITE_USE_APP_FEATURE_SURVEY', 'android.permission.READ_PHONE_STATE', 'com.huawei.android.launcher.permission.READ_SETTINGS', 'com.android.launcher.permission.WRITE_SETTINGS', 'android.permission.WRITE_EXTERNAL_STORAGE', 'dianxin.permission.ACCESS_LAUNCHER_DATA', 'android.permission.READ_CONTACTS', 'android.permission.INSTALL_DRM', 'android.permission.BROADCAST_STICKY', 'org.adwfreak.launcher.permission.READ_SETTINGS', 'com.yahoo.mobile.client.android.permissions.YAHOO_INTER_APP', 'com.android.launcher.permission.UNINSTALL_SHORTCUT', 'com.android.mylauncher.permission.WRITE_SETTINGS', 'android.permission.READ_EXTERNAL_STORAGE', 'android.permission.VIBRATE', 'android.permission.REQUEST_DELETE_PACKAGES', 'com.samsung.android.launcher.permission.WRITE_SETTINGS', 'android.permission.INTERNET', 'com.lenovo.launcher.permission.WRITE_SETTINGS', 'android.permission.CHANGE_WIFI_STATE', 'android.permission.BLUETOOTH_ADMIN', 'net.qihoo.launcher.permission.WRITE_SETTINGS', 'com.fede.launcher.permission.WRITE_SETTINGS', 'com.lge.launcher.permission.READ_SETTINGS', 'com.samsung.WATCH_APP_TYPE.Companion', 'com.anddoes.launcher.permission.WRITE_SETTINGS', 'com.google.android.launcher.permission.WRITE_SETTINGS', 'telecom.mdesk.permission.READ_SETTINGS', 'com.ebproductions.android.launcher.permission.WRITE_SETTINGS', 'android.permission.ACCESS_NETWORK_STATE', 'android.permission.CHANGE_NETWORK_STATE', 'com.huawei.android.launcher.permission.WRITE_SETTINGS', 'android.permission.RESTART_PACKAGES', 'com.android.launcher2.permission.READ_SETTINGS', 'net.qihoo.launcher.permission.READ_SETTINGS', 'com.htc.launcher.permission.UPDATE_SHORTCUT', 'android.permission.CAMERA', 'android.permission.KILL_BACKGROUND_PROCESSES', 'android.permission.SEND_SMS', 'com.htc.launcher.permission.READ_SETTINGS', 'com.qihoo360.launcher.permission.WRITE_SETTINGS', 'android.permission.DISABLE_KEYGUARD', 'android.permission.SET_WALLPAPER', 'com.huawei.android.launcher.permission.CHANGE_BADGE', 'com.sec.android.app.twlauncher.settings.WRITE_SETTINGS', 'android.permission.ACCESS_COARSE_LOCATION', 'jp.co.sharp.android.permission.GET_LIMIT_STATUS', 'android.permission.READ_SMS', 'org.adw.launcher.permission.WRITE_SETTINGS', 'android.permission.WAKE_LOCK', 'org.adw.launcher.permission.READ_SETTINGS', 'com.android.launcher.permission.READ_SETTINGS', 'com.android.launcher2.permission.WRITE_SETTINGS', 'com.htc.launcher.permission.WRITE_SETTINGS', 'android.permission.SYSTEM_OVERLAY_WINDOW', 'com.samsung.accessory.permission.ACCESSORY_FRAMEWORK', 'android.permission.RECEIVE_MMS', 'com.huawei.launcher2.permission.READ_SETTINGS', 'com.android.vending.BILLING', 'com.oppo.launcher.permission.WRITE_SETTINGS', 'android.permission.BLUETOOTH', 'android.permission.SYSTEM_ALERT_WINDOW', 'org.adw.launcher_donut.permission.WRITE_SETTINGS', 'android.permission.WRITE_SMS', 'com.oppo.launcher.permission.READ_SETTINGS', 'com.fede.launcher.permission.READ_SETTINGS', 'android.permission.RECORD_AUDIO', 'com.ebproductions.android.launcher.permission.READ_SETTINGS', 'android.permission.READ_SETTINGS', 'com.android.launcher3.permission.READ_SETTINGS', 'android.permission.ACCESS_FINE_LOCATION', 'com.android.mylauncher.permission.READ_SETTINGS']",
"perms_with_call" : "['android.permission.WAKE_LOCK', 'android.permission.BROADCAST_STICKY', 'android.permission.GET_TASKS', 'android.permission.USE_FINGERPRINT', 'android.permission.KILL_BACKGROUND_PROCESSES', 'android.permission.CHANGE_WIFI_STATE', 'android.permission.RECEIVE_MMS', 'android.permission.ACCESS_WIFI_STATE', 'android.permission.ACCESS_COARSE_LOCATION', 'android.permission.BLUETOOTH', 'android.permission.CHANGE_NETWORK_STATE', 'android.permission.DISABLE_KEYGUARD', 'android.permission.SEND_SMS', 'android.permission.ACCESS_NETWORK_STATE', 'android.permission.READ_EXTERNAL_STORAGE', 'android.permission.MODIFY_AUDIO_SETTINGS', 'android.permission.ACCESS_FINE_LOCATION']" 
"extra_perms" : "['com.lge.launcher.permission.READ_SETTINGS', 'com.samsung.WATCH_APP_TYPE.Companion', 'com.anddoes.launcher.permission.WRITE_SETTINGS', 'com.lge.launcher.permission.WRITE_SETTINGS', 'com.google.android.launcher.permission.WRITE_SETTINGS', 'com.sec.android.app.twlauncher.settings.READ_SETTINGS', 'telecom.mdesk.permission.READ_SETTINGS', 'com.ebproductions.android.launcher.permission.WRITE_SETTINGS', 'com.google.android.launcher.permission.READ_SETTINGS', 'com.anddoes.launcher.permission.READ_SETTINGS', 'android.permission.RECEIVE_SMS', 'org.adwfreak.launcher.permission.WRITE_SETTINGS', 'com.tencent.qqlauncher.permission.WRITE_SETTINGS', 'android.permission.RESTART_PACKAGES', 'com.android.launcher2.permission.READ_SETTINGS', 'net.qihoo.launcher.permission.READ_SETTINGS', 'com.lenovo.launcher.permission.READ_SETTINGS', 'com.tencent.qqlauncher.permission.READ_SETTINGS', 'com.huawei.launcher2.permission.WRITE_SETTINGS', 'android.permission.CAMERA', 'com.huawei.launcher3.permission.READ_SETTINGS', 'android.permission.KILL_BACKGROUND_PROCESSES', 'com.qihoo360.launcher.permission.READ_SETTINGS', 'com.huawei.launcher3.permission.WRITE_SETTINGS', 'android.permission.WRITE_CONTACTS', 'android.permission.CALL_PHONE', 'com.qihoo360.launcher.permission.WRITE_SETTINGS', 'org.adw.launcher_donut.permission.READ_SETTINGS', 'android.permission.DISABLE_KEYGUARD', 'com.samsung.android.launcher.permission.READ_SETTINGS', 'com.sec.android.app.twlauncher.settings.WRITE_SETTINGS', 'telecom.mdesk.permission.WRITE_SETTINGS', 'android.permission.ACCESS_COARSE_LOCATION', 'com.android.launcher3.permission.WRITE_SETTINGS', 'com.samsung.android.providers.context.permission.WRITE_USE_APP_FEATURE_SURVEY', 'jp.co.sharp.android.permission.GET_LIMIT_STATUS', 'android.permission.READ_SMS', 'android.permission.READ_PHONE_STATE', 'org.adw.launcher.permission.WRITE_SETTINGS', 'com.android.launcher2.permission.WRITE_SETTINGS', 'org.adw.launcher.permission.READ_SETTINGS', 'com.htc.launcher.permission.WRITE_SETTINGS', 'com.android.launcher.permission.WRITE_SETTINGS', 'com.android.launcher.permission.READ_SETTINGS', 'dianxin.permission.ACCESS_LAUNCHER_DATA', 'android.permission.SYSTEM_OVERLAY_WINDOW', 'com.fede.launcher.permission.WRITE_SETTINGS', 'com.samsung.accessory.permission.ACCESSORY_FRAMEWORK', 'android.permission.READ_CONTACTS', 'android.permission.RECEIVE_MMS', 'com.huawei.launcher2.permission.READ_SETTINGS', 'android.permission.INSTALL_DRM', 'com.android.vending.BILLING', 'org.adwfreak.launcher.permission.READ_SETTINGS', 'com.yahoo.mobile.client.android.permissions.YAHOO_INTER_APP', 'android.permission.SYSTEM_ALERT_WINDOW', 'com.android.mylauncher.permission.WRITE_SETTINGS', 'android.permission.MODIFY_AUDIO_SETTINGS', 'org.adw.launcher_donut.permission.WRITE_SETTINGS', 'android.permission.WRITE_SMS', 'android.permission.REQUEST_DELETE_PACKAGES', 'com.fede.launcher.permission.READ_SETTINGS', 'android.permission.RECORD_AUDIO', 'com.samsung.android.launcher.permission.WRITE_SETTINGS', 'com.lenovo.launcher.permission.WRITE_SETTINGS', 'com.ebproductions.android.launcher.permission.READ_SETTINGS', 'net.qihoo.launcher.permission.WRITE_SETTINGS', 'android.permission.READ_SETTINGS', 'com.android.launcher3.permission.READ_SETTINGS', 'android.permission.ACCESS_FINE_LOCATION', 'com.android.mylauncher.permission.READ_SETTINGS']",
}