{
"name" : "Goswami Telephone Directory",
"url" : "https://play.google.com/store/apps/details?id=com.Skyzonegroup.goswamitelephonederectory",
"package" : "com.Skyzonegroup.goswamitelephonederectory",
"category" : "Communication",
"description" : "Directory of Contact Numbers for the Peoples of Goswami . were Peoples of Goswami can Add their Numbers and Find Numbers of Other Peoples.  We have Tried to Get Peoples of Goswami Each Other and Make them help full to Each-Other.  - Added City of Gujarat Now.. - User Can Search and Find and Get Contact Details From Different City. - User Can Add Their Numbers by Using Add Number Form. - More Features are Coming Soon. ",
"desc_perms" : "['android.permission.ACCESS_COURSE_LOCATION', 'android.permission.INTERNET', 'android.permission.READ_EXTERNAL_STORAGE', 'android.permission.ACCESS_NETWORK_STATE']",
"manifest_perms" : "['android.permission.RECEIVE_BOOT_COMPLETED', 'com.huawei.android.launcher.permission.CHANGE_BADGE', 'com.sec.android.provider.badge.permission.READ', 'com.oppo.launcher.permission.READ_SETTINGS', 'com.huawei.android.launcher.permission.WRITE_SETTINGS', 'android.permission.VIBRATE', 'android.permission.WRITE_EXTERNAL_STORAGE', 'android.permission.ACCESS_WIFI_STATE', 'com.sonymobile.home.permission.PROVIDER_INSERT_BADGE', 'android.permission.READ_APP_BADGE', 'com.majeur.launcher.permission.UPDATE_BADGE', 'com.htc.launcher.permission.UPDATE_SHORTCUT', 'com.huawei.android.launcher.permission.READ_SETTINGS', 'android.permission.WAKE_LOCK', 'android.permission.INTERNET', 'com.Skyzonegroup.goswamitelephonederectory.permission.C2D_MESSAGE', 'com.sec.android.provider.badge.permission.WRITE', 'com.htc.launcher.permission.READ_SETTINGS', 'me.everything.badger.permission.BADGE_COUNT_READ', 'android.permission.GET_TASKS', 'com.sonyericsson.home.permission.BROADCAST_BADGE', 'com.google.android.c2dm.permission.RECEIVE', 'com.anddoes.launcher.permission.UPDATE_COUNT', 'android.permission.CALL_PHONE', 'com.google.android.finsky.permission.BIND_GET_INSTALL_REFERRER_SERVICE', 'me.everything.badger.permission.BADGE_COUNT_WRITE', 'android.permission.ACCESS_NETWORK_STATE', 'android.permission.READ_EXTERNAL_STORAGE', 'com.oppo.launcher.permission.WRITE_SETTINGS']",
"perms_with_call" : "['android.permission.ACCESS_COARSE_LOCATION', 'android.permission.BLUETOOTH', 'android.permission.ACCESS_NETWORK_STATE', 'android.permission.USE_FINGERPRINT', 'android.permission.GET_TASKS', 'android.permission.BROADCAST_STICKY', 'android.permission.WAKE_LOCK', 'android.permission.ACCESS_FINE_LOCATION']" 
"extra_perms" : "['android.permission.ACCESS_WIFI_STATE', 'android.permission.ACCESS_COARSE_LOCATION', 'android.permission.WRITE_EXTERNAL_STORAGE', 'android.permission.CALL_PHONE', 'android.permission.ACCESS_FINE_LOCATION']",
}