{
"name" : "OTO Global International Calls",
"url" : "https://play.google.com/store/apps/details?id=com.openvacs.android.otog",
"package" : "com.openvacs.android.otog",
"category" : "Communication",
"description" : "OTO Global is your ultimate app for communication with friends and family!  Highest quality international calls at the lowest rates, unlimited free calls to OTO users,  purchasing real phone numbers with OTO Number service  and multimedia messenger are just some of many features you can enjoy with OTO Global app.   Key features:  1) OTO international calls Over 10 million people are already using OTO to make the crystal clear quality international calls at the lowest rates.   2) Free calls to OTO users Enjoy completely free high quality unlimited calls to OTO users anywhere in the world using your WiFi or data connection.    3) OTO Messenger OTO messenger lets you send text, voice, photo and video messages, share your location and much more. Enjoy communicating with your friends and family with OTO messenger.   Contact us Do not hesitate to contact us with any inquiries or suggestions. We are always happy to hear from you.  Message Board -> More > Question and Answer Facebook: www.facebook.com/otoglobal.en Homepage: www.otocall.com Customer Service Center: +82 2 1600 0546 ",
"desc_perms" : "['android.permission.CALL_PHONE', 'android.permission.INTERNET', 'android.permission.ACCESS_WIFI_STATE', 'android.permission.SEND_SMS', 'android.permission.CAMERA', 'android.permission.ACCESS_NETWORK_STATE', 'android.permission.READ_EXTERNAL_STORAGE', 'android.permission.READ_PHONE_STATE', 'android.permission.MODIFY_AUDIO_SETTINGS', 'android.permission.ACCESS_FINE_LOCATION']",
"manifest_perms" : "['android.permission.GET_TASKS', 'android.permission.GET_ACCOUNTS', 'android.permission.MODIFY_PHONE_STATE', 'android.permission.ACCESS_WIFI_STATE', 'android.permission.UPDATE_DEVICE_STATS', 'android.permission.ACCESS_COARSE_LOCATION', 'com.google.android.c2dm.permission.RECEIVE', 'com.openvacs.android.otog.permission.MAPS_RECEIVE', 'android.permission.CHANGE_NETWORK_STATE', 'android.permission.ACCESS_NETWORK_STATE', 'android.permission.READ_PHONE_STATE', 'android.permission.WAKE_LOCK', 'android.permission.WRITE_EXTERNAL_STORAGE', 'android.permission.READ_CONTACTS', 'com.google.android.providers.gsf.permission.READ_GSERVICES', 'android.permission.CAMERA', 'android.permission.REQUEST_IGNORE_BATTERY_OPTIMIZATIONS', 'com.google.android.finsky.permission.BIND_GET_INSTALL_REFERRER_SERVICE', 'android.permission.CALL_PRIVILEGED', 'com.openvacs.android.otog.permission.MIPUSH_RECEIVE', 'android.permission.BLUETOOTH', 'android.permission.SYSTEM_ALERT_WINDOW', 'android.permission.READ_EXTERNAL_STORAGE', 'android.permission.MODIFY_AUDIO_SETTINGS', 'android.permission.VIBRATE', 'android.permission.FOREGROUND_SERVICE', 'android.permission.CALL_PHONE', 'android.permission.RECORD_AUDIO', 'android.permission.INTERNET', 'android.permission.CHANGE_WIFI_STATE', 'android.permission.RECEIVE_BOOT_COMPLETED', 'android.permission.USE_CREDENTIALS', 'android.permission.ACCESS_FINE_LOCATION']",
"perms_with_call" : "['android.permission.WAKE_LOCK', 'android.permission.GET_TASKS', 'android.permission.USE_FINGERPRINT', 'android.permission.BLUETOOTH_ADMIN', 'android.permission.CHANGE_WIFI_STATE', 'android.permission.ACCESS_WIFI_STATE', 'android.permission.ACCESS_COARSE_LOCATION', 'android.permission.BLUETOOTH', 'android.permission.MODIFY_AUDIO_SETTINGS', 'android.permission.ACCESS_NETWORK_STATE', 'android.permission.READ_PHONE_STATE', 'android.permission.BROADCAST_STICKY', 'android.permission.ACCESS_FINE_LOCATION']" 
"extra_perms" : "['android.permission.RECORD_AUDIO', 'android.permission.WRITE_EXTERNAL_STORAGE', 'android.permission.REQUEST_IGNORE_BATTERY_OPTIMIZATIONS', 'android.permission.GET_ACCOUNTS', 'com.openvacs.android.otog.permission.MIPUSH_RECEIVE', 'android.permission.CALL_PRIVILEGED', 'android.permission.MODIFY_PHONE_STATE', 'android.permission.UPDATE_DEVICE_STATS', 'android.permission.ACCESS_COARSE_LOCATION', 'android.permission.READ_CONTACTS', 'android.permission.SYSTEM_ALERT_WINDOW', 'com.openvacs.android.otog.permission.MAPS_RECEIVE']",
}