{
"name" : "Voxbi Pro",
"url" : "https://play.google.com/store/apps/details?id=com.voxbiodio.calls",
"package" : "com.voxbiodio.calls",
"category" : "Communication",
"description" : "Voxbi is a Mobile VoIP dialer application that allows to make VoIP calls from any of the Android devices and it uses 3G/Edge/Wi-Fi Internet connectivity.It is developed based on the requirements of VoIP Providers business needs   Features :- Voxbi uses SIP protocol based for signalling. Supports G729 codec. Runs Behind NAT or private IP. User Friendly Interface. ",
"desc_perms" : "['android.permission.READ_PHONE_STATE', 'android.permission.ACCESS_WIFI_STATE', 'android.permission.MODIFY_AUDIO_SETTINGS', 'android.permission.CALL_PHONE', 'android.permission.ACCESS_NETWORK_STATE', 'android.permission.INTERNET']",
"manifest_perms" : "['android.permission.KILL_BACKGROUND_PROCESSES', 'android.permission.WRITE_EXTERNAL_STORAGE', 'android.permission.RECEIVE_BOOT_COMPLETED', 'android.permission.BROADCAST_STICKY', 'com.voxbiodio.calls.permission.C2D_MESSAGE', 'android.permission.CHANGE_WIFI_MULTICAST_STATE', 'android.permission.RECORD_AUDIO', 'android.permission.GET_ACCOUNTS', 'android.permission.CALL_PHONE', 'android.permission.WRITE_CONTACTS', 'android.permission.WAKE_LOCK', 'android.permission.MODIFY_AUDIO_SETTINGS', 'android.permission.AUTHENTICATE_ACCOUNTS', 'android.permission.READ_LOGS', 'android.permission.GET_TASKS', 'com.android.vending.BILLING', 'android.permission.ACCESS_NETWORK_STATE', 'android.permission.READ_CONTACTS', 'android.permission.READ_EXTERNAL_STORAGE', 'android.permission.BLUETOOTH_ADMIN', 'com.google.android.c2dm.permission.RECEIVE', 'android.permission.BLUETOOTH', 'android.permission.INTERNET', 'android.permission.READ_PHONE_STATE', 'android.permission.ACCESS_WIFI_STATE', 'android.permission.READ_SYNC_SETTINGS', 'android.permission.WRITE_SYNC_SETTINGS']",
"perms_with_call" : "['android.permission.ACCESS_COARSE_LOCATION', 'android.permission.ACCESS_FINE_LOCATION', 'android.permission.BROADCAST_STICKY', 'android.permission.WAKE_LOCK', 'android.permission.MODIFY_AUDIO_SETTINGS', 'android.permission.GET_TASKS', 'android.permission.ACCESS_NETWORK_STATE', 'android.permission.BLUETOOTH']" 
"extra_perms" : "['android.permission.KILL_BACKGROUND_PROCESSES', 'android.permission.ACCESS_COARSE_LOCATION', 'android.permission.ACCESS_FINE_LOCATION', 'android.permission.WRITE_EXTERNAL_STORAGE', 'android.permission.READ_CONTACTS', 'android.permission.READ_EXTERNAL_STORAGE', 'android.permission.RECORD_AUDIO', 'android.permission.GET_ACCOUNTS', 'android.permission.READ_LOGS', 'com.android.vending.BILLING', 'android.permission.WRITE_CONTACTS']",
}