{
"name" : "Speak Who is Calling - read notifications aloud",
"url" : "https://play.google.com/store/apps/details?id=com.kapron.ap.callannounce",
"package" : "com.kapron.ap.callannounce",
"category" : "Communication",
"description" : "Speaks who is calling when your phone rings, reads aloud incoming text messages and notifications from any application you select, email client, your favourite communicator, chat, news or reminder app.  Listen to notifications, find out who is calling or texting without looking at the phone screen. Compose your own talking ringtones by adding text to be read before and after the caller name or message sender name.  You can easily configure the application to speak only when headphones are connected or at selected times of day, set the voice speed and the speech tone. It works without internet connection.  The application is compatible with Google tts engine, so you have an easy access to high quality, natural male and female voices in over 40 languages: Bangla (Bangladesh), Bangla (India), Cantonese (Hong Kong), Czech, Danish, Dutch, English (Australia), English (India), English (United Kingdom), English (United States), Estonian, Filipino, Finnish, French (Canadian), French (France), German, Greek, Hindi, Hungarian, Indonesian, Italian, Japanese, Javanese, Khmer, Korean, Mandarin (China), Mandarin (Taiwan), Nepali, Norwegian, Polish, Portuguese (Brazil), Romanian, Russian, Sinhala, Slovak, Spanish (Spain), Spanish (United States), Sundanese, Swedish, Thai, Turkish, Ukrainian and Vietnamese. ",
"desc_perms" : "['android.permission.CALL_PHONE', 'android.permission.READ_PHONE_STATE']",
"manifest_perms" : "['oppo.permission.OPPO_COMPONENT_SAFE', 'android.permission.INTERNET', 'com.huawei.permission.external_app_settings.USE_COMPONENT', 'android.permission.RECEIVE_BOOT_COMPLETED', 'android.permission.READ_CONTACTS', 'android.permission.ACCESS_WIFI_STATE', 'com.huawei.systemmanager.permission.ACCESS_INTERFACE', 'android.permission.ACCESS_NETWORK_STATE', 'android.permission.READ_PHONE_STATE', 'android.permission.FOREGROUND_SERVICE', 'android.permission.WAKE_LOCK']",
"perms_with_call" : "['android.permission.WAKE_LOCK', 'android.permission.GET_TASKS', 'android.permission.ACCESS_COARSE_LOCATION', 'android.permission.ACCESS_NETWORK_STATE', 'android.permission.BROADCAST_STICKY', 'android.permission.ACCESS_FINE_LOCATION']" 
"extra_perms" : "['oppo.permission.OPPO_COMPONENT_SAFE', 'android.permission.INTERNET', 'com.huawei.permission.external_app_settings.USE_COMPONENT', 'android.permission.READ_CONTACTS', 'android.permission.ACCESS_COARSE_LOCATION', 'android.permission.ACCESS_WIFI_STATE', 'com.huawei.systemmanager.permission.ACCESS_INTERFACE', 'android.permission.ACCESS_NETWORK_STATE', 'android.permission.ACCESS_FINE_LOCATION']",
}