{
"name" : "eTopUpOnline: Mobile Recharge",
"url" : "https://play.google.com/store/apps/details?id=com.etopuponline",
"package" : "com.etopuponline",
"category" : "Communication",
"description" : "Get best value for money with the eTopUpOnline App! You can topup your own mobile phone or send recharge (load) to the phones of mobile operators across the world.   No Processing Fees A distinguishing feature of the etopuponline App is the absence of hidden charges and processing fees. This makes eTopUpOnline the best value for money topup application. We have multiple payment options including Visa, Master & Amex cards and also PayPal.  Earn Reward Points With every topup transaction, you will earn loyalty points which can subsequently be redeemed for bonus topup.  Other Features Easy Registration  Quickly sign in with email, Facebook or Google logins Auto TopUp  Set up a recurring topup for hassle-free periodic transactions Single Login  Use the same account and credentials as on the eTopUpOnline website  Our App allows you to send load or topup to more than 300 carriers in over 100 countries.  Its as easy as 1,2,3 Enter the phone number Select the Amount Hit pay and send ",
"desc_perms" : "['com.android.vending.BILLING', 'android.permission.INTERNET', 'android.permission.ACCESS_WIFI_STATE', 'android.permission.ACCESS_NETWORK_STATE']",
"manifest_perms" : "['android.permission.FOREGROUND_SERVICE', 'com.huawei.android.launcher.permission.CHANGE_BADGE', 'android.permission.LOCATION_HARDWARE', 'android.permission.ACCESS_FINE_LOCATION', 'android.permission.BLUETOOTH', 'android.permission.RECEIVE_BOOT_COMPLETED', 'com.oppo.launcher.permission.WRITE_SETTINGS', 'com.google.android.finsky.permission.BIND_GET_INSTALL_REFERRER_SERVICE', 'com.etopuponline.permission.C2D_MESSAGE', 'com.htc.launcher.permission.UPDATE_SHORTCUT', 'android.permission.WRITE_EXTERNAL_STORAGE', 'com.majeur.launcher.permission.UPDATE_BADGE', 'com.huawei.android.launcher.permission.READ_SETTINGS', 'com.anddoes.launcher.permission.UPDATE_COUNT', 'com.sonyericsson.home.permission.BROADCAST_BADGE', 'android.permission.VIBRATE', 'android.permission.ACCESS_WIFI_STATE', 'com.google.android.c2dm.permission.RECEIVE', 'me.everything.badger.permission.BADGE_COUNT_READ', 'com.huawei.android.launcher.permission.WRITE_SETTINGS', 'android.permission.BATTERY_STATS', 'android.permission.WAKE_LOCK', 'com.sonymobile.home.permission.PROVIDER_INSERT_BADGE', 'android.permission.CAMERA', 'android.permission.INTERNET', 'android.permission.READ_APP_BADGE', 'android.permission.READ_PHONE_STATE', 'com.sec.android.provider.badge.permission.READ', 'com.sec.android.provider.badge.permission.WRITE', 'android.permission.READ_CONTACTS', 'android.permission.READ_EXTERNAL_STORAGE', 'me.everything.badger.permission.BADGE_COUNT_WRITE', 'android.permission.ACCESS_COARSE_LOCATION', 'com.htc.launcher.permission.READ_SETTINGS', 'android.permission.NETWORK_STATE', 'android.permission.ACCESS_NETWORK_STATE', 'com.oppo.launcher.permission.READ_SETTINGS', 'android.permission.SYSTEM_ALERT_WINDOW']",
"perms_with_call" : "['android.permission.BROADCAST_STICKY', 'android.permission.BLUETOOTH_ADMIN', 'android.permission.ACCESS_COARSE_LOCATION', 'android.permission.ACCESS_FINE_LOCATION', 'android.permission.GET_TASKS', 'android.permission.BLUETOOTH', 'android.permission.WAKE_LOCK', 'android.permission.USE_FINGERPRINT', 'android.permission.ACCESS_NETWORK_STATE', 'android.permission.ACCESS_WIFI_STATE', 'android.permission.CHANGE_WIFI_STATE']" 
"extra_perms" : "['android.permission.READ_CONTACTS', 'android.permission.READ_EXTERNAL_STORAGE', 'android.permission.ACCESS_COARSE_LOCATION', 'android.permission.WRITE_EXTERNAL_STORAGE', 'android.permission.BATTERY_STATS', 'android.permission.ACCESS_FINE_LOCATION', 'android.permission.NETWORK_STATE', 'android.permission.LOCATION_HARDWARE', 'android.permission.CAMERA', 'android.permission.SYSTEM_ALERT_WINDOW', 'android.permission.READ_PHONE_STATE']",
}