{
"name" : "Zoho Cliq - Team Communication & Collaboration App",
"url" : "https://play.google.com/store/apps/details?id=com.zoho.chat",
"package" : "com.zoho.chat",
"category" : "Communication",
"description" : "Real time messaging app enables communication across teams. Improve business productivity at your workplace.  Cliq is designed to get the work done on time and optimize your resources with this all-in-one business communication tool thats more than just chat. Be it Small or Medium Businessess and an enterprise, Zoho Cliq enable business collaboration and automation through integration, bots and commands.   With Android Auto, make voice calls and share your location.Also, video communication made easy from anywhere, as Cliq is available on both mobile and desktop version.   Also, Zoho Cliq comes with Android Wear support, in turn enable one to Send and receive messages faster  Now Cliq to: Communicate with an individual or a group (channel) via chat / audio / video Not just a team communication but also communicating with members outside your organization be it clients/ vendors and more Set custom reminders in-chat for messages and get in action on time Organize your conversation- with star notes Stay updated on your business through Bots - Connect with third party applications including but not limited to Google Drive, Mailchimp, Zoho CRM, Jira, Github, and Salesforce with our extensible platform Perform tasks faster and easier, using slash commands right from your chat window Automate tasks using Schedulers to perform timely actions Plan and manage events easily - Zia, our AI driven event manager handles your events (from creating a group chat with all event participants till prompting to share the minutes of meeting)    If you have any questions, please reach out to us at support@zohocliq.com ",
"desc_perms" : "['android.permission.WRITE_EXTERNAL_STORAGE', 'android.permission.READ_EXTERNAL_STORAGE', 'android.permission.READ_PHONE_STATE', 'android.permission.ACCESS_WIFI_STATE', 'android.permission.MODIFY_AUDIO_SETTINGS', 'android.permission.RECORD_AUDIO', 'android.permission.CAMERA', 'android.permission.CALL_PHONE', 'android.permission.ACCESS_NETWORK_STATE', 'android.permission.INTERNET']",
"manifest_perms" : "['android.permission.WRITE_EXTERNAL_STORAGE', 'android.permission.ACCESS_COARSE_LOCATION', 'android.permission.ACCESS_FINE_LOCATION', 'android.permission.RECEIVE_BOOT_COMPLETED', 'android.permission.REQUEST_INSTALL_PACKAGES', 'com.zoho.chat.permission.MAPS_RECEIVE', 'android.permission.RECORD_AUDIO', 'android.permission.SYSTEM_ALERT_WINDOW', 'android.permission.GET_ACCOUNTS', 'android.permission.CALL_PHONE', 'android.permission.WRITE_CONTACTS', 'android.permission.READ_CALENDAR', 'android.permission.FOREGROUND_SERVICE', 'android.permission.ACCESS_LOCATION', 'android.permission.ACTION_MANAGE_OVERLAY_PERMISSION', 'android.permission.WAKE_LOCK', 'com.google.android.providers.gsf.permission.READ_GSERVICES', 'android.permission.MODIFY_AUDIO_SETTINGS', 'android.permission.AUTHENTICATE_ACCOUNTS', 'android.permission.USE_CREDENTIALS', 'android.permission.ACCESS_NETWORK_STATE', 'android.permission.READ_CONTACTS', 'android.permission.READ_EXTERNAL_STORAGE', 'android.permission.BLUETOOTH_ADMIN', 'com.google.android.c2dm.permission.RECEIVE', 'android.permission.USE_BIOMETRIC', 'android.permission.USE_FINGERPRINT', 'android.permission.ACCESS_GPS', 'android.permission.CAMERA', 'com.google.android.finsky.permission.BIND_GET_INSTALL_REFERRER_SERVICE', 'android.permission.INTERNET', 'android.permission.BLUETOOTH', 'android.permission.WRITE_CALENDAR', 'android.permission.READ_PHONE_STATE', 'android.permission.PREVENT_POWER_KEY', 'android.permission.USE_FULL_SCREEN_INTENT', 'android.permission.INTERNAL_SYSTEM_WINDOW', 'android.hardware.sensor.proximity', 'android.permission.VIBRATE']",
"perms_with_call" : "['android.permission.ACCESS_COARSE_LOCATION', 'android.permission.ACCESS_FINE_LOCATION', 'android.permission.BROADCAST_STICKY', 'android.permission.READ_PHONE_STATE', 'android.permission.CHANGE_NETWORK_STATE', 'android.permission.ACCESS_WIFI_STATE', 'android.permission.WAKE_LOCK', 'android.permission.USE_FINGERPRINT', 'android.permission.MODIFY_AUDIO_SETTINGS', 'android.permission.GET_TASKS', 'android.permission.ACCESS_NETWORK_STATE', 'android.permission.BLUETOOTH']" 
"extra_perms" : "['android.permission.READ_CONTACTS', 'android.permission.ACCESS_COARSE_LOCATION', 'android.permission.ACCESS_FINE_LOCATION', 'com.zoho.chat.permission.MAPS_RECEIVE', 'android.permission.SYSTEM_ALERT_WINDOW', 'android.permission.GET_ACCOUNTS', 'android.permission.ACCESS_GPS', 'android.permission.WRITE_CONTACTS', 'android.permission.READ_CALENDAR', 'android.permission.WRITE_CALENDAR', 'android.permission.ACCESS_LOCATION', 'android.permission.ACTION_MANAGE_OVERLAY_PERMISSION', 'android.permission.ACCESS_WIFI_STATE', 'android.permission.PREVENT_POWER_KEY', 'android.permission.USE_FULL_SCREEN_INTENT', 'android.permission.INTERNAL_SYSTEM_WINDOW', 'android.hardware.sensor.proximity']",
}