{
"name" : "Remote Instructor",
"url" : "https://play.google.com/store/apps/details?id=com.doka.remoteinstructor",
"package" : "com.doka.remoteinstructor",
"category" : "Communication",
"description" : "Powerful video-collaboration software for remote support when difficulties arise on jobsites  Remote Instructor establishes an end-to-end link between the person on the site and a remote expert and was developed specifically for the construction industry. When used with Realwears head-mounted tablet, which is compatible with the Remote Instructor software, the result is a combination of robustness and software intelligence well able to deal with the challenges of construction.  Benefits: - Compatible with the terminal device of your choice (smartphone, tablet, PC, head-mounted tablet) and available for the mainstream operating systems Android, iOS, Windows - In combination with head-mounted tablet as handsfree solution, ideal for use on construction sites  - Live drawing in the users field of vision; difficulties are explained as if the expert were standing right beside the worker - Live desktop sharing, so even remote content can be accessed - Zoom functionality for focusing on details - Cost savings because of fewer stoppages and faster access to support - Documentation of the phone calls and the solutions to the problems ",
"desc_perms" : "['android.permission.CALL_PHONE', 'android.permission.MODIFY_AUDIO_SETTINGS', 'android.permission.READ_PHONE_STATE']",
"manifest_perms" : "['com.huawei.android.launcher.permission.CHANGE_BADGE', 'android.permission.BLUETOOTH', 'android.permission.MODIFY_AUDIO_SETTINGS', 'com.oppo.launcher.permission.WRITE_SETTINGS', 'android.permission.MANAGE_OWN_CALLS', 'android.permission.BIND_TELECOM_CONNECTION_SERVICE', 'com.htc.launcher.permission.UPDATE_SHORTCUT', 'android.permission.WRITE_EXTERNAL_STORAGE', 'com.majeur.launcher.permission.UPDATE_BADGE', 'com.huawei.android.launcher.permission.READ_SETTINGS', 'android.permission.RECORD_AUDIO', 'com.sonyericsson.home.permission.BROADCAST_BADGE', 'android.permission.VIBRATE', 'android.permission.ACCESS_WIFI_STATE', 'com.doka.remoteinstructor.permission.C2D_MESSAGE', 'android.permission.CAPTURE_VIDEO_OUTPUT', 'me.everything.badger.permission.BADGE_COUNT_READ', 'com.google.android.c2dm.permission.RECEIVE', 'android.permission.CALL_PHONE', 'com.huawei.android.launcher.permission.WRITE_SETTINGS', 'android.permission.CAPTURE_AUDIO_OUTPUT', 'android.permission.WAKE_LOCK', 'com.sonymobile.home.permission.PROVIDER_INSERT_BADGE', 'android.permission.CAMERA2', 'android.permission.CAMERA', 'android.permission.INTERNET', 'android.permission.READ_APP_BADGE', 'com.sec.android.provider.badge.permission.READ', 'com.sec.android.provider.badge.permission.WRITE', 'android.permission.READ_EXTERNAL_STORAGE', 'me.everything.badger.permission.BADGE_COUNT_WRITE', 'com.htc.launcher.permission.READ_SETTINGS', 'android.permission.ACCESS_NETWORK_STATE', 'com.oppo.launcher.permission.READ_SETTINGS', 'com.anddoes.launcher.permission.UPDATE_COUNT']",
"perms_with_call" : "['android.permission.BROADCAST_STICKY', 'android.permission.ACCESS_COARSE_LOCATION', 'android.permission.ACCESS_FINE_LOCATION', 'android.permission.GET_TASKS', 'android.permission.WAKE_LOCK', 'android.permission.BLUETOOTH', 'android.permission.MODIFY_AUDIO_SETTINGS', 'android.permission.USE_FINGERPRINT', 'android.permission.ACCESS_NETWORK_STATE']" 
"extra_perms" : "['android.permission.BIND_TELECOM_CONNECTION_SERVICE', 'android.permission.READ_EXTERNAL_STORAGE', 'android.permission.ACCESS_COARSE_LOCATION', 'android.permission.WRITE_EXTERNAL_STORAGE', 'android.permission.CAPTURE_AUDIO_OUTPUT', 'android.permission.ACCESS_FINE_LOCATION', 'android.permission.RECORD_AUDIO', 'android.permission.CAMERA2', 'android.permission.INTERNET', 'android.permission.ACCESS_NETWORK_STATE', 'android.permission.CAMERA', 'android.permission.MANAGE_OWN_CALLS', 'android.permission.ACCESS_WIFI_STATE', 'android.permission.CAPTURE_VIDEO_OUTPUT']",
}