{
"name" : "symfoplus",
"url" : "https://play.google.com/store/apps/details?id=com.revesoft.mobiledialer.symfotel.symfoplus",
"package" : "com.revesoft.mobiledialer.symfotel.symfoplus",
"category" : "Communication",
"description" : "symfoplus is the leading mobile VoIP app used by expats around the world! symfoplus is a mobile application that lets you make affordable, high-quality VoIP calls from your Android phone. Its the most user friendly and high-quality international phone application available for calling India, Pakistan, Bangladesh, Nepal, Sri Lanka, and anywhere else in the world!Simply use your existing symfoplus account or contact a local reseller or agent today to get one. Benefits:- Free to download Crystal clear quality Send SMS to anyone Talk to other symfoplus users directly Works anywhere in the worldFeatures Connects to Internet using Wifi, GPRS, EDGE or UMNTS Select regular contacts from your Android contact list Provides detailed call information Recharge your account direct from your phone Customize your caller IDFor more information check us out at https://www.symfoplus.com ",
"desc_perms" : "['android.permission.INTERNET', 'android.permission.READ_PHONE_STATE', 'android.permission.ACCESS_NETWORK_STATE', 'android.permission.READ_CONTACTS', 'android.permission.CALL_PHONE']",
"manifest_perms" : "['android.permission.RECEIVE_BOOT_COMPLETED', 'android.permission.CAMERA', 'android.permission.VIBRATE', 'android.permission.BLUETOOTH', 'android.permission.MODIFY_AUDIO_SETTINGS', 'android.permission.AUTHENTICATE_ACCOUNTS', 'android.permission.READ_SYNC_SETTINGS', 'android.permission.WRITE_EXTERNAL_STORAGE', 'android.permission.READ_PROFILE', 'android.permission.ACCESS_WIFI_STATE', 'android.permission.WRITE_SYNC_SETTINGS', 'android.permission.BROADCAST_STICKY', 'android.permission.WAKE_LOCK', 'android.permission.SYSTEM_ALERT_WINDOW', 'android.permission.INTERNET', 'android.permission.RECORD_AUDIO', 'android.permission.BLUETOOTH_ADMIN', 'com.google.android.c2dm.permission.RECEIVE', 'com.revesoft.mobiledialer.symfotel.symfoplus.permission.C2D_MESSAGE', 'android.permission.READ_CONTACTS', 'android.permission.CALL_PHONE', 'android.permission.READ_PHONE_STATE', 'android.permission.MANAGE_ACCOUNTS', 'android.permission.DISABLE_KEYGUARD', 'android.permission.ACCESS_NETWORK_STATE', 'android.permission.GET_ACCOUNTS', 'android.permission.WRITE_CONTACTS', 'android.permission.READ_EXTERNAL_STORAGE']",
"perms_with_call" : "['android.permission.READ_EXTERNAL_STORAGE', 'android.permission.READ_PHONE_STATE', 'android.permission.ACCESS_WIFI_STATE', 'android.permission.SEND_SMS', 'android.permission.DISABLE_KEYGUARD', 'android.permission.ACCESS_COARSE_LOCATION', 'android.permission.BLUETOOTH', 'android.permission.ACCESS_NETWORK_STATE', 'android.permission.MODIFY_AUDIO_SETTINGS', 'android.permission.GET_TASKS', 'android.permission.BROADCAST_STICKY', 'android.permission.WAKE_LOCK', 'android.permission.ACCESS_FINE_LOCATION']" 
"extra_perms" : "['android.permission.CAMERA', 'android.permission.ACCESS_WIFI_STATE', 'android.permission.SEND_SMS', 'android.permission.RECORD_AUDIO', 'android.permission.ACCESS_FINE_LOCATION', 'android.permission.DISABLE_KEYGUARD', 'android.permission.ACCESS_COARSE_LOCATION', 'android.permission.MODIFY_AUDIO_SETTINGS', 'android.permission.GET_ACCOUNTS', 'android.permission.WRITE_CONTACTS', 'android.permission.READ_EXTERNAL_STORAGE', 'android.permission.SYSTEM_ALERT_WINDOW', 'android.permission.WRITE_EXTERNAL_STORAGE']",
}