{
"name" : "LINE Lite: Free Calls & Messages",
"url" : "https://play.google.com/store/apps/details?id=com.linecorp.linelite",
"package" : "com.linecorp.linelite",
"category" : "Communication",
"description" : "Free messages and more Enjoy LINEs most essential features in a lighter package. Send and receive messages and photos from friends who use LINE as well as LINE Lite.  Log in with your existing LINE account Register your email address to switch between LINE and LINE Lite as you please.  Add friends easily Quickly find friends by entering their ID. Plus, automatically add people from your devices contact list as friends.  Free voice and video calls  Make free calls by choosing the friend you want to connect with, or by tapping the + button on the bottom right of the main screen.  * Download the normal LINE here: https://line.me/D  * You may be charged for using mobile data. We suggest using a data plan or connecting to a Wi-Fi network. ",
"desc_perms" : "['android.permission.CALL_PHONE', 'android.permission.RECORD_AUDIO', 'android.permission.WRITE_EXTERNAL_STORAGE', 'android.permission.INTERNET', 'android.permission.GET_ACCOUNTS', 'android.permission.READ_PHONE_STATE', 'android.permission.READ_CONTACTS', 'android.permission.ACCESS_WIFI_STATE', 'android.permission.ACCESS_NETWORK_STATE', 'android.permission.WRITE_CONTACTS', 'android.permission.READ_EXTERNAL_STORAGE', 'android.permission.CAMERA', 'android.permission.MODIFY_AUDIO_SETTINGS']",
"manifest_perms" : "['android.permission.GET_TASKS', 'android.permission.ACCESS_WIFI_STATE', 'com.google.android.c2dm.permission.RECEIVE', 'android.permission.ACCESS_NETWORK_STATE', 'android.permission.READ_PHONE_STATE', 'android.permission.WAKE_LOCK', 'android.permission.RESTART_PACKAGES', 'android.permission.WRITE_EXTERNAL_STORAGE', 'android.permission.READ_CONTACTS', 'android.permission.CAMERA', 'android.permission.REQUEST_IGNORE_BATTERY_OPTIMIZATIONS', 'com.google.android.finsky.permission.BIND_GET_INSTALL_REFERRER_SERVICE', 'android.permission.BLUETOOTH', 'android.permission.MODIFY_AUDIO_SETTINGS', 'android.permission.VIBRATE', 'android.permission.FOREGROUND_SERVICE', 'android.permission.RECORD_AUDIO', 'android.permission.READ_PHONE_NUMBERS', 'android.permission.INTERNET']",
"perms_with_call" : "['android.permission.GET_TASKS', 'android.permission.ACCESS_WIFI_STATE', 'android.permission.ACCESS_COARSE_LOCATION', 'android.permission.BLUETOOTH', 'android.permission.CHANGE_NETWORK_STATE', 'android.permission.ACCESS_FINE_LOCATION', 'android.permission.MODIFY_AUDIO_SETTINGS', 'android.permission.ACCESS_NETWORK_STATE', 'android.permission.BROADCAST_STICKY', 'android.permission.WAKE_LOCK']" 
"extra_perms" : "['android.permission.ACCESS_COARSE_LOCATION', 'android.permission.RESTART_PACKAGES', 'android.permission.REQUEST_IGNORE_BATTERY_OPTIMIZATIONS', 'android.permission.READ_PHONE_NUMBERS', 'android.permission.ACCESS_FINE_LOCATION']",
}