{
"name" : "VRApp: Cheap International Calls, Encrypted Chat",
"url" : "https://play.google.com/store/apps/details?id=com.vrmessaging.vrapp",
"package" : "com.vrmessaging.vrapp",
"category" : "Communication",
"description" : "You can make premium-quality international calls for the best rates on the market to any kind of phone in the world. Or you can make uninterrupted FREE voice and video calls, private messaging and file sharing between VRApp users.  VRApp is an All-in-One serverless communication app using 6 times less data.  Why choose VRApp?   The lowest rates for the highest-quality international calls  Spend up to 6x less mobile data than any other communication apps  Keep all your communications safe and away from any servers  Make high-quality free voice and video calls even with 2G internet  Call any kind of phone, from smartphones to landlines, anywhere in the world  Call the way you want  VRApp offers different types of international calling depending on your needs. You can call with our cheap per-minute rates to any number in the world, or enjoy FREE face-to-face HD video/voice calls and connect with your friends, family or coworkers with high-quality video/voice calls. Photo-realistic colors and crystal clear voice is guaranteed thanks to VRApp with its new revolutionary communication protocol where you can connect anywhere, even with 2G/ EDGE, noisy Wi-Fi and Satellite networks. When connecting at a cafe or other public space, VRApp will adapt to your Internet connection to still provide uninterrupted calls and keep all your communication encrypted and private.  No matter how you choose to call, theres no contract, no cancellation period, and absolutely no hidden fees. You can use it absolutely free.  Reduce DATA usage  Save your data plan, when making calls or chat. The data-efficient VRApp lets you make voice/video calls for up to 7 minutes while consuming only 1 MB of bandwidth.  Privacy is Priority  VRApp is designed for secure communication. We care of your privacy. Communication history is never stored on any servers. The fully encrypted messaging app leaves no traces on the Internet whatsoever. VRApp will never give third parties access to your data since VRApp doesnt have that data in the first place.   VRApp is FREE  VRApp to VRApp communication is always FREE. But you may add credit to make international or local calls at low-cost rates using VRApp-Out services.  Private Chats  With VRApp, enjoy private chats with your family members or friends, and never worry that your communication can be leaked or hacked. Reply or forward specific messages in the group chat. Personalize the group with a group image, name, background and more.  Share  You can instantly send and share text messages, photos, and videos, voice, and video recordings, GIFs, or any other files with VRApp messenger download. And you can be sure on your privacy, as we are using serverless technology, plus communication encrypted to make it impossible to for 3rd parties to intercept.  Call wherever you want  No matter where you are calling from or where you want to reach, VRApp provides the best prices for the highest quality calls. Using 6x less data. Our most popular countries to call include India, Pakistan, Nigeria, Russia, Ukraine, Kenya, Uganda, Zambia, Ethiopia, Rwanda, Nicaragua, Brazil, Afghanistan, Ghana, Colombia and many more.  Download the app today to try it all for free! All new accounts get free credit to test VRApp-Out! ",
"desc_perms" : "['android.permission.WRITE_EXTERNAL_STORAGE', 'android.permission.READ_CONTACTS', 'android.permission.READ_EXTERNAL_STORAGE', 'android.permission.SEND_SMS', 'android.permission.READ_PHONE_STATE', 'android.permission.ACCESS_WIFI_STATE', 'android.permission.MODIFY_AUDIO_SETTINGS', 'android.permission.RECORD_AUDIO', 'android.permission.GET_ACCOUNTS', 'android.permission.CAMERA', 'android.permission.CALL_PHONE', 'android.permission.ACCESS_NETWORK_STATE', 'android.permission.INTERNET']",
"manifest_perms" : "['android.permission.WRITE_EXTERNAL_STORAGE', 'android.permission.ACCESS_COARSE_LOCATION', 'android.permission.ACCESS_FINE_LOCATION', 'android.permission.KILL_BACKGROUND_PROCESSES', 'com.adobe.reader.misc.ARFileProvider.READ_DATABASE', 'android.permission.BROADCAST_STICKY', 'android.permission.READ_APP_BADGE', 'android.permission.CHANGE_NETWORK_STATE', 'com.sonyericsson.home.permission.BROADCAST_BADGE', 'android.permission.CHANGE_WIFI_MULTICAST_STATE', 'android.permission.RECORD_AUDIO', 'android.permission.GET_ACCOUNTS', 'me.everything.badger.permission.BADGE_COUNT_WRITE', 'android.permission.CALL_PHONE', 'android.permission.WRITE_CONTACTS', 'com.adobe.reader.misc.ARFileProvider.WRITE_CONTENT', 'android.permission.WRITE_SETTINGS', 'com.adobe.reader.misc.ARFileProvider.READ_CONTENT', 'com.vrmessaging.vrapp.permission.C2D_MESSAGE', 'com.anddoes.launcher.permission.UPDATE_COUNT', 'android.permission.FOREGROUND_SERVICE', 'com.adobe.reader.misc.READ_DATABASE', 'com.adobe.reader.misc.ARFileProvider.WRITE_DATABASE', 'com.adobe.reader.READ_CONTENT', 'android.permission.WAKE_LOCK', 'com.google.android.providers.gsf.permission.READ_GSERVICES', 'com.adobe.reader.misc.WRITE_DATABASE', 'com.sonymobile.home.permission.PROVIDER_INSERT_BADGE', 'android.permission.MODIFY_AUDIO_SETTINGS', 'android.permission.AUTHENTICATE_ACCOUNTS', 'com.majeur.launcher.permission.UPDATE_BADGE', 'com.adobe.reader', 'android.permission.READ_LOGS', 'android.permission.GET_TASKS', 'android.permission.ACCESS_NETWORK_STATE', 'android.permission.READ_CONTACTS', 'android.permission.READ_EXTERNAL_STORAGE', 'android.permission.MANAGE_ACCOUNTS', 'me.everything.badger.permission.BADGE_COUNT_READ', 'android.permission.BLUETOOTH_ADMIN', 'com.google.android.c2dm.permission.RECEIVE', 'com.sec.android.provider.badge.permission.WRITE', 'android.permission.CHANGE_WIFI_STATE', 'com.vrmessaging.vrapp.permission.MAPS_RECEIVE', 'android.permission.RAISED_THREAD_PRIORITY', 'android.permission.CAMERA', 'android.permission.DISABLE_KEYGUARD', 'com.adobe.reader.misc.ARFileProvider', 'com.adobe.reader.misc', 'com.htc.launcher.permission.READ_SETTINGS', 'android.permission.INTERNET', 'android.permission.BLUETOOTH', 'com.oppo.launcher.permission.WRITE_SETTINGS', 'com.htc.launcher.permission.UPDATE_SHORTCUT', 'android.permission.READ_PHONE_STATE', 'com.oppo.launcher.permission.READ_SETTINGS', 'android.permission.READ_SYNC_SETTINGS', 'android.permission.ACCESS_WIFI_STATE', 'android.permission.USE_FULL_SCREEN_INTENT', 'com.huawei.android.launcher.permission.READ_SETTINGS', 'com.huawei.android.launcher.permission.WRITE_SETTINGS', 'android.permission.WRITE_SYNC_SETTINGS', 'android.permission.ACCESS_NOTIFICATION_POLICY', 'com.adobe.reader.WRITE_CONTENT', 'com.huawei.android.launcher.permission.CHANGE_BADGE', 'android.permission.VIBRATE', 'com.sec.android.provider.badge.permission.READ']",
"perms_with_call" : "['android.permission.ACCESS_COARSE_LOCATION', 'android.permission.ACCESS_FINE_LOCATION', 'android.permission.READ_EXTERNAL_STORAGE', 'android.permission.SEND_SMS', 'android.permission.BROADCAST_STICKY', 'android.permission.READ_PHONE_STATE', 'android.permission.WAKE_LOCK', 'android.permission.MODIFY_AUDIO_SETTINGS', 'android.permission.GET_TASKS', 'android.permission.ACCESS_NETWORK_STATE', 'android.permission.BLUETOOTH']" 
"extra_perms" : "['android.permission.KILL_BACKGROUND_PROCESSES', 'android.permission.ACCESS_COARSE_LOCATION', 'android.permission.ACCESS_FINE_LOCATION', 'android.permission.SEND_SMS', 'com.adobe.reader.misc.ARFileProvider.READ_DATABASE', 'com.vrmessaging.vrapp.permission.MAPS_RECEIVE', 'android.permission.RAISED_THREAD_PRIORITY', 'com.adobe.reader.misc.ARFileProvider', 'android.permission.DISABLE_KEYGUARD', 'com.adobe.reader.misc', 'com.adobe.reader.misc.ARFileProvider.WRITE_CONTENT', 'android.permission.WRITE_CONTACTS', 'com.adobe.reader.misc.ARFileProvider.READ_CONTENT', 'com.adobe.reader.misc.READ_DATABASE', 'com.adobe.reader.misc.ARFileProvider.WRITE_DATABASE', 'com.adobe.reader.READ_CONTENT', 'android.permission.USE_FULL_SCREEN_INTENT', 'com.adobe.reader.misc.WRITE_DATABASE', 'com.adobe.reader.WRITE_CONTENT', 'com.adobe.reader', 'android.permission.READ_LOGS']",
}