{
"name" : "Mimo Soft",
"url" : "https://play.google.com/store/apps/details?id=com.app.mimo",
"package" : "com.app.mimo",
"category" : "Communication",
"description" : "Mimo dialer lets you make calls to international destinations using your mobile internet data & WiFi.  Mimo is the best Android voip solution to save on your mobile phone bills, Get amazing voice clarity & no call drops using Mimo voip calls.  You can choose any contact from your regular contact list or add new contacts.  - Make free international calls over SIP technology with this mobile voip dialer - Connect to Internet using 3G, WiFi, UMTS and use your voip credit on the go for cheap calls. - Place FREE international calls to a selection of destinations. - Enjoy the cheapest international calls to any other destination. - Mobile Top Up  Recharge any mobile number anytime using your available credit for any GSM service provider. ",
"desc_perms" : "['android.permission.RECORD_AUDIO', 'android.permission.CALL_PHONE', 'android.permission.MODIFY_AUDIO_SETTINGS', 'android.permission.READ_PHONE_STATE']",
"manifest_perms" : "['android.permission.FOREGROUND_SERVICE', 'android.permission.ACCESS_FINE_LOCATION', 'android.permission.BLUETOOTH', 'android.permission.RECEIVE_BOOT_COMPLETED', 'android.permission.MODIFY_AUDIO_SETTINGS', 'com.google.android.finsky.permission.BIND_GET_INSTALL_REFERRER_SERVICE', 'android.permission.READ_PROFILE', 'android.permission.WRITE_EXTERNAL_STORAGE', 'android.permission.RECORD_AUDIO', 'android.permission.VIBRATE', 'android.permission.ACCESS_WIFI_STATE', 'com.google.android.c2dm.permission.RECEIVE', 'com.app.mimo.permission.C2D_MESSAGE', 'android.permission.WAKE_LOCK', 'android.permission.DISABLE_KEYGUARD', 'android.permission.INTERNET', 'android.permission.CLEAR_APP_CACHE', 'android.permission.READ_PHONE_STATE', 'android.permission.READ_CONTACTS', 'android.permission.ACCESS_NETWORK_STATE', 'android.permission.WRITE_SETTINGS', 'android.permission.BLUETOOTH_ADMIN']",
"perms_with_call" : "['android.permission.BROADCAST_STICKY', 'android.permission.ACCESS_COARSE_LOCATION', 'android.permission.ACCESS_FINE_LOCATION', 'android.permission.GET_TASKS', 'android.permission.BLUETOOTH', 'android.permission.WAKE_LOCK', 'android.permission.MODIFY_AUDIO_SETTINGS', 'android.permission.USE_FINGERPRINT', 'android.permission.ACCESS_NETWORK_STATE', 'android.permission.DISABLE_KEYGUARD', 'android.permission.ACCESS_WIFI_STATE']" 
"extra_perms" : "['android.permission.READ_CONTACTS', 'android.permission.ACCESS_COARSE_LOCATION', 'android.permission.WRITE_EXTERNAL_STORAGE', 'android.permission.ACCESS_FINE_LOCATION', 'android.permission.ACCESS_NETWORK_STATE', 'android.permission.DISABLE_KEYGUARD', 'android.permission.INTERNET', 'android.permission.ACCESS_WIFI_STATE']",
}