{
"name" : "2N® Mobile Video",
"url" : "https://play.google.com/store/apps/details?id=com.nn.my2ncommunicator",
"package" : "com.nn.my2ncommunicator",
"category" : "Communication",
"description" : "The 2N Mobile Video is an application that allows you to receive video calls from the 2N intercom on your smartphone over the Internet and thus keep up with your visitors anywhere you go. There is no need to be within the reach of your local Wi-Fi. Is somebody ringing your door intercom? Just pull out your phone and check the feed from the intercoms camera. Uncover what is happening at your front door and decide whether to let your visitor in. Or if you feel like chitchatting, enter a video call with your visitor. Possible opening of the door is then only a matter of single button press.  Did you know the 2N intercom can be integrated with your home automation system? It gives 2N Mobile Video application a whole new dimension. It then lets you control lights, trigger alarm or start any other custom action. Are you wondering how to get such an amazing service? Go to https://my2n.com/#/mobilevideo and start your free trial of 2N Mobile Video. ",
"desc_perms" : "['android.permission.CAMERA']",
"manifest_perms" : "['android.permission.ACCESS_WIFI_STATE', 'com.google.android.c2dm.permission.RECEIVE', 'android.permission.ACCESS_NETWORK_STATE', 'android.permission.READ_PHONE_STATE', 'android.permission.WAKE_LOCK', 'android.permission.WRITE_EXTERNAL_STORAGE', 'android.permission.CHANGE_WIFI_MULTICAST_STATE', 'android.permission.CAMERA', 'android.permission.USE_FULL_SCREEN_INTENT', 'com.google.android.finsky.permission.BIND_GET_INSTALL_REFERRER_SERVICE', 'android.permission.EXPAND_STATUS_BAR', 'android.permission.BLUETOOTH', 'android.permission.READ_EXTERNAL_STORAGE', 'android.permission.MODIFY_AUDIO_SETTINGS', 'android.permission.VIBRATE', 'android.permission.RECORD_AUDIO', 'android.permission.BLUETOOTH_ADMIN', 'android.permission.INTERNET', 'android.permission.RECEIVE_BOOT_COMPLETED', 'android.permission.DISABLE_KEYGUARD']",
"perms_with_call" : "['android.permission.WAKE_LOCK', 'android.permission.BROADCAST_STICKY', 'android.permission.GET_TASKS', 'android.permission.USE_FINGERPRINT', 'android.permission.CHANGE_WIFI_MULTICAST_STATE', 'android.permission.ACCESS_WIFI_STATE', 'android.permission.ACCESS_COARSE_LOCATION', 'android.permission.BLUETOOTH', 'android.permission.CHANGE_NETWORK_STATE', 'android.permission.ACCESS_NETWORK_STATE', 'android.permission.MODIFY_AUDIO_SETTINGS', 'android.permission.ACCESS_FINE_LOCATION']" 
"extra_perms" : "['android.permission.RECORD_AUDIO', 'android.permission.WRITE_EXTERNAL_STORAGE', 'android.permission.INTERNET', 'android.permission.EXPAND_STATUS_BAR', 'android.permission.ACCESS_WIFI_STATE', 'android.permission.ACCESS_COARSE_LOCATION', 'android.permission.DISABLE_KEYGUARD', 'android.permission.USE_FULL_SCREEN_INTENT', 'android.permission.ACCESS_NETWORK_STATE', 'android.permission.READ_EXTERNAL_STORAGE', 'android.permission.READ_PHONE_STATE', 'android.permission.MODIFY_AUDIO_SETTINGS', 'android.permission.ACCESS_FINE_LOCATION']",
}