{
"name" : "NateMail",
"url" : "https://play.google.com/store/apps/details?id=com.skcomms.android.mail",
"package" : "com.skcomms.android.mail",
"category" : "Communication",
"description" : "You can use several e-mail account by using this application.  * Managing your all e-mail account  - You can register all e-mail account,  for example Naver, Daum, Google and your company mail,  as external e-mail account through POP3. * Anytime you can receive new e-mail notifications. * You can easily send mail with attachment.  NateMail is free to download. Copyright  SK Communications. All rights Reserved. ",
"desc_perms" : "['android.permission.INTERNET', 'android.permission.ACCESS_NETWORK_STATE']",
"manifest_perms" : "['android.permission.INTERNET', 'android.permission.CAMERA', 'android.permission.READ_PHONE_STATE', 'android.permission.ACCESS_WIFI_STATE', 'com.google.android.finsky.permission.BIND_GET_INSTALL_REFERRER_SERVICE', 'android.permission.ACCESS_NETWORK_STATE', 'android.permission.WAKE_LOCK', 'com.google.android.c2dm.permission.RECEIVE', 'android.permission.GET_ACCOUNTS', 'android.permission.READ_EXTERNAL_STORAGE', 'android.permission.WRITE_EXTERNAL_STORAGE']",
"perms_with_call" : "['android.permission.ACCESS_WIFI_STATE', 'android.permission.ACCESS_FINE_LOCATION', 'android.permission.ACCESS_COARSE_LOCATION', 'android.permission.BLUETOOTH', 'android.permission.ACCESS_NETWORK_STATE', 'android.permission.USE_FINGERPRINT', 'android.permission.GET_TASKS', 'android.permission.BROADCAST_STICKY', 'android.permission.WAKE_LOCK', 'android.permission.KILL_BACKGROUND_PROCESSES']" 
"extra_perms" : "['android.permission.CAMERA', 'android.permission.READ_PHONE_STATE', 'android.permission.ACCESS_WIFI_STATE', 'android.permission.KILL_BACKGROUND_PROCESSES', 'android.permission.ACCESS_COARSE_LOCATION', 'android.permission.WRITE_EXTERNAL_STORAGE', 'android.permission.GET_ACCOUNTS', 'android.permission.READ_EXTERNAL_STORAGE', 'android.permission.ACCESS_FINE_LOCATION']",
}