{
"name" : "TypeApp mail - email app",
"url" : "https://play.google.com/store/apps/details?id=com.trtf.blue",
"package" : "com.trtf.blue",
"category" : "Communication",
"description" : "TypeApp is a beautifully designed email app providing a top-notch email experience while managing all your email accounts from one completely customizable mail app. With instant smart push notifications, packaged in an intuitive & easy to use design, TypeApp is the perfect replacement for your stock email client   Unified Inbox  All Your Mail Accounts in One Email App Supporting IMAP, POP3 as well as Exchange protocols. TypeApp automatically configures them once you sign in. View & sync all your email accounts from one Unified Inbox, while enjoying lightning fast true push email.  People-Centric  Bringing People Together Communicating with people is important and with TypeApps innovative people-centric features, it becomes even more simple. Focus on mail from people much faster with the People Switch, or be notified when specific VIP Notifications.  Group Mail  Quick & Easy Mailing You can create a Shared Group with all your contacts at your work and personal accounts, which every member can view, to receive and send emails.  Simplifying Email with Clusters Automatically combine relevant emails into a single expanding slot using TypeApp smart Clusters as well as set different notification sounds for specific services. With Clusters, you can control all emails from a specific sender and with multi-edit quickly moving, deleting, or marking clusters as spam is simple.  FEATURE RICH EXPERIENCE  Instant, Smart Push Notifications - Quiet Hours, Custom Sounds, Vibrate, LED Light, Snooze Alerts and other preferencesper each of your accounts  Smart Conversations  Makes mail app convenient and easy  Rich Text - Easily configure text styles and add your logo  Calendar Sync and Contacts  Get your ActiveSync work account in sync  Android Wear - Intelligent email on your wrist  Configurable Menus  Customize your menus with actions that really matter to you  Wireless Printing  Integrated with any supported printer  Days to Sync  Saves memory for offline use  Unread and Scrollable Widgets - Access your mails inbox at a glance  Beautiful Dark Mode & Themes  Account Color Coding - Know from which account a mail has been received  Getting Stuff Done Quickly mark emails that you wish to be handled later & set yourself reminders. When you finish handling an email, you can simply mark it done and get it out of your way without having to delete the email. Use our Smart Filters to easily filter emails by unread/starred.  Visually Appealing  Beautifully Designed Easily recognize popular services by their icons and give your friends and contacts an avatar photo to help you process your incoming mail faster. Quickly see how many unread emails are in your inbox with the TypeApp icon (for supported devices) or with the 1x1 unread widget for any account of your accounts including the Unified Inbox. Set colors for your accounts to help them stand out or use TypeApps automatic Dark Theme which switches per the daylight hours in your area.  Security  Private & Secured TypeApp takes your security and privacy seriously by utilizing industry leading encryption. You can rest easy knowing your data is always encrypted to protect all your email communications and keep your information secured. With passcode and lock screen, you can set a timed lock screen to protect your private emails, or use SMS verification to ensure your email app is safe.  We  getting your feedback! Please e mail us anytime: support@typeapp.com with any questions or suggestions you may have!  For news, please follow us on Twitter & Facebook: https://www.typeapp.com https://www.twitter.com/typeapp (@TypeApp) https://www.facebook.com/typeapp ",
"desc_perms" : "['android.permission.READ_CONTACTS', 'android.permission.WRITE_CALENDAR', 'android.permission.GET_ACCOUNTS', 'android.permission.ACCESS_NETWORK_STATE', 'android.permission.READ_CALENDAR', 'android.permission.INTERNET']",
"manifest_perms" : "['android.permission.WRITE_EXTERNAL_STORAGE', 'android.permission.READ_APP_BADGE', 'android.permission.RECEIVE_BOOT_COMPLETED', 'com.trtf.blue.permission.DELETE_MESSAGES', 'android.permission.REQUEST_INSTALL_PACKAGES', 'com.sonyericsson.home.permission.BROADCAST_BADGE', 'com.android.alarm.permission.SET_ALARM', 'com.trtf.blue.permission.READ_ATTACHMENT', 'android.permission.DOWNLOAD_WITHOUT_NOTIFICATION', 'android.permission.GET_ACCOUNTS', 'com.trtf.blue.permission.ACCESS_PROVIDER', 'android.permission.WRITE_CONTACTS', 'org.thialfihar.android.apg.permission.READ_KEY_DETAILS', 'android.permission.READ_CALENDAR', 'com.anddoes.launcher.permission.UPDATE_COUNT', 'com.trtf.blue.permission.RECEIVE_ADM_MESSAGE', 'android.permission.WAKE_LOCK', 'com.trtf.blue.permission.PROCESS_PUSH_MSG', 'com.amazon.device.messaging.permission.RECEIVE', 'com.sonymobile.home.permission.PROVIDER_INSERT_BADGE', 'com.majeur.launcher.permission.UPDATE_BADGE', 'android.permission.AUTHENTICATE_ACCOUNTS', 'com.trtf.blue.permission.READ_MESSAGES', 'android.permission.USE_CREDENTIALS', 'android.permission.ACCESS_NETWORK_STATE', 'com.android.vending.BILLING', 'android.permission.READ_CONTACTS', 'android.permission.READ_EXTERNAL_STORAGE', 'com.huawei.permission.external_app_settings.USE_COMPONENT', 'android.permission.MANAGE_ACCOUNTS', 'com.htc.launcher.permission.WRITE_SETTINGS', 'com.google.android.c2dm.permission.RECEIVE', 'com.sec.android.provider.badge.permission.WRITE', 'android.permission.USE_FINGERPRINT', 'com.android.launcher.permission.WRITE_SETTINGS', 'com.htc.launcher.permission.READ_SETTINGS', 'com.google.android.finsky.permission.BIND_GET_INSTALL_REFERRER_SERVICE', 'android.permission.INTERACT_ACROSS_USERS_FULL', 'android.permission.INTERNET', 'com.oppo.launcher.permission.WRITE_SETTINGS', 'android.permission.WRITE_CALENDAR', 'com.android.launcher.permission.READ_SETTINGS', 'com.htc.launcher.permission.UPDATE_SHORTCUT', 'com.oppo.launcher.permission.READ_SETTINGS', 'android.permission.READ_SYNC_SETTINGS', 'oppo.permission.OPPO_COMPONENT_SAFE', 'com.huawei.android.launcher.permission.READ_SETTINGS', 'com.huawei.android.launcher.permission.WRITE_SETTINGS', 'com.huawei.appmarket.service.commondata.permission.GET_COMMON_DATA', 'android.permission.WRITE_SYNC_SETTINGS', 'com.trtf.blue.permission.PUSH_PROVIDER', 'com.huawei.android.launcher.permission.CHANGE_BADGE', 'android.permission.VIBRATE', 'android.permission.READ_PROFILE', 'com.sec.android.provider.badge.permission.READ']",
"perms_with_call" : "['android.permission.ACCESS_COARSE_LOCATION', 'android.permission.ACCESS_FINE_LOCATION', 'android.permission.RECEIVE_BOOT_COMPLETED', 'android.permission.BROADCAST_STICKY', 'android.permission.WAKE_LOCK', 'android.permission.USE_FINGERPRINT', 'android.permission.GET_TASKS', 'android.permission.ACCESS_NETWORK_STATE']" 
"extra_perms" : "['android.permission.WRITE_EXTERNAL_STORAGE', 'android.permission.ACCESS_COARSE_LOCATION', 'android.permission.ACCESS_FINE_LOCATION', 'android.permission.READ_EXTERNAL_STORAGE', 'com.trtf.blue.permission.DELETE_MESSAGES', 'com.huawei.permission.external_app_settings.USE_COMPONENT', 'com.htc.launcher.permission.WRITE_SETTINGS', 'com.trtf.blue.permission.READ_ATTACHMENT', 'com.android.launcher.permission.WRITE_SETTINGS', 'android.permission.DOWNLOAD_WITHOUT_NOTIFICATION', 'android.permission.INTERACT_ACROSS_USERS_FULL', 'com.trtf.blue.permission.ACCESS_PROVIDER', 'android.permission.WRITE_CONTACTS', 'org.thialfihar.android.apg.permission.READ_KEY_DETAILS', 'com.android.launcher.permission.READ_SETTINGS', 'com.trtf.blue.permission.RECEIVE_ADM_MESSAGE', 'oppo.permission.OPPO_COMPONENT_SAFE', 'com.huawei.appmarket.service.commondata.permission.GET_COMMON_DATA', 'com.trtf.blue.permission.PROCESS_PUSH_MSG', 'com.trtf.blue.permission.PUSH_PROVIDER', 'com.trtf.blue.permission.READ_MESSAGES', 'com.android.vending.BILLING']",
}