{
"name" : "White Calling â€“ international calls / call abroad",
"url" : "https://play.google.com/store/apps/details?id=com.whitecard.callingcard",
"package" : "com.whitecard.callingcard",
"category" : "Communication",
"description" : "The White Calling app gives you low cost international calls you can rely on.  FREE credit when you install the app  try us out!  Why the White Calling app?  The White Calling app lets you call any phone number, so reliability is great and theres no need for the other person to have the app to receive a call. In short, its the easiest, most reliable way to call friends and loved ones around the world.  - Lowest international call rates - Mobile Airtime Top-up: recharge loved ones pay-as-you-go mobiles with voice and data, all over the world - Great call quality and reliability - calling real phone numbers, instead of app-to-app  - Really easy to use - More FREE credit when you invite friends to the app!   White Calling gives you three ways to call  Have monthly inclusive minutes from your mobile provider?... Let the app call via local access number  we route your call to your international number automatically  giving you the best call quality and reliability Note: local access number calling is not available in all countries  Call over Wi-Fi Ideal if you are on Pay As You Go, or have poor phone reception - and perfect for when youre travelling  Call over 3G/4G Great if you have a big monthly data allowance   Use a White Calling card? You can add your card PIN in the app to use your card credit! ",
"desc_perms" : "['android.permission.WRITE_EXTERNAL_STORAGE', 'android.permission.READ_CONTACTS', 'android.permission.READ_PHONE_STATE', 'android.permission.ACCESS_WIFI_STATE', 'android.permission.MODIFY_AUDIO_SETTINGS', 'android.permission.CALL_PHONE', 'android.permission.ACCESS_NETWORK_STATE', 'android.permission.INTERNET']",
"manifest_perms" : "['android.permission.READ_CONTACTS', 'android.permission.CONFIGURE_SIP', 'android.permission.READ_PHONE_STATE', 'com.whitecard.callingcard.permission.C2D_MESSAGE', 'android.permission.ACCESS_WIFI_STATE', 'android.permission.USE_SIP', 'android.permission.WAKE_LOCK', 'android.permission.WRITE_CONTACTS', 'com.google.android.c2dm.permission.RECEIVE', 'android.permission.MODIFY_AUDIO_SETTINGS', 'android.permission.RECORD_AUDIO', 'android.permission.GET_ACCOUNTS', 'android.permission.CAMERA', 'android.permission.CALL_PHONE', 'android.permission.ACCESS_NETWORK_STATE', 'android.permission.INTERNET']",
"perms_with_call" : "['android.permission.ACCESS_COARSE_LOCATION', 'android.permission.ACCESS_FINE_LOCATION', 'android.permission.BROADCAST_STICKY', 'android.permission.READ_PHONE_STATE', 'android.permission.BLUETOOTH_ADMIN', 'android.permission.ACCESS_WIFI_STATE', 'android.permission.WAKE_LOCK', 'android.permission.USE_FINGERPRINT', 'android.permission.CHANGE_WIFI_STATE', 'android.permission.MODIFY_AUDIO_SETTINGS', 'android.permission.GET_TASKS', 'android.permission.ACCESS_NETWORK_STATE', 'android.permission.BLUETOOTH']" 
"extra_perms" : "['android.permission.ACCESS_COARSE_LOCATION', 'android.permission.ACCESS_FINE_LOCATION', 'android.permission.CONFIGURE_SIP', 'android.permission.USE_SIP', 'android.permission.RECORD_AUDIO', 'android.permission.GET_ACCOUNTS', 'android.permission.CAMERA', 'android.permission.WRITE_CONTACTS']",
}