{
"name" : "Messaging+ SMS, MMS Free",
"url" : "https://play.google.com/store/apps/details?id=com.crazystudio.mms6",
"package" : "com.crazystudio.mms6",
"category" : "Communication",
"description" : "It is an classic style Message app. Cool UI. It is very simple to use; it is an free version for most part of user, if you want to change and custom more setting options, you should by the pro version.  FEATURE:  - Cool Classic style UI.  - Support latest kitkat android 4.4 - Support all emojis, send and receive emoji with friend, only 1st page in free version. - Support custom your own font. - Beautiful popup message dialog, support more pages popup dialog. - Internal snapshot support. - Manage all sms message conveniently. - Group message support. - Blink LED support.  - Support custom notification icon in Pro version. - Support custom bubble color in Pro version. - Custom ringtones in Pro version.  Important Note:  Notification problem:  - if you cant see notification when you receive new message, you can check: Do you have installed the other third sms app? you should uninstall the third sms app first.  Emoji problem:  - Press the menu and select Insert Smile Or press the attach button. - Emoji message will block by network carrier when across network carriers, pls try ask your friend to send emoji message to you by mms type message, if your friend cant see your emoji. pls try to send mms emoji message.  Out order of message problem:  - If you dont need to see duplicate notifications, please try to enable Setting - Receive settings - Block Sms Notification, Maybe it will cause two duplicate message on some devices.  - If your message is out of order, please try to select Block Sms Notification option in settings. ",
"desc_perms" : "['android.permission.READ_CONTACTS', 'android.permission.READ_EXTERNAL_STORAGE', 'android.permission.GET_ACCOUNTS', 'android.permission.ACCESS_NETWORK_STATE', 'android.permission.INTERNET', 'android.permission.ACCESS_WIFI_STATE']",
"manifest_perms" : "['android.permission.EXPAND_STATUS_BAR', 'android.permission.WRITE_SMS', 'android.permission.GET_TASKS', 'android.permission.RECEIVE_BOOT_COMPLETED', 'android.permission.WRITE_EXTERNAL_STORAGE', 'android.permission.WRITE_CONTACTS', 'com.android.vending.CHECK_LICENSE', 'com.android.vending.BILLING', 'android.permission.RECEIVE_MMS', 'android.permission.VIBRATE', 'android.permission.ACCESS_WIFI_STATE', 'android.permission.CALL_PHONE', 'android.permission.INSTALL_DRM', 'android.permission.WAKE_LOCK', 'android.permission.DISABLE_KEYGUARD', 'android.permission.INTERNET', 'android.permission.READ_PHONE_STATE', 'android.permission.READ_LOGS', 'android.permission.READ_CONTACTS', 'android.permission.READ_SMS', 'android.permission.CHANGE_NETWORK_STATE', 'android.permission.SEND_SMS', 'android.permission.ACCESS_NETWORK_STATE', 'android.permission.RECEIVE_SMS', 'android.permission.SYSTEM_ALERT_WINDOW']",
"perms_with_call" : "['android.permission.BROADCAST_STICKY', 'android.permission.BLUETOOTH_ADMIN', 'android.permission.READ_EXTERNAL_STORAGE', 'android.permission.CHANGE_NETWORK_STATE', 'android.permission.ACCESS_COARSE_LOCATION', 'android.permission.ACCESS_FINE_LOCATION', 'android.permission.GET_TASKS', 'android.permission.WAKE_LOCK', 'android.permission.BLUETOOTH', 'android.permission.SEND_SMS', 'android.permission.USE_FINGERPRINT', 'android.permission.ACCESS_NETWORK_STATE', 'android.permission.DISABLE_KEYGUARD', 'android.permission.ACCESS_WIFI_STATE', 'android.permission.READ_PHONE_STATE']" 
"extra_perms" : "['android.permission.EXPAND_STATUS_BAR', 'android.permission.CALL_PHONE', 'android.permission.INSTALL_DRM', 'android.permission.WRITE_SMS', 'android.permission.ACCESS_FINE_LOCATION', 'android.permission.DISABLE_KEYGUARD', 'android.permission.READ_PHONE_STATE', 'android.permission.READ_LOGS', 'android.permission.READ_EXTERNAL_STORAGE', 'android.permission.READ_SMS', 'android.permission.ACCESS_COARSE_LOCATION', 'android.permission.WRITE_EXTERNAL_STORAGE', 'android.permission.WRITE_CONTACTS', 'com.android.vending.CHECK_LICENSE', 'android.permission.SEND_SMS', 'com.android.vending.BILLING', 'android.permission.RECEIVE_MMS', 'android.permission.RECEIVE_SMS', 'android.permission.SYSTEM_ALERT_WINDOW']",
}