{
"name" : "Privacy Messenger - Private SMS messages, Call app",
"url" : "https://play.google.com/store/apps/details?id=com.melonsapp.privacymessenger",
"package" : "com.melonsapp.privacymessenger",
"category" : "Communication",
"description" : "One of the best all-in-one SECURE & PRIVATE messenger app to replace stock messages! . All new SMS/MMS will be saved in Privacy Messenger locally. Therefore, with this free messaging app, no need to worry about snooping anymore!  Privacy Messenger  Send text messages safely with private box, SMS blocker, even SMS backup & restore and schedule SMS! You can also register with your phone to unlock free online text.   ===== Key Features of Privacy Messenger ====  - SECURE MESSAGES- All messages are encrypted for secure purpose No one could take snapshot for your messages  - Default PHONE HANDLER-  Embedded dialpad that directly make a phone call with dual-sim support Well designed calling and in call screen Clear call logs for your private contacts after each phone call  -PRIVATE BOX- Encrypt messages with private box and you can highly customize notification contents for private messages Hide private box icon to protect privacy from being snooped  -FUNNY EMOJI MESSAGE- Fast text 3000+ Lenny face, emoji & emoticons from messages directly Great display of Lenny face, emoji & emoticons in text message  -FREE ONLINE MESSAGES- Once registered, communicate instantly with your friends without any SMS / MMS fees Create groups so that you can chat in real time with all your friends at once The server never has access to any of your communication and never stores any of your data, since your privacy is important to us.  -Call flash- Call Screen for incoming calls with call flash. Beautiful, stylish caller screen display in caller screen themes Set your own call flash with local video or photos  - DUAL SIM- Fully supports dual sim devices for Android 5.1 and above for both SMS and MMS  -DELAY SMS & SCHEDULE SMS- Delayed SMS message give chance to cancel or correct the wrong message Schedule SMS messages will never let you miss any big moments  -SMS BLOCKER- No worry about spam messages to bother you with blocker  -FREE ANIMATED GIF- Share thousands of trending hot GIFs MMS via MMS  -ANDROID WEAR COMPATIBLE- SMS Messages works perfectly on Android Wear  -SMS BACKUP & RESTORE- Backup SMS & MMS messages, messages never get lost Restore your backup messages whenever  -MORE FEATURES- Send picture, audio, video MMS messages Lock your messages app with Patterns Clipboard for multiple fast copy and paste text messages Quick search to find exactly what you are looking for  -Contact Us- Please feel free to contact us with email hi@melonsapp.com. We would love to hear from you. If you have enjoyed any design or features of Privacy Messenger, please rate us  on play store.  Thank you for your download and we will keep working on Privacy Messenger to be better and better for your texting needs. ",
"desc_perms" : "['', 'android.permission.CALL_PHONE', 'android.permission.WRITE_EXTERNAL_STORAGE', 'android.permission.INTERNET', 'android.permission.ACCESS_WIFI_STATE', 'android.permission.SEND_SMS', 'android.permission.CAMERA', 'android.permission.ACCESS_NETWORK_STATE', 'android.permission.WRITE_CONTACTS', 'android.permission.READ_EXTERNAL_STORAGE', 'android.permission.READ_PHONE_STATE', 'android.permission.MODIFY_AUDIO_SETTINGS']",
"manifest_perms" : "['android.permission.READ_APP_BADGE', 'android.permission.AUTHENTICATE_ACCOUNTS', 'android.permission.MANAGE_FINGERPRINT', 'android.permission.USE_FINGERPRINT', 'android.permission.WRITE_CALL_LOG', 'android.permission.READ_CALL_LOG', 'android.permission.GET_ACCOUNTS', 'com.huawei.android.launcher.permission.CHANGE_BADGE', 'me.everything.badger.permission.BADGE_COUNT_READ', 'android.permission.INSTALL_SHORTCUT', 'android.permission.MODIFY_PHONE_STATE', 'android.permission.WRITE_PROFILE', 'com.google.android.c2dm.permission.RECEIVE', 'android.permission.ACCESS_COARSE_LOCATION', 'android.permission.WRITE_CALENDAR', 'android.permission.ACCESS_WIFI_STATE', 'android.permission.ACCESS_NETWORK_STATE', 'android.permission.CHANGE_NETWORK_STATE', 'android.permission.WRITE_SYNC_SETTINGS', 'android.permission.READ_PHONE_STATE', 'android.permission.READ_SMS', 'android.permission.WAKE_LOCK', 'com.sec.android.provider.badge.permission.WRITE', 'com.huawei.android.launcher.permission.READ_SETTINGS', 'com.sonymobile.home.permission.PROVIDER_INSERT_BADGE', 'android.permission.RECEIVE_SMS', 'android.permission.RAISED_THREAD_PRIORITY', 'com.huawei.android.launcher.permission.WRITE_SETTINGS', 'android.permission.WRITE_EXTERNAL_STORAGE', 'android.permission.READ_LOGS', 'com.htc.launcher.permission.UPDATE_SHORTCUT', 'android.permission.USE_CREDENTIALS', 'android.permission.READ_CONTACTS', 'android.permission.RECEIVE_MMS', 'android.permission.READ_SYNC_SETTINGS', 'com.anddoes.launcher.permission.UPDATE_COUNT', 'android.permission.CAMERA', 'android.permission.BROADCAST_STICKY', 'android.permission.PROCESS_OUTGOING_CALLS', 'com.android.vending.BILLING', 'android.permission.READ_CALENDAR', 'android.permission.REQUEST_IGNORE_BATTERY_OPTIMIZATIONS', 'android.permission.SET_WALLPAPER', 'com.google.android.finsky.permission.BIND_GET_INSTALL_REFERRER_SERVICE', 'com.oppo.launcher.permission.WRITE_SETTINGS', 'android.permission.BROADCAST_WAP_PUSH', 'android.permission.CALL_PRIVILEGED', 'com.majeur.launcher.permission.UPDATE_BADGE', 'com.sec.android.provider.badge.permission.READ', 'me.everything.badger.permission.BADGE_COUNT_WRITE', 'android.permission.READ_PROFILE', 'android.permission.SEND_SMS', 'android.permission.BLUETOOTH', 'android.permission.SYSTEM_ALERT_WINDOW', 'android.permission.WRITE_CONTACTS', 'android.permission.READ_EXTERNAL_STORAGE', 'android.permission.READ_CALL_STATE', 'android.permission.MODIFY_AUDIO_SETTINGS', 'android.permission.VIBRATE', 'android.permission.FOREGROUND_SERVICE', 'android.permission.WRITE_SMS', 'android.permission.CALL_PHONE', 'android.permission.USE_BIOMETRIC', 'com.htc.launcher.permission.READ_SETTINGS', 'com.oppo.launcher.permission.READ_SETTINGS', 'android.permission.RECORD_AUDIO', 'android.permission.INTERNET', 'android.permission.CHANGE_WIFI_STATE', 'android.permission.RECEIVE_BOOT_COMPLETED', 'android.permission.DISABLE_KEYGUARD', 'com.melonsapp.privacymessenger.permission.C2D_MESSAGE', 'com.sonyericsson.home.permission.BROADCAST_BADGE', 'com.melonsapp.privacymessenger.ACCESS_SECRETS', 'android.permission.ACCESS_FINE_LOCATION']",
"perms_with_call" : "['android.permission.WAKE_LOCK', 'android.permission.USE_FINGERPRINT', 'android.permission.GET_TASKS', 'android.permission.CHANGE_WIFI_STATE', 'android.permission.ACCESS_WIFI_STATE', 'android.permission.ACCESS_COARSE_LOCATION', 'android.permission.SEND_SMS', 'android.permission.CHANGE_NETWORK_STATE', 'android.permission.RECEIVE_MMS', 'android.permission.ACCESS_NETWORK_STATE', 'android.permission.READ_EXTERNAL_STORAGE', 'android.permission.READ_PHONE_STATE', 'android.permission.BROADCAST_STICKY', 'android.permission.ACCESS_FINE_LOCATION']" 
"extra_perms" : "['android.permission.MANAGE_FINGERPRINT', 'android.permission.READ_CALENDAR', 'android.permission.REQUEST_IGNORE_BATTERY_OPTIMIZATIONS', 'android.permission.WRITE_CALL_LOG', 'android.permission.READ_CALL_LOG', 'android.permission.GET_ACCOUNTS', 'android.permission.CALL_PRIVILEGED', 'android.permission.BROADCAST_WAP_PUSH', 'android.permission.INSTALL_SHORTCUT', 'android.permission.MODIFY_PHONE_STATE', 'android.permission.WRITE_PROFILE', 'android.permission.WRITE_CALENDAR', 'android.permission.ACCESS_COARSE_LOCATION', 'android.permission.SYSTEM_ALERT_WINDOW', 'com.android.vending.BILLING', 'android.permission.READ_SMS', 'android.permission.READ_CALL_STATE', 'android.permission.WRITE_SMS', 'android.permission.RECEIVE_SMS', 'android.permission.RAISED_THREAD_PRIORITY', 'android.permission.RECORD_AUDIO', 'android.permission.READ_LOGS', 'android.permission.READ_CONTACTS', 'android.permission.DISABLE_KEYGUARD', 'android.permission.RECEIVE_MMS', 'com.melonsapp.privacymessenger.ACCESS_SECRETS', 'android.permission.PROCESS_OUTGOING_CALLS', 'android.permission.ACCESS_FINE_LOCATION']",
}