{
"name" : "HypeChat - Funnier Messaging and Video Chat",
"url" : "https://play.google.com/store/apps/details?id=com.hypechat.messenger",
"package" : "com.hypechat.messenger",
"category" : "Communication",
"description" : " HypeChat, more than just FREE TEXTS!  HypeChat Messenger enables you to text and call friends for FREE under Internet connection or Wi-Fi. In HypeChat, video call is more fun with Real-time Video Filters and Effects.   Real-Time Call  - Super clear voice call -- top quality voice call experience with the high definition voice, noise reduction and less data uses. - Real-time Video Effects -- Adjust your appearance on video calls or video messaging with the Live Beautification and Fun Effects. Never have to worry again about the way you look on video chat.   Fun Video & Group Chat - HypeChat with friends at anytime, anywhere. Reach people easily with up to 500 peoples Group Chat!  - Join recommended groups based on your interests and chat with the people that have mutual interest from all over India at HypeChat! - Use plenties of FREE Stickers, Emojis and our free GIF creator to create your memes!   Explore More - Match with new friends shared same languages or hobbies around India everyday. - Upload your photo, generate your Bollywood Poster by HypeChat Magic Face and share with friends! - Edit your Free Photo Music Video with popular background music and share to Facebook, Instagram now!   Invite Your WhatsApp friends to Join now!  Were always excited to hear from you. Please feel free to send us any feedback, questions, or reports at: support@hypechat.net  Follow us on: Facebook Fanpage: @AmazingHypeChat Instagram: @hypechat2019 ",
"desc_perms" : "['android.permission.WRITE_EXTERNAL_STORAGE', 'android.permission.CALL_PHONE', 'android.permission.CAMERA', 'android.permission.ACCESS_NETWORK_STATE', 'android.permission.READ_CONTACTS', 'android.permission.INTERNET', 'android.permission.READ_EXTERNAL_STORAGE', 'android.permission.ACCESS_WIFI_STATE', 'android.permission.READ_PHONE_STATE', 'android.permission.GET_ACCOUNTS']",
"manifest_perms" : "['android.permission.DISABLE_KEYGUARD', 'android.permission.REORDER_TASKS', 'android.permission.BLUETOOTH', 'android.permission.ACCESS_FINE_LOCATION', 'android.permission.CHANGE_WIFI_STATE', 'android.permission.WRITE_EXTERNAL_STORAGE', 'vchat.faceme.push.permission.MESSAGE', 'android.permission.ACCESS_COARSE_LOCATION', 'com.google.android.finsky.permission.BIND_GET_INSTALL_REFERRER_SERVICE', 'android.permission.CAMERA', 'com.meizu.c2dm.permission.RECEIVE', 'com.google.android.c2dm.permission.RECEIVE', 'android.permission.ACCESS_NETWORK_STATE', 'android.permission.REQUEST_INSTALL_PACKAGES', 'com.hypechat.messenger.permission.MIPUSH_RECEIVE', 'android.permission.READ_CONTACTS', 'android.permission.INTERNET', 'android.permission.READ_PHONE_STATE', 'android.permission.SYSTEM_ALERT_WINDOW', 'android.permission.RECORD_AUDIO', 'android.permission.VIBRATE', 'android.permission.CALL_PHONE', 'android.permission.MODIFY_AUDIO_SETTINGS', 'android.permission.WAKE_LOCK', 'android.permission.FOREGROUND_SERVICE', 'android.permission.GET_TASKS', 'android.permission.ACCESS_WIFI_STATE', 'com.meizu.flyme.push.permission.RECEIVE', 'android.permission.READ_EXTERNAL_STORAGE', 'com.coloros.mcs.permission.RECIEVE_MCS_MESSAGE']",
"perms_with_call" : "['android.permission.ACCESS_COARSE_LOCATION', 'android.permission.BROADCAST_STICKY', 'android.permission.KILL_BACKGROUND_PROCESSES', 'android.permission.MODIFY_AUDIO_SETTINGS', 'android.permission.USE_FINGERPRINT', 'android.permission.ACCESS_NETWORK_STATE', 'android.permission.WAKE_LOCK', 'android.permission.SEND_SMS', 'android.permission.DISABLE_KEYGUARD', 'android.permission.USE_SIP', 'android.permission.GET_TASKS', 'android.permission.BLUETOOTH', 'android.permission.ACCESS_WIFI_STATE', 'android.permission.READ_PHONE_STATE', 'android.permission.READ_EXTERNAL_STORAGE', 'android.permission.ACCESS_FINE_LOCATION', 'android.permission.CHANGE_WIFI_STATE']" 
"extra_perms" : "['vchat.faceme.push.permission.MESSAGE', 'android.permission.RECORD_AUDIO', 'android.permission.ACCESS_COARSE_LOCATION', 'com.meizu.c2dm.permission.RECEIVE', 'android.permission.KILL_BACKGROUND_PROCESSES', 'android.permission.MODIFY_AUDIO_SETTINGS', 'android.permission.DISABLE_KEYGUARD', 'android.permission.ACCESS_FINE_LOCATION', 'com.hypechat.messenger.permission.MIPUSH_RECEIVE', 'android.permission.REORDER_TASKS', 'android.permission.USE_SIP', 'android.permission.SEND_SMS', 'com.meizu.flyme.push.permission.RECEIVE', 'com.coloros.mcs.permission.RECIEVE_MCS_MESSAGE', 'android.permission.SYSTEM_ALERT_WINDOW']",
}