{
"name" : "Satway",
"url" : "https://play.google.com/store/apps/details?id=com.icontouchmobile.satway",
"package" : "com.icontouchmobile.satway",
"category" : "Communication",
"description" : "Satway, is the first mobile platform that allows you to send free SMS messages to other users in remote locations using the networks of Inmarsat, Iridium and Thuraya. Satway is available for Android, iPhone, iPad and iPod Touch. Designed for satphone users, this app is essential for your colleagues, family members and friends providing fast and reliable connectivity via SMS. ",
"desc_perms" : "['android.permission.INTERNET', 'android.permission.GET_ACCOUNTS', 'android.permission.READ_CONTACTS', 'android.permission.ACCESS_WIFI_STATE', 'android.permission.SEND_SMS', 'android.permission.ACCESS_NETWORK_STATE', 'android.permission.READ_EXTERNAL_STORAGE']",
"manifest_perms" : "['android.permission.INTERNET', 'android.permission.WRITE_EXTERNAL_STORAGE']",
"perms_with_call" : "['android.permission.GET_TASKS', 'android.permission.USE_FINGERPRINT', 'android.permission.ACCESS_COARSE_LOCATION', 'android.permission.BLUETOOTH', 'android.permission.ACCESS_FINE_LOCATION', 'android.permission.ACCESS_NETWORK_STATE', 'android.permission.BROADCAST_STICKY', 'android.permission.WAKE_LOCK']" 
"extra_perms" : "['android.permission.ACCESS_NETWORK_STATE', 'android.permission.ACCESS_COARSE_LOCATION', 'android.permission.ACCESS_FINE_LOCATION', 'android.permission.WRITE_EXTERNAL_STORAGE']",
}