{
"name" : "XDA",
"url" : "https://play.google.com/store/apps/details?id=com.xda.labs.play",
"package" : "com.xda.labs.play",
"category" : "Communication",
"description" : "XDA is the first and only app built entirely in-house with our own API to access the famous XDA Forums. XDA-Developers.com is the worlds largest Android forum where you can come to discover apps, ROMs, root tools, kernels, and more, or you can make some friends and just talk about phones.   Features:  - Fast - Fully material design - Read, write, and reply to threads - Full support for quotes/mention - Light/dark themes - Notification support - Great search tools  Enjoy! ",
"desc_perms" : "['android.permission.WRITE_CONTACTS']",
"manifest_perms" : "['android.permission.WRITE_EXTERNAL_STORAGE', 'android.permission.READ_EXTERNAL_STORAGE', 'android.permission.RECEIVE_BOOT_COMPLETED', 'com.android.launcher.permission.INSTALL_SHORTCUT', 'android.permission.SET_WALLPAPER', 'android.permission.GET_ACCOUNTS', 'android.permission.ACCESS_NETWORK_STATE', 'android.permission.INTERNET']",
"perms_with_call" : "['android.permission.ACCESS_COARSE_LOCATION', 'android.permission.ACCESS_FINE_LOCATION', 'android.permission.BROADCAST_STICKY', 'android.permission.WAKE_LOCK', 'android.permission.GET_TASKS', 'android.permission.ACCESS_NETWORK_STATE']" 
"extra_perms" : "['android.permission.WRITE_EXTERNAL_STORAGE', 'android.permission.ACCESS_COARSE_LOCATION', 'android.permission.ACCESS_FINE_LOCATION', 'android.permission.READ_EXTERNAL_STORAGE', 'android.permission.GET_ACCOUNTS', 'android.permission.ACCESS_NETWORK_STATE', 'android.permission.INTERNET']",
}