{
"name" : "Block Text, SMS, Spam Blocker - Key Messages",
"url" : "https://play.google.com/store/apps/details?id=com.smsBlocker",
"package" : "com.smsBlocker",
"category" : "Communication",
"description" : "Key Messages is the new age, feature-rich option for Androids default text messages app.  Switch to Key Messages. Get more benefits.   AUTOMATIC SPAM FILTER Award winning and strongest spam blocker on Android. It automatically blocks spam messages from numbers, non-numbers and unknown senders. Our machine learning, AI based technology makes spam blocking better with each day.  TEXT BLOCKER Easily block texts from your Ex GF/BF. Key Messages has the most powerful options to block text based on Mobile number, Sender title, Content keyword and Wildcard rules. See only desired and useful messages i.e. Key Messages in your clean inbox.  BACKUP & RESTORE WITHOUT DUPLICATION Securely backup your valuable messages online, on your own Google Drive. Automate backup schedule to daily, weekly, monthly. Our unique de-duplication technology avoids message duplication when you restore backup in a new or an existing phone. The Block list and Allow list are also backed up. Enjoy robust & hassle-free SMS backup & restore.   ORGANIZED SMS Messages are grouped intelligently based on the varying sender title. Easily see personal & organization SMS in separate tabs. You can also mark important messages as Starred and find them in a separate folder. As the name suggests, Key Messages is designed to prioritize important messages.  CHARACTER & SMS CHARGE COUNTER See real-time message character count and for how many SMS you will be charged for. Very unique and useful feature of Key Messages. Dont lose money unknowingly.  DARK THEME Gorgeous and very thoughtful dark theme. It is a pure delight to eyes.   MMS COMPATIBLE Unlike most other messaging apps, Key Messages is fully MMS compatible. Send and receive MMS easily.  DUAL SIM Key Messages works seamlessly with dual SIM. Clearly see on which SIM you received the SMS. Easy design to select SIM while sending message.  POWERFUL SEARCH Easily find the content that you are looking for.   CLEAN & SIMPLE INTERFACE The most clean & simple interface for an SMS app. It is designed keeping in mind your new age messaging needs and helping you achieve that in the most efficient way.  HIGH PERFORMANCE May it be few or tens of thousand messages in your Inbox, Key Messages app is meticulously engineered for a smooth, robust and reliable performance.   Many more features are under development. Try Key Messages. You will love it.   --------------------------------------------- All trademarks are owned by respective owners. Key Messages was earlier known as Clean Inbox. ",
"desc_perms" : "['android.permission.RECEIVE_SMS', 'android.permission.INTERNET', 'android.permission.READ_EXTERNAL_STORAGE', 'android.permission.ACCESS_NETWORK_STATE']",
"manifest_perms" : "['android.permission.RECEIVE_BOOT_COMPLETED', 'android.permission.CAMERA', 'android.permission.SEND_SMS', 'android.permission.VIBRATE', 'android.permission.USE_FINGERPRINT', 'android.permission.DOWNLOAD_WITHOUT_NOTIFICATION', 'android.permission.WRITE_EXTERNAL_STORAGE', 'android.permission.READ_PROFILE', 'android.permission.CHANGE_NETWORK_STATE', 'android.permission.RECEIVE_MMS', 'android.permission.WAKE_LOCK', 'android.permission.INTERNET', 'com.android.vending.BILLING', 'android.permission.RECORD_AUDIO', 'android.permission.READ_CONTACTS', 'android.permission.READ_SMS', 'android.permission.CALL_PHONE', 'android.permission.READ_PHONE_STATE', 'android.permission.ACCESS_NETWORK_STATE', 'android.permission.RECEIVE_SMS', 'android.permission.GET_ACCOUNTS', 'android.permission.WRITE_CONTACTS', 'android.permission.READ_EXTERNAL_STORAGE', 'android.permission.ACCESS_MOCK_LOCATION', 'android.permission.WRITE_SMS']",
"perms_with_call" : "['android.permission.READ_EXTERNAL_STORAGE', 'android.permission.READ_PHONE_STATE', 'android.permission.SEND_SMS', 'android.permission.ACCESS_COARSE_LOCATION', 'android.permission.USE_FINGERPRINT', 'android.permission.ACCESS_NETWORK_STATE', 'android.permission.GET_TASKS', 'android.permission.BROADCAST_STICKY', 'android.permission.RECEIVE_MMS', 'android.permission.WAKE_LOCK', 'android.permission.ACCESS_FINE_LOCATION']" 
"extra_perms" : "['android.permission.CAMERA', 'com.android.vending.BILLING', 'android.permission.RECORD_AUDIO', 'android.permission.SEND_SMS', 'android.permission.ACCESS_COARSE_LOCATION', 'android.permission.DOWNLOAD_WITHOUT_NOTIFICATION', 'android.permission.READ_CONTACTS', 'android.permission.READ_SMS', 'android.permission.CALL_PHONE', 'android.permission.ACCESS_FINE_LOCATION', 'android.permission.WRITE_EXTERNAL_STORAGE', 'android.permission.READ_PHONE_STATE', 'android.permission.RECEIVE_MMS', 'android.permission.GET_ACCOUNTS', 'android.permission.WRITE_CONTACTS', 'android.permission.ACCESS_MOCK_LOCATION', 'android.permission.WRITE_SMS']",
}