{
"name" : "KingsChat",
"url" : "https://play.google.com/store/apps/details?id=com.joinkingschat.android",
"package" : "com.joinkingschat.android",
"category" : "Communication",
"description" : "With KingsChat, you can send messages, make HD voice or video calls and share timeline stories  for FREE!   Why youll love KingsChat:   NO FEES: KingsChat uses your phones internet connection (4G/3G/2G or WiFI) to let you message or call loved ones around the world at no cost. There are no subscription fees or hidden fees, and with push notifications, KingsChat is always on and always connected.   FREE HD VOICE & VIDEO CALLS: Keep in touch with friends and family both at home and abroad, or hold a business meeting on the go, using KingsChats crystal-clear call functionality.   TIMELINES (SOCIAL NETWORK): Share status updates and photos on your timeline and view stories of those in your network. You can like, share and comment on posts and even follow SuperUser accounts of celebrities and businesses to stay connected with them.    SIMPLE INSTANT MESSAGING: Switch from boring old SMS to KingsChat and start conversations with just the tap of a button.   MULTIMEDIA & FILE SHARING: Send videos, images, pings, emojis, location, voice attachments and files to your friends, contacts and groups.   GROUP CHAT: Enjoy group conversations with up to 100 friends. Add or remove group participants, change group subject and set a group icon.   QR CODE: Use your unique QR code as your digital pass for events happening around the globe.   AND MUCH MORE: Offline messages, Message timestamps, Broadcast messages to many contacts at once, and so much more!  Were always excited to hear from you! If you have any feedback, questions, or concerns, please email us at: support@Joinkingschat.com. #KeepKinging ",
"desc_perms" : "['android.permission.CALL_PHONE', 'android.permission.RECORD_AUDIO', 'android.permission.WRITE_EXTERNAL_STORAGE', 'android.permission.INTERNET', 'android.permission.GET_ACCOUNTS', 'android.permission.READ_PHONE_STATE', 'android.permission.ACCESS_WIFI_STATE', 'android.permission.READ_CONTACTS', 'android.permission.ACCESS_NETWORK_STATE', 'android.permission.READ_EXTERNAL_STORAGE', 'android.permission.CAMERA', 'android.permission.MODIFY_AUDIO_SETTINGS']",
"manifest_perms" : "['android.permission.READ_APP_BADGE', 'android.permission.AUTHENTICATE_ACCOUNTS', 'com.android.launcher.permission.INSTALL_SHORTCUT', 'android.permission.GET_TASKS', 'android.permission.MANAGE_ACCOUNTS', 'android.permission.GET_ACCOUNTS', 'com.huawei.android.launcher.permission.CHANGE_BADGE', 'me.everything.badger.permission.BADGE_COUNT_READ', 'android.permission.ACCESS_WIFI_STATE', 'android.permission.ACCESS_COARSE_LOCATION', 'com.google.android.c2dm.permission.RECEIVE', 'android.permission.ACCESS_NETWORK_STATE', 'android.permission.WRITE_SYNC_SETTINGS', 'android.permission.READ_PHONE_STATE', 'com.huawei.android.launcher.permission.READ_SETTINGS', 'android.permission.WAKE_LOCK', 'com.sec.android.provider.badge.permission.WRITE', 'com.sonymobile.home.permission.PROVIDER_INSERT_BADGE', 'com.huawei.android.launcher.permission.WRITE_SETTINGS', 'android.permission.WRITE_EXTERNAL_STORAGE', 'com.google.android.apps.photos.permission.GOOGLE_PHOTOS', 'com.htc.launcher.permission.UPDATE_SHORTCUT', 'android.permission.READ_CONTACTS', 'android.permission.READ_SYNC_SETTINGS', 'com.anddoes.launcher.permission.UPDATE_COUNT', 'com.google.android.providers.gsf.permission.READ_GSERVICES', 'android.permission.CAMERA', 'com.android.vending.BILLING', 'android.permission.BROADCAST_STICKY', 'com.google.android.finsky.permission.BIND_GET_INSTALL_REFERRER_SERVICE', 'android.permission.READ_SYNC_STATS', 'com.oppo.launcher.permission.WRITE_SETTINGS', 'com.majeur.launcher.permission.UPDATE_BADGE', 'com.sec.android.provider.badge.permission.READ', 'me.everything.badger.permission.BADGE_COUNT_WRITE', 'android.permission.READ_PROFILE', 'android.permission.BLUETOOTH', 'android.permission.WRITE_CONTACTS', 'android.permission.READ_EXTERNAL_STORAGE', 'android.permission.MODIFY_AUDIO_SETTINGS', 'android.permission.VIBRATE', 'android.permission.RECORD_VIDEO', 'android.permission.FOREGROUND_SERVICE', 'com.htc.launcher.permission.READ_SETTINGS', 'com.oppo.launcher.permission.READ_SETTINGS', 'android.permission.RECORD_AUDIO', 'android.permission.INTERNET', 'android.permission.BLUETOOTH_ADMIN', 'android.permission.CHANGE_WIFI_STATE', 'android.permission.RECEIVE_BOOT_COMPLETED', 'android.permission.FLASHLIGHT', 'android.permission.DISABLE_KEYGUARD', 'com.sonyericsson.home.permission.BROADCAST_BADGE', 'android.permission.USE_CREDENTIALS', 'android.permission.ACCESS_FINE_LOCATION']",
"perms_with_call" : "['android.permission.WAKE_LOCK', 'android.permission.GET_TASKS', 'android.permission.BLUETOOTH_ADMIN', 'android.permission.CHANGE_WIFI_STATE', 'android.permission.ACCESS_WIFI_STATE', 'android.permission.ACCESS_COARSE_LOCATION', 'android.permission.BLUETOOTH', 'android.permission.CHANGE_NETWORK_STATE', 'android.permission.MODIFY_AUDIO_SETTINGS', 'android.permission.ACCESS_NETWORK_STATE', 'android.permission.BROADCAST_STICKY', 'android.permission.ACCESS_FINE_LOCATION']" 
"extra_perms" : "['android.permission.ACCESS_COARSE_LOCATION', 'android.permission.DISABLE_KEYGUARD', 'android.permission.RECORD_VIDEO', 'android.permission.WRITE_CONTACTS', 'com.android.vending.BILLING', 'android.permission.ACCESS_FINE_LOCATION', 'com.google.android.apps.photos.permission.GOOGLE_PHOTOS']",
}