{
"name" : "WorkyGo",
"url" : "https://play.google.com/store/apps/details?id=com.sparkle.sparkleapp",
"package" : "com.sparkle.sparkleapp",
"category" : "Communication",
"description" : "WorkyGo is a cross-platform mobile communications app that combines voice calls and group messaging ",
"desc_perms" : "[]",
"manifest_perms" : "['android.permission.RECEIVE_BOOT_COMPLETED', 'com.huawei.android.launcher.permission.CHANGE_BADGE', 'com.sec.android.provider.badge.permission.READ', 'android.permission.CAMERA', 'android.permission.RECEIVE_USER_PRESENT', 'com.oppo.launcher.permission.READ_SETTINGS', 'android.permission.READ_LOGS', 'android.permission.VIBRATE', 'com.google.android.providers.gsf.permission.READ_GSERVICES', 'com.huawei.android.launcher.permission.WRITE_SETTINGS', 'android.permission.ACCESS_COARSE_LOCATION', 'android.permission.BLUETOOTH', 'android.permission.FOREGROUND_SERVICE', 'android.permission.MODIFY_AUDIO_SETTINGS', 'com.sparkle.sparkleapp.permission.C2D_MESSAGE', 'android.permission.AUTHENTICATE_ACCOUNTS', 'com.sparkle.sparkleapp.permission.JPUSH_MESSAGE', 'com.sparkle.sparkleapp.permission.MAPS_RECEIVE', 'android.permission.READ_SYNC_SETTINGS', 'android.permission.WRITE_EXTERNAL_STORAGE', 'android.permission.ACCESS_FINE_LOCATION', 'android.permission.READ_PROFILE', 'android.permission.ACCESS_WIFI_STATE', 'android.permission.CHANGE_NETWORK_STATE', 'com.sonymobile.home.permission.PROVIDER_INSERT_BADGE', 'android.permission.CHANGE_WIFI_STATE', 'android.permission.READ_APP_BADGE', 'android.permission.WRITE_SYNC_SETTINGS', 'android.permission.BROADCAST_STICKY', 'android.permission.WRITE_SETTINGS', 'com.majeur.launcher.permission.UPDATE_BADGE', 'com.htc.launcher.permission.UPDATE_SHORTCUT', 'com.android.launcher.permission.UNINSTALL_SHORTCUT', 'android.permission.WAKE_LOCK', 'android.permission.SYSTEM_ALERT_WINDOW', 'com.android.launcher.permission.INSTALL_SHORTCUT', 'com.huawei.android.launcher.permission.READ_SETTINGS', 'android.permission.READ_SYNC_STATS', 'android.permission.INTERNET', 'android.permission.USE_CREDENTIALS', 'com.android.vending.BILLING', 'android.permission.RECORD_AUDIO', 'com.sec.android.provider.badge.permission.WRITE', 'android.permission.BLUETOOTH_ADMIN', 'com.htc.launcher.permission.READ_SETTINGS', 'me.everything.badger.permission.BADGE_COUNT_READ', 'android.permission.ACCESS_LOCATION_EXTRA_COMMANDS', 'com.sonyericsson.home.permission.BROADCAST_BADGE', 'com.google.android.c2dm.permission.RECEIVE', 'android.permission.READ_CONTACTS', 'com.anddoes.launcher.permission.UPDATE_COUNT', 'android.permission.CALL_PHONE', 'android.permission.READ_PHONE_STATE', 'android.permission.MANAGE_ACCOUNTS', 'android.permission.DISABLE_KEYGUARD', 'android.permission.MOUNT_UNMOUNT_FILESYSTEMS', 'me.everything.badger.permission.BADGE_COUNT_WRITE', 'android.permission.ACCESS_NETWORK_STATE', 'com.sparkle.sparkleapp.permission.MEDIA_SHARE', 'android.permission.GET_ACCOUNTS', 'android.permission.WRITE_CONTACTS', 'android.permission.READ_EXTERNAL_STORAGE', 'com.oppo.launcher.permission.WRITE_SETTINGS']",
"perms_with_call" : "['android.permission.READ_PHONE_STATE', 'android.permission.ACCESS_WIFI_STATE', 'android.permission.CHANGE_WIFI_STATE', 'android.permission.ACCESS_COARSE_LOCATION', 'android.permission.BLUETOOTH_ADMIN', 'android.permission.BLUETOOTH', 'android.permission.ACCESS_NETWORK_STATE', 'android.permission.MODIFY_AUDIO_SETTINGS', 'android.permission.USE_FINGERPRINT', 'android.permission.GET_TASKS', 'android.permission.BROADCAST_STICKY', 'android.permission.WAKE_LOCK', 'android.permission.ACCESS_FINE_LOCATION']" 
"extra_perms" : "['android.permission.INTERNET', 'android.permission.CAMERA', 'android.permission.RECEIVE_USER_PRESENT', 'com.android.vending.BILLING', 'android.permission.READ_LOGS', 'android.permission.RECORD_AUDIO', 'android.permission.ACCESS_COARSE_LOCATION', 'android.permission.MODIFY_AUDIO_SETTINGS', 'android.permission.ACCESS_LOCATION_EXTRA_COMMANDS', 'com.sparkle.sparkleapp.permission.JPUSH_MESSAGE', 'com.sparkle.sparkleapp.permission.MAPS_RECEIVE', 'android.permission.READ_CONTACTS', 'android.permission.CALL_PHONE', 'android.permission.ACCESS_FINE_LOCATION', 'android.permission.WRITE_EXTERNAL_STORAGE', 'android.permission.READ_PHONE_STATE', 'android.permission.ACCESS_WIFI_STATE', 'android.permission.DISABLE_KEYGUARD', 'android.permission.MOUNT_UNMOUNT_FILESYSTEMS', 'android.permission.ACCESS_NETWORK_STATE', 'com.sparkle.sparkleapp.permission.MEDIA_SHARE', 'android.permission.GET_ACCOUNTS', 'android.permission.WRITE_CONTACTS', 'android.permission.READ_EXTERNAL_STORAGE', 'android.permission.SYSTEM_ALERT_WINDOW']",
}