{
"name" : "AnswerConnect",
"url" : "https://play.google.com/store/apps/details?id=com.answerconnect.mobile",
"package" : "com.answerconnect.mobile",
"category" : "Communication",
"description" : "AnswerConnect allows you to access and update your AnswerConnect live reception account on your Android device. AnswerConnect gives you a 24/7 customer service team of experienced, friendly receptionists for your business.  Get AnswerConnects live-answering service dashboard in your pocket and never miss a customers message. Harness the best of AnswerConnect and ensure that you stay updated on all the customer messages we take on behalf of your business. With AnswerConnect Android app you can:  -- View inbound messages taken by our customer service team -- Access contact information of your customers -- Receive notifications for both customer messages and team chats alike -- Forward customer messages to your team via email/SMS -- Add notes to a customer message for your team to view -- Report a problem or an issue to the admin. -- Switch to Chats to collaborate with Team on client messages -- Archive messages for future use  Note: It is essential to have a live AnswerConnect account to access the Android app ",
"desc_perms" : "['android.permission.INTERNET', 'android.permission.GET_ACCOUNTS', 'android.permission.ACCESS_NETWORK_STATE']",
"manifest_perms" : "['android.permission.WRITE_EXTERNAL_STORAGE', 'android.permission.RECORD_AUDIO', 'android.permission.VIBRATE', 'com.google.android.finsky.permission.BIND_GET_INSTALL_REFERRER_SERVICE', 'android.permission.CALL_PHONE', 'android.permission.CAMERA', 'android.permission.RECEIVE_BOOT_COMPLETED', 'android.permission.MODIFY_AUDIO_SETTINGS', 'com.google.android.c2dm.permission.RECEIVE', 'android.permission.ACCESS_NETWORK_STATE', 'android.permission.WAKE_LOCK', 'android.permission.USE_FULL_SCREEN_INTENT', 'android.permission.FOREGROUND_SERVICE', 'android.permission.INTERNET', 'android.permission.READ_EXTERNAL_STORAGE', 'android.permission.ACCESS_WIFI_STATE', 'android.permission.READ_PHONE_STATE', 'android.permission.USE_CREDENTIALS']",
"perms_with_call" : "['android.permission.ACCESS_COARSE_LOCATION', 'android.permission.BROADCAST_STICKY', 'android.permission.MODIFY_AUDIO_SETTINGS', 'android.permission.CHANGE_NETWORK_STATE', 'android.permission.USE_FINGERPRINT', 'android.permission.ACCESS_NETWORK_STATE', 'android.permission.WAKE_LOCK', 'android.permission.GET_TASKS', 'android.permission.ACCESS_WIFI_STATE', 'android.permission.READ_PHONE_STATE', 'android.permission.ACCESS_FINE_LOCATION']" 
"extra_perms" : "['android.permission.WRITE_EXTERNAL_STORAGE', 'android.permission.RECORD_AUDIO', 'android.permission.ACCESS_COARSE_LOCATION', 'android.permission.CALL_PHONE', 'android.permission.CAMERA', 'android.permission.MODIFY_AUDIO_SETTINGS', 'android.permission.USE_FULL_SCREEN_INTENT', 'android.permission.ACCESS_WIFI_STATE', 'android.permission.READ_PHONE_STATE', 'android.permission.READ_EXTERNAL_STORAGE', 'android.permission.ACCESS_FINE_LOCATION']",
}