{
"name" : "Intercom Anywhere",
"url" : "https://play.google.com/store/apps/details?id=com.control4.intercom",
"package" : "com.control4.intercom",
"category" : "Communication",
"description" : "The Intercom Anywhere is built exclusively for your Control4 Smart Home and makes your mobile phone part of your video intercom experience.  Get notified when someone rings your doorbellthen see and talk to them, or simply ignore. Two built-in, custom buttons allow you to control your smart home during the intercom callturn on lights, unlock the door, disarm the alarm, or anything else you would want to do when a visitor comes to the door. Plus, make calls between your Control4 touch screens and your mobile phonesallowing you to keep in touch with your family when you are away.  Intercom Anywhere features: - Receive notifications when someone is at the door - See door station video, answer or ignore - Initiate smart home actions with two programmable buttons - Call to and from touch screens - Ring groups of touch screens in the home - Works over your mobile phone network from virtually anywhere  Requirements: - Control4 OS 2.10.3 or newer - Control4 4Sight service - Control4 DS2 Door Station for doorbell features - Control4 T3-Series touch screens for in-home calls - Android 5.1 or newer for Android phones ",
"desc_perms" : "['android.permission.CALL_PHONE', 'android.permission.WRITE_EXTERNAL_STORAGE', 'android.permission.RECORD_AUDIO', 'android.permission.MODIFY_AUDIO_SETTINGS', 'android.permission.CAMERA', 'android.permission.READ_PHONE_STATE']",
"manifest_perms" : "['android.permission.WRITE_SYNC_SETTINGS', 'android.permission.READ_SYNC_SETTINGS', 'android.permission.BLUETOOTH', 'android.permission.MODIFY_AUDIO_SETTINGS', 'com.google.android.finsky.permission.BIND_GET_INSTALL_REFERRER_SERVICE', 'android.permission.WRITE_EXTERNAL_STORAGE', 'android.permission.INTERACT_ACROSS_USERS', 'android.permission.RECORD_AUDIO', 'com.control4.permission.C4SETTINGS', 'android.permission.VIBRATE', 'android.permission.ACCESS_WIFI_STATE', 'com.google.android.c2dm.permission.RECEIVE', 'android.permission.CALL_PHONE', 'android.permission.AUTHENTICATE_ACCOUNTS', 'android.permission.WAKE_LOCK', 'android.permission.GET_ACCOUNTS', 'android.permission.CAMERA', 'android.permission.INTERNET', 'android.permission.CHANGE_WIFI_STATE', 'android.permission.READ_PHONE_STATE', 'android.permission.READ_EXTERNAL_STORAGE', 'android.permission.MANAGE_ACCOUNTS', 'android.permission.READ_SYNC_STATS', 'android.permission.ACCESS_NETWORK_STATE', 'android.permission.WRITE_SETTINGS', 'android.permission.BLUETOOTH_ADMIN']",
"perms_with_call" : "['android.permission.BROADCAST_STICKY', 'android.permission.ACCESS_COARSE_LOCATION', 'android.permission.CHANGE_WIFI_MULTICAST_STATE', 'android.permission.ACCESS_FINE_LOCATION', 'android.permission.GET_TASKS', 'android.permission.WAKE_LOCK', 'android.permission.BLUETOOTH', 'android.permission.MODIFY_AUDIO_SETTINGS', 'android.permission.USE_FINGERPRINT', 'android.permission.ACCESS_NETWORK_STATE', 'android.permission.ACCESS_WIFI_STATE', 'android.permission.CHANGE_WIFI_STATE']" 
"extra_perms" : "['android.permission.READ_EXTERNAL_STORAGE', 'android.permission.ACCESS_COARSE_LOCATION', 'android.permission.ACCESS_FINE_LOCATION', 'android.permission.INTERACT_ACROSS_USERS', 'android.permission.GET_ACCOUNTS', 'com.control4.permission.C4SETTINGS', 'android.permission.ACCESS_NETWORK_STATE', 'android.permission.INTERNET', 'android.permission.ACCESS_WIFI_STATE']",
}