{
"name" : "New Messenger 2020",
"url" : "https://play.google.com/store/apps/details?id=com.smscolorful.formessenger.messages",
"package" : "com.smscolorful.formessenger.messages",
"category" : "Communication",
"description" : "You dont have much time to care about families and friends ... Let New Messenger 2020 be the person who sends love messages and connects you with them .  New Messenger 2020 is a free , simplet and fast app which can help you manager all your messenger . Besides , you can easily chat with family and friends .  With New Messenger 2020 , you just need one click to open your messenger app whenever you want to have a message by you friends and families , show you the times of each messager app ... Features for Messenger App as below : SMS & MMS : you can easily receive ,read, send and forward text messages. We also support MMS such us picture , audio and video messages. Group messaging : Add multipe contacts to the message to enter group messaging mode Blocked Contacts SMS , MMS . Delete Message: Conveniently delete useless messages. Dual SIM: Support two SIM . Handles you message.  Mute Notifications : Mute unwanted message notifications. Add contacts via messages : Add new numbert to current/new contacts . Quich Dial: Reply other by calls after you read the messages . Do you want more SMS themes free for Android With many different topics such as:  +) Theme Messenger For SMS, Theme Dark Mode,Theme Rain, etc ... +) You can also create separate themes to your liking +) Design - Stylish conversation interface +) Custom Colorful Bubble Chat :With many great options to make your conversation less boring +)Font amazing :There are over 500+ fonts for your application New Messenger Version 2020 is a beautiful SMS app theme that will offer a fabulous look to your phone or tablet. If you pleasure us app ,please share with your friends and families .  Besides , Please give us a 5-start rating to support developer and you can any question for us . We will consider them for future updates if it is correctly . Many thanks for using this app. ",
"desc_perms" : "['android.permission.INTERNET', 'android.permission.ACCESS_WIFI_STATE', 'android.permission.SEND_SMS', 'android.permission.ACCESS_NETWORK_STATE', 'android.permission.READ_CONTACTS', 'android.permission.GET_ACCOUNTS', 'android.permission.READ_EXTERNAL_STORAGE']",
"manifest_perms" : "['android.permission.RECEIVE_BOOT_COMPLETED', 'com.huawei.android.launcher.permission.CHANGE_BADGE', 'com.sec.android.provider.badge.permission.READ', 'com.oppo.launcher.permission.READ_SETTINGS', 'android.permission.SEND_SMS', 'android.provider.Telephony.SMS_RECEIVED', 'android.permission.VIBRATE', 'android.permission.ACTION_MANAGE_OVERLAY_PERMISSION', 'com.huawei.android.launcher.permission.WRITE_SETTINGS', 'com.oppo.launcher.permission.WRITE_SETTINGS', 'android.permission.WRITE_EXTERNAL_STORAGE', 'android.permission.ACCESS_WIFI_STATE', 'android.permission.CHANGE_NETWORK_STATE', 'com.sonymobile.home.permission.PROVIDER_INSERT_BADGE', 'android.permission.CHANGE_WIFI_STATE', 'android.permission.READ_APP_BADGE', 'com.majeur.launcher.permission.UPDATE_BADGE', 'android.permission.RECEIVE_MMS', 'com.htc.launcher.permission.UPDATE_SHORTCUT', 'com.huawei.android.launcher.permission.READ_SETTINGS', 'android.permission.WAKE_LOCK', 'android.permission.SYSTEM_ALERT_WINDOW', 'android.permission.INTERNET', 'com.android.vending.BILLING', 'android.permission.RECORD_AUDIO', 'com.sec.android.provider.badge.permission.WRITE', 'com.htc.launcher.permission.READ_SETTINGS', 'me.everything.badger.permission.BADGE_COUNT_READ', 'com.sonyericsson.home.permission.BROADCAST_BADGE', 'com.google.android.c2dm.permission.RECEIVE', 'android.permission.READ_CONTACTS', 'android.permission.READ_SMS', 'com.anddoes.launcher.permission.UPDATE_COUNT', 'android.permission.READ_PHONE_STATE', 'com.google.android.finsky.permission.BIND_GET_INSTALL_REFERRER_SERVICE', 'me.everything.badger.permission.BADGE_COUNT_WRITE', 'android.permission.ACCESS_NETWORK_STATE', 'android.permission.RECEIVE_SMS', 'android.permission.GET_ACCOUNTS', 'android.permission.READ_EXTERNAL_STORAGE', 'android.permission.WRITE_SMS']",
"perms_with_call" : "['android.permission.READ_EXTERNAL_STORAGE', 'android.permission.ACCESS_WIFI_STATE', 'android.permission.SEND_SMS', 'android.permission.CHANGE_NETWORK_STATE', 'android.permission.CHANGE_WIFI_STATE', 'android.permission.ACCESS_COARSE_LOCATION', 'android.permission.ACCESS_NETWORK_STATE', 'android.permission.GET_TASKS', 'android.permission.RECEIVE_MMS', 'android.permission.WAKE_LOCK', 'android.permission.ACCESS_FINE_LOCATION']" 
"extra_perms" : "['android.permission.READ_PHONE_STATE', 'com.android.vending.BILLING', 'android.provider.Telephony.SMS_RECEIVED', 'android.permission.ACTION_MANAGE_OVERLAY_PERMISSION', 'android.permission.RECORD_AUDIO', 'android.permission.ACCESS_COARSE_LOCATION', 'android.permission.WRITE_EXTERNAL_STORAGE', 'android.permission.RECEIVE_SMS', 'android.permission.RECEIVE_MMS', 'android.permission.READ_SMS', 'android.permission.WRITE_SMS', 'android.permission.SYSTEM_ALERT_WINDOW', 'android.permission.ACCESS_FINE_LOCATION']",
}