{
"name" : "GOOSE VPN",
"url" : "https://play.google.com/store/apps/details?id=com.goosevpn.gooseandroid",
"package" : "com.goosevpn.gooseandroid",
"category" : "Communication",
"description" : "GOOSE VPN is the only Dutch VPN service and is used worldwide. Access your favorite apps and websites from anywhere in the world while staying protected. Change your location, become anonymous, and have your own secure connection between your device and everything you do online with GOOSE VPN. Try GOOSE VPN now!  Worldwide connection GOOSE VPN connects you to loads of servers worldwide!  Become anonymous GOOSE VPN has a 100% no-log policy, meaning we dont keep any of your data traffic information at all.  Secure your connection GOOSE VPN encrypts your online data, so you can rely on a secure connection.  Unlimited devices GOOSE VPN is available on almost all popular platforms. Use as many devices you have.  Access everywhere GOOSE VPN allows you to access content, even if theyre not available at your current location.  Save money GOOSE VPN can save you money when booking trips online, just change your location!  Incredible support GOOSE VPN offers 24/7 support by actual people, not robots. Need help? Just drop us a line via support@goosevpn.com.  About our subscriptions  GOOSE VPN 50 GB: Limited data, billed per month  GOOSE VPN Monthly: Unlimited data, billed per month  GOOSE VPN Yearly: Unlimited data, billed per year  Check out our Terms of service and Privacy policy:  Terms of service: https://goosevpn.com/terms-of-service  Privacy policy: Privacy policy: ",
"desc_perms" : "['android.permission.ACCESS_NETWORK_STATE', 'android.permission.INTERNET']",
"manifest_perms" : "['android.permission.INTERNET', 'android.permission.READ_PHONE_STATE', 'android.permission.WRITE_EXTERNAL_STORAGE', 'com.google.android.finsky.permission.BIND_GET_INSTALL_REFERRER_SERVICE', 'com.google.android.c2dm.permission.RECEIVE', 'android.permission.ACCESS_NETWORK_STATE', 'android.permission.FOREGROUND_SERVICE', 'android.permission.READ_EXTERNAL_STORAGE', 'com.android.vending.BILLING', 'android.permission.ACCESS_WIFI_STATE', 'android.permission.WAKE_LOCK']",
"perms_with_call" : "['android.permission.USE_FINGERPRINT', 'android.permission.ACCESS_COARSE_LOCATION', 'android.permission.ACCESS_FINE_LOCATION', 'android.permission.ACCESS_NETWORK_STATE', 'android.permission.GET_TASKS', 'android.permission.BLUETOOTH', 'android.permission.BROADCAST_STICKY', 'android.permission.WAKE_LOCK']" 
"extra_perms" : "['android.permission.ACCESS_COARSE_LOCATION', 'android.permission.READ_EXTERNAL_STORAGE', 'com.android.vending.BILLING', 'android.permission.ACCESS_FINE_LOCATION', 'android.permission.WRITE_EXTERNAL_STORAGE', 'android.permission.ACCESS_WIFI_STATE', 'android.permission.READ_PHONE_STATE']",
}