{
"name" : "EasyMail - easy & fast email",
"url" : "https://play.google.com/store/apps/details?id=com.mail.emailapp.easymail2018",
"package" : "com.mail.emailapp.easymail2018",
"category" : "Communication",
"description" : "EasyMail - easy & fast email is the best check mail application, one of the lightest & fastest fully featured email apps available,   EasyMail is 100% free email app to use --no hidden fee or plans to charge you later.  This is the best email application for simultaneous work with several Gmail, Yandex, Outlook, Hotmail and other mailboxes. Receive and send messages, share photos and documents. Get instantly notified about new messages. Adjust the time, folders and services for which you want to receive push-notifications. Personal spam filter will protect you from annoying mailings. Stay always in touch with the EasyMail app!  ***** Did you know that developers can not respond to comments in Google Play? Therefore, any requests, suggestions and comments, please send via the Feedback in the app or email easyapp.hbsolution@hotmail.com. In this case, we will respond quickly and solve the problem as soon as possible. *****  - Multiple accounts support. Add all of your boxes and switch between them easily. - Full synchronization, does not matter whether you read, flagged, or moved messages from a computer or mobile. - Filters. View unread email, flagged email or emails with attachments - Push-notifications for new emails. - Caching emails. Emails are stored in the phones memory and are available without a network connection. Read messages and view attachments in transport or, for example, in the countryside. ",
"desc_perms" : "['android.permission.WRITE_EXTERNAL_STORAGE', 'android.permission.INTERNET', 'android.vending.BILLING', 'android.permission.ACCESS_WIFI_STATE', 'android.permission.ACCESS_NETWORK_STATE', 'android.permission.READ_EXTERNAL_STORAGE', 'android.permission.CAMERA']",
"manifest_perms" : "['android.permission.READ_APP_BADGE', 'android.permission.AUTHENTICATE_ACCOUNTS', 'android.permission.GET_ACCOUNTS', 'com.huawei.android.launcher.permission.CHANGE_BADGE', 'me.everything.badger.permission.BADGE_COUNT_READ', 'com.google.android.c2dm.permission.RECEIVE', 'android.permission.ACCESS_NETWORK_STATE', 'com.huawei.android.launcher.permission.READ_SETTINGS', 'android.permission.WAKE_LOCK', 'com.sonymobile.home.permission.PROVIDER_INSERT_BADGE', 'com.huawei.android.launcher.permission.WRITE_SETTINGS', 'android.permission.WRITE_EXTERNAL_STORAGE', 'com.htc.launcher.permission.UPDATE_SHORTCUT', 'android.permission.READ_CONTACTS', 'com.anddoes.launcher.permission.UPDATE_COUNT', 'com.android.vending.BILLING', 'com.google.android.finsky.permission.BIND_GET_INSTALL_REFERRER_SERVICE', 'com.oppo.launcher.permission.WRITE_SETTINGS', 'com.majeur.launcher.permission.UPDATE_BADGE', 'com.sec.android.provider.badge.permission.READ', 'me.everything.badger.permission.BADGE_COUNT_WRITE', 'android.permission.READ_EXTERNAL_STORAGE', 'com.htc.launcher.permission.READ_SETTINGS', 'android.permission.VIBRATE', 'com.oppo.launcher.permission.READ_SETTINGS', 'android.permission.INTERNET', 'com.sonyericsson.home.permission.BROADCAST_BADGE', 'android.permission.USE_CREDENTIALS', 'com.sec.android.provider.badge.permission.WRITE']",
"perms_with_call" : "['android.permission.GET_TASKS', 'android.permission.ACCESS_COARSE_LOCATION', 'android.permission.ACCESS_FINE_LOCATION', 'android.permission.ACCESS_NETWORK_STATE', 'android.permission.BROADCAST_STICKY', 'android.permission.WAKE_LOCK']" 
"extra_perms" : "['android.permission.READ_CONTACTS', 'android.permission.ACCESS_COARSE_LOCATION', 'com.android.vending.BILLING', 'android.permission.GET_ACCOUNTS', 'android.permission.ACCESS_FINE_LOCATION']",
}