{
"name" : "Ask Those Who Know",
"url" : "https://play.google.com/store/apps/details?id=com.askthosewhoknow",
"package" : "com.askthosewhoknow",
"category" : "Communication",
"description" : "A first social messaging app that adheres to the teachings of Ahlulbayt (as) which enables you to ask religious questions to the Scholars directly while maintaining your privacy. Our goal is to spread religious knowledge under the able guidance of our Ulema thus enabling us to prepare ourselves for the re appearance of  Imam-e-Zamana (atfs) In Sha Allah. ",
"desc_perms" : "[]",
"manifest_perms" : "['com.huawei.android.launcher.permission.CHANGE_BADGE', 'android.permission.ACCESS_FINE_LOCATION', 'com.google.android.finsky.permission.BIND_GET_INSTALL_REFERRER_SERVICE', 'com.oppo.launcher.permission.WRITE_SETTINGS', 'com.htc.launcher.permission.UPDATE_SHORTCUT', 'android.permission.WRITE_EXTERNAL_STORAGE', 'com.majeur.launcher.permission.UPDATE_BADGE', 'com.huawei.android.launcher.permission.READ_SETTINGS', 'android.permission.RECORD_AUDIO', 'com.sonyericsson.home.permission.BROADCAST_BADGE', 'android.permission.VIBRATE', 'android.permission.ACCESS_WIFI_STATE', 'com.google.android.c2dm.permission.RECEIVE', 'me.everything.badger.permission.BADGE_COUNT_READ', 'com.google.android.providers.gsf.permission.READ_GSERVICES', 'com.huawei.android.launcher.permission.WRITE_SETTINGS', 'android.permission.WAKE_LOCK', 'com.sonymobile.home.permission.PROVIDER_INSERT_BADGE', 'android.permission.INTERNET', 'android.permission.READ_APP_BADGE', 'com.sec.android.provider.badge.permission.READ', 'com.sec.android.provider.badge.permission.WRITE', 'me.everything.badger.permission.BADGE_COUNT_WRITE', 'android.permission.ACCESS_COARSE_LOCATION', 'com.htc.launcher.permission.READ_SETTINGS', 'android.permission.ACCESS_NETWORK_STATE', 'com.oppo.launcher.permission.READ_SETTINGS', 'com.anddoes.launcher.permission.UPDATE_COUNT']",
"perms_with_call" : "['android.permission.BROADCAST_STICKY', 'android.permission.ACCESS_COARSE_LOCATION', 'android.permission.ACCESS_FINE_LOCATION', 'android.permission.GET_TASKS', 'android.permission.BLUETOOTH', 'android.permission.WAKE_LOCK', 'android.permission.USE_FINGERPRINT', 'android.permission.ACCESS_NETWORK_STATE']" 
"extra_perms" : "['android.permission.RECORD_AUDIO', 'android.permission.ACCESS_NETWORK_STATE', 'android.permission.ACCESS_COARSE_LOCATION', 'android.permission.WRITE_EXTERNAL_STORAGE', 'android.permission.INTERNET', 'android.permission.ACCESS_WIFI_STATE', 'android.permission.ACCESS_FINE_LOCATION']",
}