{
"name" : "IceCream",
"url" : "https://play.google.com/store/apps/details?id=com.revesoft.mobiledialer.nikola_it_sdn_bhd.ice_cream",
"package" : "com.revesoft.mobiledialer.nikola_it_sdn_bhd.ice_cream",
"category" : "Communication",
"description" : "Ice Cream is a Mobile VoIP dialer application that allows you to make VoIP calls from any Android handset by using 3G/Edge/WI-Fi Internet connectivity. The main features of this applications are-  Making VoIP calls to supported GSM numbers and to other sip clients.  Call logs and making call from call logs.  Using phone contacts to call a number from Phonebook.  Showing rates and Minutes on Screen ",
"desc_perms" : "['android.permission.CALL_PHONE', 'android.permission.MODIFY_AUDIO_SETTINGS', 'android.permission.READ_CONTACTS', 'android.permission.ACCESS_WIFI_STATE', 'android.permission.READ_PHONE_STATE']",
"manifest_perms" : "['android.permission.BROADCAST_STICKY', 'android.permission.WRITE_SYNC_SETTINGS', 'android.permission.DISABLE_KEYGUARD', 'android.permission.BLUETOOTH_ADMIN', 'android.permission.BLUETOOTH', 'android.permission.AUTHENTICATE_ACCOUNTS', 'android.permission.WRITE_EXTERNAL_STORAGE', 'android.permission.READ_PROFILE', 'android.permission.CAMERA', 'com.google.android.c2dm.permission.RECEIVE', 'android.permission.ACCESS_NETWORK_STATE', 'com.revesoft.mobiledialer.nikola_it_sdn_bhd.ice_cream.permission.C2D_MESSAGE', 'android.permission.MANAGE_ACCOUNTS', 'android.permission.READ_CONTACTS', 'android.permission.INTERNET', 'android.permission.READ_PHONE_STATE', 'android.permission.GET_ACCOUNTS', 'android.permission.WRITE_CONTACTS', 'android.permission.SYSTEM_ALERT_WINDOW', 'android.permission.RECORD_AUDIO', 'android.permission.VIBRATE', 'android.permission.RECEIVE_BOOT_COMPLETED', 'android.permission.CALL_PHONE', 'android.permission.MODIFY_AUDIO_SETTINGS', 'android.permission.READ_SYNC_SETTINGS', 'android.permission.WAKE_LOCK', 'android.permission.ACCESS_WIFI_STATE', 'android.permission.READ_EXTERNAL_STORAGE']",
"perms_with_call" : "['android.permission.ACCESS_COARSE_LOCATION', 'android.permission.BROADCAST_STICKY', 'android.permission.MODIFY_AUDIO_SETTINGS', 'android.permission.DISABLE_KEYGUARD', 'android.permission.WAKE_LOCK', 'android.permission.ACCESS_NETWORK_STATE', 'android.permission.GET_TASKS', 'android.permission.BLUETOOTH', 'android.permission.ACCESS_WIFI_STATE', 'android.permission.READ_PHONE_STATE', 'android.permission.READ_EXTERNAL_STORAGE', 'android.permission.ACCESS_FINE_LOCATION', 'android.permission.SEND_SMS']" 
"extra_perms" : "['android.permission.GET_ACCOUNTS', 'android.permission.WRITE_EXTERNAL_STORAGE', 'android.permission.RECORD_AUDIO', 'android.permission.ACCESS_COARSE_LOCATION', 'android.permission.CAMERA', 'android.permission.DISABLE_KEYGUARD', 'android.permission.ACCESS_NETWORK_STATE', 'android.permission.INTERNET', 'android.permission.SEND_SMS', 'android.permission.WRITE_CONTACTS', 'android.permission.READ_EXTERNAL_STORAGE', 'android.permission.ACCESS_FINE_LOCATION', 'android.permission.SYSTEM_ALERT_WINDOW']",
}