{
"name" : "InTouch Spaces",
"url" : "https://play.google.com/store/apps/details?id=com.intouch.communication",
"package" : "com.intouch.communication",
"category" : "Communication",
"description" : "SPACES ````````````` The NEW way to keep teams in sync - Easily organise & share discussions, documents & contacts between people. Bye bye long chats, good morning messages & wasteful forwards! Stay focussed and get things done with your team.  * Structured group communication Spaces allow separate thread for each topic of discussion, making it easy to follow. No more dumping everything under a single thread of chat!  * Shared space for documents One place to keep documents and make them available to all members.   * Shared contact directory Members can easily add contacts and together build & manage a shared directory. These contacts are also available in search, making them easily accessible.  * Moderation, Privacy - you are in control Each Space allows role based access and controls. Moderation allows better control of Space members. Privacy settings enables admins to control the visibility of the spaces content.  * Fully customizable Create a Space, add your contacts as members and customize! You may choose from our ready made cards such as Notices, Discussions, Q & A, Documents, Contact list, Blog and many more.   * No limit & private Space allow unlimited members. Unlike chat apps, phone numbers of these members are private and not shared with each other.   Learn more at: https://www.intouchapp.com Twitter: https://twitter.com/intouchapp  Terms of Service: https://www.intouchapp.com/termsofservice Privacy Policy: https://www.intouchapp.com/privacypolicy ",
"desc_perms" : "['android.permission.ACCESS_NETWORK_STATE', 'android.permission.ACCESS_WIFI_STATE', 'android.permission.INTERNET']",
"manifest_perms" : "['android.permission.AUTHENTICATE_ACCOUNTS', 'com.android.launcher.permission.INSTALL_SHORTCUT', 'android.permission.GET_TASKS', 'android.permission.GET_ACCOUNTS', 'android.permission.MANAGE_ACCOUNTS', 'android.permission.WRITE_PROFILE', 'android.permission.ACCESS_COARSE_LOCATION', 'com.google.android.c2dm.permission.RECEIVE', 'android.permission.ACCESS_WIFI_STATE', 'android.permission.ACCESS_NETWORK_STATE', 'android.permission.WRITE_SYNC_SETTINGS', 'android.permission.READ_PHONE_STATE', 'android.permission.WAKE_LOCK', 'android.permission.WRITE_EXTERNAL_STORAGE', 'android.permission.READ_CONTACTS', 'android.permission.READ_SYNC_SETTINGS', 'android.permission.ACCESS_LOCATION_EXTRA_COMMANDS', 'com.android.vending.BILLING', 'android.permission.CAMERA', 'android.permission.BROADCAST_STICKY', 'com.google.android.finsky.permission.BIND_GET_INSTALL_REFERRER_SERVICE', 'android.permission.READ_SYNC_STATS', 'android.permission.READ_PROFILE', 'android.permission.SYSTEM_ALERT_WINDOW', 'android.permission.WRITE_CONTACTS', 'android.permission.FOREGROUND_SERVICE', 'android.permission.VIBRATE', 'android.permission.CALL_PHONE', 'android.permission.REQUEST_INSTALL_PACKAGES', 'android.permission.RECORD_AUDIO', 'android.permission.INTERNET', 'android.permission.RECEIVE_BOOT_COMPLETED', 'android.permission.WRITE_SETTINGS', 'android.permission.USE_CREDENTIALS', 'android.permission.ACCESS_FINE_LOCATION']",
"perms_with_call" : "['android.permission.WAKE_LOCK', 'android.permission.GET_TASKS', 'android.permission.USE_FINGERPRINT', 'android.permission.ACCESS_WIFI_STATE', 'android.permission.ACCESS_COARSE_LOCATION', 'android.permission.BLUETOOTH', 'android.permission.CHANGE_NETWORK_STATE', 'android.permission.SEND_SMS', 'android.permission.ACCESS_NETWORK_STATE', 'android.permission.READ_EXTERNAL_STORAGE', 'android.permission.BROADCAST_STICKY', 'android.permission.ACCESS_FINE_LOCATION']" 
"extra_perms" : "['android.permission.GET_ACCOUNTS', 'android.permission.WRITE_PROFILE', 'android.permission.ACCESS_COARSE_LOCATION', 'android.permission.SEND_SMS', 'android.permission.SYSTEM_ALERT_WINDOW', 'android.permission.WRITE_CONTACTS', 'android.permission.READ_EXTERNAL_STORAGE', 'android.permission.READ_PHONE_STATE', 'android.permission.CALL_PHONE', 'android.permission.RECORD_AUDIO', 'android.permission.WRITE_EXTERNAL_STORAGE', 'android.permission.READ_CONTACTS', 'android.permission.CAMERA', 'android.permission.ACCESS_LOCATION_EXTRA_COMMANDS', 'com.android.vending.BILLING', 'android.permission.ACCESS_FINE_LOCATION']",
}