{
"name" : "InstaVoice ReachMe",
"url" : "https://play.google.com/store/apps/details?id=com.kirusa.instavoice.reachme",
"package" : "com.kirusa.instavoice.reachme",
"category" : "Communication",
"description" : "Meet InstaVoice ReachMe - an international roaming app  that helps you save roaming costs  when traveling internationally.  1. Make & receive affordable calls on international roaming  from your own number   over data/ WiFi.   2. Buy ReachMe Roaming packs as per your requirement and travel smarter.   3. Buy SIM-less numbers from Somtel Somalia, US, UK and Canada and France, and make/ receive cheap calls in the app.   All you need is an active internet connection   4. Get free and unlimited Visual Voicemail and Missed Call Alerts all in one app.   Hello WiFi Calling! Think of InstaVoice ReachMe as a WiFi calling app. Connect to a WiFi hotspot, and make and receive calls - even without the SIM card! Its like a virtual travel SIM that gives you cheap international roaming for incoming and outgoing calls.   Buy SIM-less Numbers from ReachMe Ever wanted to own a virtual number from a different country? With ReachMe Numbers, you can buy a virtual number from Somtel Somalia, US, UK, France and Canada. Make & receive calls to virtual numbers on ReachMe roaming app.  Buy ReachMe Roaming Packs - Want to buy a Roaming pack for upcoming international travel? - Choose a roaming pack (daily, weekly or monthly) based on your need.   Make & Receive Calls on International Roaming:  -Install ReachMe and buy a roaming pack -Activate international roaming mode -People call your original number -ReachMe converts the incoming call to VoIP -Make/ Receive calls in the app over an internet connection (cheap international roaming)  Unlimited Visual Voicemail & Missed Call Alerts Listen to, and manage unlimited voicemails for all your linked numbers in the app. Get free Missed Call Alerts for all your linked numbers, even if your phone is switched off or unreachable   Features at a Glance:   -Cheap International Roaming: Save roaming costs! Make and receive affordable calls over WiFi/ data, without changing numbers.  - Roaming Packs: Buy a roaming pack of your choice and enjoy cheap international roaming.  -SIM-Less Numbers: Buy virtual numbers from Somtel Somalia, USA, UK, Canada or France, and make/ receive affordable calls in the app.  -Free App-to-App Calling: Call other ReachMe users in the app over IP for free and save roaming costs. -Free Unlimited Visual Voicemail & Missed Call Alerts: What happens when you miss a call? Get a cloud-powered visual voicemail system with unlimited voicemail storage. Retrieve your voicemails and missed call alerts with ReachMe. - Voicemail Transcription: Convert voicemail to text with transcription and read them on the go.    Need Support? Want to suggest a new feature?  - Email us at reachme@instavoice.com - Tweet us @IVReachMe ",
"desc_perms" : "['android.permission.CALL_PHONE', 'android.permission.WRITE_EXTERNAL_STORAGE', 'android.permission.INTERNET', 'android.permission.ACCESS_NETWORK_STATE', 'android.permission.READ_PHONE_STATE', 'android.permission.MODIFY_AUDIO_SETTINGS']",
"manifest_perms" : "['android.permission.AUTHENTICATE_ACCOUNTS', 'android.permission.GET_ACCOUNTS', 'android.permission.MANAGE_ACCOUNTS', 'android.permission.ACCESS_WIFI_STATE', 'android.permission.ACCESS_COARSE_LOCATION', 'com.google.android.c2dm.permission.RECEIVE', 'android.permission.USE_SIP', 'android.permission.ACCESS_NETWORK_STATE', 'android.permission.WRITE_SYNC_SETTINGS', 'android.permission.CHANGE_NETWORK_STATE', 'android.permission.READ_PHONE_STATE', 'android.permission.WAKE_LOCK', 'com.kirusa.instavoice.reachme.permission.MAPS_RECEIVE', 'android.permission.WRITE_EXTERNAL_STORAGE', 'android.permission.CHANGE_WIFI_MULTICAST_STATE', 'android.permission.READ_CONTACTS', 'android.permission.READ_SYNC_SETTINGS', 'com.google.android.providers.gsf.permission.READ_GSERVICES', 'com.android.vending.BILLING', 'android.permission.BROADCAST_STICKY', 'android.permission.CAMERA', 'com.kirusa.instavoice.reachme.permission.C2D_MESSAGE', 'com.google.android.finsky.permission.BIND_GET_INSTALL_REFERRER_SERVICE', 'android.permission.READ_SYNC_STATS', 'android.permission.BLUETOOTH', 'android.permission.WRITE_CONTACTS', 'android.permission.READ_EXTERNAL_STORAGE', 'android.permission.MODIFY_AUDIO_SETTINGS', 'android.permission.FOREGROUND_SERVICE', 'android.permission.VIBRATE', 'android.permission.CALL_PHONE', 'android.permission.RECORD_AUDIO', 'android.permission.INTERNET', 'android.permission.CHANGE_WIFI_STATE', 'android.permission.RECEIVE_BOOT_COMPLETED', 'android.permission.WRITE_SETTINGS', 'android.permission.USE_CREDENTIALS', 'android.permission.ACCESS_FINE_LOCATION']",
"perms_with_call" : "['android.permission.GET_TASKS', 'android.permission.USE_FINGERPRINT', 'android.permission.CHANGE_WIFI_MULTICAST_STATE', 'android.permission.ACCESS_WIFI_STATE', 'android.permission.ACCESS_COARSE_LOCATION', 'android.permission.BLUETOOTH', 'android.permission.CHANGE_NETWORK_STATE', 'android.permission.ACCESS_FINE_LOCATION', 'android.permission.MODIFY_AUDIO_SETTINGS', 'android.permission.ACCESS_NETWORK_STATE', 'android.permission.SEND_SMS', 'android.permission.READ_EXTERNAL_STORAGE', 'android.permission.READ_PHONE_STATE', 'android.permission.BROADCAST_STICKY', 'android.permission.WAKE_LOCK']" 
"extra_perms" : "['com.kirusa.instavoice.reachme.permission.MAPS_RECEIVE', 'android.permission.RECORD_AUDIO', 'android.permission.GET_ACCOUNTS', 'android.permission.ACCESS_WIFI_STATE', 'android.permission.ACCESS_COARSE_LOCATION', 'android.permission.READ_CONTACTS', 'android.permission.SEND_SMS', 'android.permission.CAMERA', 'android.permission.USE_SIP', 'android.permission.WRITE_CONTACTS', 'android.permission.READ_EXTERNAL_STORAGE', 'com.android.vending.BILLING', 'android.permission.ACCESS_FINE_LOCATION']",
}