{
"name" : "WhatsApp Business",
"url" : "https://play.google.com/store/apps/details?id=com.whatsapp.w4b",
"package" : "com.whatsapp.w4b",
"category" : "Communication",
"description" : "WhatsApp Business from Facebook  WhatsApp Business enables you to have a business presence on WhatsApp, communicate more efficiently with your customers, and help you grow your business.   If you have separate business and personal phone numbers, you can have both WhatsApp Business and WhatsApp Messenger installed on the same phone, and register them with different numbers.  In addition to the features available in WhatsApp Messenger, WhatsApp Business includes:   BUSINESS PROFILE: Create a profile for your business to help your customers find valuable information  like your website, location, or contact information.   BUSINESS MESSAGING TOOLS: Be more responsive to your customers by using Away messages to indicate when youre away or Greeting message to send your customers an introductory message when they first message you.   LANDLINE/FIXED NUMBER SUPPORT: You can use WhatsApp Business with a landline (or fixed) phone number and your customers can message you on that number. During verification, select the Call me option to receive the code over a phone call.   RUN BOTH WHATSAPP MESSENGER AND WHATSAPP BUSINESS: You can use both WhatsApp Business and WhatsApp Messenger on the same phone, but each app must have its own unique phone number.   WHATSAPP WEB: You can more efficiently respond to your customers right from your computers browser.  WhatsApp Business is built on top of WhatsApp Messenger and includes all the features that you rely on, such as the ability to send multimedia, free calls*, free international messaging*, group chat, offline messages, and much more.  *Data charges may apply. Contact your provider for details.  Note: once you restore chat backup from WhatsApp Messenger to WhatsApp Business, you will no longer be able to restore it back to WhatsApp Messenger. If you would like to go back, we recommend that you copy the WhatsApp Messenger backup on your phone to your computer before you start using WhatsApp Business.  --------------------------------------------------------- Were always excited to hear from you! If you have any feedback, questions, or concerns, please email us at:   smb@support.whatsapp.com   or follow us on twitter:   http://twitter.com/WhatsApp @WhatsApp --------------------------------------------------------- ",
"desc_perms" : "['android.permission.ACCESS_FINE_LOCATION', 'android.permission.READ_EXTERNAL_STORAGE', 'android.permission.READ_PHONE_STATE', 'android.permission.CALL_PHONE', 'android.permission.ACCESS_NETWORK_STATE', 'android.permission.INTERNET']",
"manifest_perms" : "['android.permission.WRITE_EXTERNAL_STORAGE', 'android.permission.ACCESS_COARSE_LOCATION', 'android.permission.ACCESS_FINE_LOCATION', 'android.permission.RECEIVE_BOOT_COMPLETED', 'android.permission.BROADCAST_STICKY', 'android.permission.REQUEST_INSTALL_PACKAGES', 'com.android.launcher.permission.INSTALL_SHORTCUT', 'android.permission.CHANGE_NETWORK_STATE', 'com.sonyericsson.home.permission.BROADCAST_BADGE', 'com.whatsapp.w4b.permission.BROADCAST', 'com.whatsapp.permission.MIGRATION_CONTENT_PROVIDER', 'android.permission.MANAGE_OWN_CALLS', 'android.permission.RECORD_AUDIO', 'android.permission.GET_ACCOUNTS', 'android.permission.INSTALL_SHORTCUT', 'com.whatsapp.sticker.READ', 'android.permission.WRITE_CONTACTS', 'com.android.launcher.permission.UNINSTALL_SHORTCUT', 'android.permission.FOREGROUND_SERVICE', 'com.whatsapp.permission.REGISTRATION', 'android.permission.WAKE_LOCK', 'android.permission.READ_SYNC_STATS', 'com.google.android.providers.gsf.permission.READ_GSERVICES', 'com.sonymobile.home.permission.PROVIDER_INSERT_BADGE', 'android.permission.MODIFY_AUDIO_SETTINGS', 'android.permission.AUTHENTICATE_ACCOUNTS', 'android.permission.GET_TASKS', 'android.permission.USE_CREDENTIALS', 'android.permission.ACCESS_NETWORK_STATE', 'android.permission.READ_CONTACTS', 'android.permission.READ_EXTERNAL_STORAGE', 'android.permission.MANAGE_ACCOUNTS', 'android.permission.NFC', 'com.google.android.c2dm.permission.RECEIVE', 'android.permission.USE_BIOMETRIC', 'android.permission.USE_FINGERPRINT', 'com.sec.android.provider.badge.permission.WRITE', 'android.permission.CHANGE_WIFI_STATE', 'com.htc.launcher.permission.READ_SETTINGS', 'android.permission.CAMERA', 'com.whatsapp.w4b.permission.MAPS_RECEIVE', 'android.permission.INTERNET', 'android.permission.BLUETOOTH', 'com.htc.launcher.permission.UPDATE_SHORTCUT', 'android.permission.READ_PHONE_STATE', 'android.permission.ACCESS_WIFI_STATE', 'android.permission.READ_SYNC_SETTINGS', 'android.permission.USE_FULL_SCREEN_INTENT', 'com.huawei.android.launcher.permission.READ_SETTINGS', 'com.huawei.android.launcher.permission.WRITE_SETTINGS', 'android.permission.WRITE_SYNC_SETTINGS', 'com.huawei.android.launcher.permission.CHANGE_BADGE', 'android.permission.VIBRATE', 'android.permission.READ_PROFILE', 'com.sec.android.provider.badge.permission.READ']",
"perms_with_call" : "['android.permission.ACCESS_COARSE_LOCATION', 'android.permission.ACCESS_FINE_LOCATION', 'android.permission.RECEIVE_BOOT_COMPLETED', 'android.permission.BROADCAST_STICKY', 'android.permission.READ_PHONE_STATE', 'android.permission.CHANGE_NETWORK_STATE', 'android.permission.ACCESS_WIFI_STATE', 'android.permission.WAKE_LOCK', 'android.permission.USE_FINGERPRINT', 'android.permission.CHANGE_WIFI_STATE', 'android.permission.MODIFY_AUDIO_SETTINGS', 'android.permission.GET_TASKS', 'android.permission.ACCESS_NETWORK_STATE', 'android.permission.BLUETOOTH']" 
"extra_perms" : "['android.permission.WRITE_EXTERNAL_STORAGE', 'android.permission.ACCESS_COARSE_LOCATION', 'android.permission.READ_CONTACTS', 'android.permission.NFC', 'com.whatsapp.w4b.permission.BROADCAST', 'com.whatsapp.permission.MIGRATION_CONTENT_PROVIDER', 'android.permission.MANAGE_OWN_CALLS', 'android.permission.RECORD_AUDIO', 'android.permission.GET_ACCOUNTS', 'android.permission.CAMERA', 'android.permission.INSTALL_SHORTCUT', 'com.whatsapp.w4b.permission.MAPS_RECEIVE', 'com.whatsapp.sticker.READ', 'android.permission.WRITE_CONTACTS', 'com.whatsapp.permission.REGISTRATION', 'android.permission.ACCESS_WIFI_STATE', 'android.permission.USE_FULL_SCREEN_INTENT', 'android.permission.MODIFY_AUDIO_SETTINGS']",
}