{
"name" : "Fastmail",
"url" : "https://play.google.com/store/apps/details?id=com.fastmail.app",
"package" : "com.fastmail.app",
"category" : "Communication",
"description" : "Use the power and elegance of the Fastmail interface on the go. Your email, contacts, and calendars stay with you on mobile devices.  * Get instant alerts for new mail arriving in folders that are important to you. * Search your entire email archive in seconds. * Schedule meetings, respond to invitations, and look up contacts with just a few taps. * Pin important messages to the top of your inbox for instant access. * Easy access bar puts all your information at your fingertips.  Note: You must be either a paid subscriber or have verified your trial Fastmail account to use this app.  Offering trustworthy service, outstanding technology, and a personable approach -- Fastmail is email on your side. For your mobile needs, the Fastmail app is pleasingly intuitive and fast at every touchpoint. Access your email, contacts, and calendars wherever you go. ",
"desc_perms" : "['android.permission.INTERNET', 'android.vending.BILLING', 'android.permission.READ_CALENDAR']",
"manifest_perms" : "['com.huawei.android.launcher.permission.CHANGE_BADGE', 'com.google.android.finsky.permission.BIND_GET_INSTALL_REFERRER_SERVICE', 'com.oppo.launcher.permission.WRITE_SETTINGS', 'android.permission.WRITE_EXTERNAL_STORAGE', 'android.permission.ACCESS_NETWORK_STATE', 'com.majeur.launcher.permission.UPDATE_BADGE', 'com.huawei.android.launcher.permission.READ_SETTINGS', 'com.sonyericsson.home.permission.BROADCAST_BADGE', 'com.google.android.c2dm.permission.RECEIVE', 'me.everything.badger.permission.BADGE_COUNT_READ', 'com.huawei.android.launcher.permission.WRITE_SETTINGS', 'android.permission.WAKE_LOCK', 'com.sonymobile.home.permission.PROVIDER_INSERT_BADGE', 'android.permission.INTERNET', 'android.permission.READ_APP_BADGE', 'com.sec.android.provider.badge.permission.READ', 'com.sec.android.provider.badge.permission.WRITE', 'me.everything.badger.permission.BADGE_COUNT_WRITE', 'com.htc.launcher.permission.READ_SETTINGS', 'com.htc.launcher.permission.UPDATE_SHORTCUT', 'com.oppo.launcher.permission.READ_SETTINGS', 'com.anddoes.launcher.permission.UPDATE_COUNT']",
"perms_with_call" : "['android.permission.BROADCAST_STICKY', 'android.permission.ACCESS_COARSE_LOCATION', 'android.permission.ACCESS_FINE_LOCATION', 'android.permission.GET_TASKS', 'android.permission.WAKE_LOCK', 'android.permission.ACCESS_NETWORK_STATE']" 
"extra_perms" : "['android.permission.ACCESS_COARSE_LOCATION', 'android.permission.WRITE_EXTERNAL_STORAGE', 'android.permission.ACCESS_FINE_LOCATION', 'android.permission.ACCESS_NETWORK_STATE']",
}