{
"name" : "Glo-Ghana TopUp",
"url" : "https://play.google.com/store/apps/details?id=com.etopuponline.glotelecom",
"package" : "com.etopuponline.glotelecom",
"category" : "Communication",
"description" : "Download the Official Top up App for Glo Ghana prepaid mobile phones  the fastest, easiest, and the most convenient way to recharge your phone!  Buy airtime from anywhere in the world!  Glo Ghana Customers  Buy credit for your own phone in Ghana or while traveling overseas. Friends or Family in the USA, Canada, France or anywhere else in the world  Add credits to your loved ones Glo prepaid phones in Ghana without paying any foreign transaction fees.  Features:  Send From Anywhere  Send Glo airtime to your friends and family from anywhere in the world.  Top Up Your Glo Phone  Buy credit for your own Glo prepaid phone.  No Fees  No processing fees or bank charges.  Exclusive Promotions  Free bonus minutes and data (when applicable).  Multiple Payment Options  Pay with Visa, Mastercard, Amex or PayPal.  Easy Registration  Quickly sign up with email, Facebook, or Google logins.  Auto-Top Up  Set up a recurring top-up for hassle-free recurring transactions.  Single Login  Use your same account on the Glo website and the Top-Up App.  Quickly Repeat Your Last Top Up - Single touch Repeat Top Up option lets you send to the same phone number with the same amount instantly.  Its as easy as 1,2,3: 1. Enter the phone number 2. Select an amount 3. Hit pay and send! ",
"desc_perms" : "['android.permission.ACCESS_NETWORK_STATE', 'android.permission.READ_CONTACTS', 'android.permission.INTERNET', 'android.permission.ACCESS_WIFI_STATE', 'android.permission.GET_ACCOUNTS', 'android.permission.WRITE_CONTACTS']",
"manifest_perms" : "['com.sonyericsson.home.permission.BROADCAST_BADGE', 'com.huawei.android.launcher.permission.READ_SETTINGS', 'android.permission.NETWORK_STATE', 'android.permission.LOCATION_HARDWARE', 'com.sec.android.provider.badge.permission.READ', 'android.permission.BLUETOOTH', 'com.anddoes.launcher.permission.UPDATE_COUNT', 'android.permission.ACCESS_FINE_LOCATION', 'android.permission.WRITE_EXTERNAL_STORAGE', 'com.majeur.launcher.permission.UPDATE_BADGE', 'android.permission.ACCESS_COARSE_LOCATION', 'com.google.android.finsky.permission.BIND_GET_INSTALL_REFERRER_SERVICE', 'android.permission.CAMERA', 'android.permission.READ_APP_BADGE', 'com.google.android.c2dm.permission.RECEIVE', 'android.permission.ACCESS_NETWORK_STATE', 'android.permission.READ_EXTERNAL_STORAGE', 'com.htc.launcher.permission.UPDATE_SHORTCUT', 'android.permission.BATTERY_STATS', 'android.permission.READ_CONTACTS', 'android.permission.INTERNET', 'com.oppo.launcher.permission.READ_SETTINGS', 'com.etopuponline.glotelecom.permission.C2D_MESSAGE', 'android.permission.READ_PHONE_STATE', 'android.permission.SYSTEM_ALERT_WINDOW', 'me.everything.badger.permission.BADGE_COUNT_READ', 'android.permission.VIBRATE', 'com.huawei.android.launcher.permission.CHANGE_BADGE', 'android.permission.RECEIVE_BOOT_COMPLETED', 'com.huawei.android.launcher.permission.WRITE_SETTINGS', 'com.htc.launcher.permission.READ_SETTINGS', 'com.sec.android.provider.badge.permission.WRITE', 'android.permission.WAKE_LOCK', 'android.permission.FOREGROUND_SERVICE', 'com.oppo.launcher.permission.WRITE_SETTINGS', 'android.permission.ACCESS_WIFI_STATE', 'me.everything.badger.permission.BADGE_COUNT_WRITE', 'com.sonymobile.home.permission.PROVIDER_INSERT_BADGE']",
"perms_with_call" : "['android.permission.ACCESS_COARSE_LOCATION', 'android.permission.BROADCAST_STICKY', 'android.permission.USE_FINGERPRINT', 'android.permission.ACCESS_NETWORK_STATE', 'android.permission.WAKE_LOCK', 'android.permission.BLUETOOTH_ADMIN', 'android.permission.GET_TASKS', 'android.permission.BLUETOOTH', 'android.permission.ACCESS_WIFI_STATE', 'android.permission.ACCESS_FINE_LOCATION', 'android.permission.CHANGE_WIFI_STATE']" 
"extra_perms" : "['android.permission.WRITE_EXTERNAL_STORAGE', 'android.permission.ACCESS_COARSE_LOCATION', 'android.permission.CAMERA', 'android.permission.BATTERY_STATS', 'android.permission.NETWORK_STATE', 'android.permission.LOCATION_HARDWARE', 'android.permission.READ_PHONE_STATE', 'android.permission.READ_EXTERNAL_STORAGE', 'android.permission.ACCESS_FINE_LOCATION', 'android.permission.SYSTEM_ALERT_WINDOW']",
}