{
"name" : "HCL Sametime",
"url" : "https://play.google.com/store/apps/details?id=com.hcl.android.sametime",
"package" : "com.hcl.android.sametime",
"category" : "Communication",
"description" : "HCL Sametime is a highly secure, persistent team chat app for the HCL Sametime platform. It allows users to communicate securely in real-time across devices on web, desktop or mobile.   It is ideal for cross-team chat in countries with strict data privacy and gravity laws, companies in regulated industries, and government entities who need to be able to ensure the security and auditability of their data. With v11, secure conversations just got a lot easier. From a new user experience to modernized industry-standard technologies, Sametime v11 the best, most feature-rich version yet.  HCL Sametime works with your Sametime 10 and 11 server infrastructure.  Key features:  Persistent chat support  Multiple simultaneous device support  Robust Contact list management  Integrated Sametime presence  One-to-one and group chat  Broadcast announcements  Send and receive photos  Push notification support (requires Sametime 11 Server FP1)  Support for multiple communities  URL-based, one-click configuration  Third party Conferencing integration  Connectivity Requirements HCL Sametime supports both the IBM Sametime 10 and the HCL Sametime 11 Server The persistent chat policy must be enabled. Sametime 11 FP1 Server is recommended and is required for push notification support.  For more information on HCL Sametime, visit: https://www.hcltechsw.com/wps/portal/products/sametime   Connect with us via our Sametime Forum at: https://support.hcltechsw.com/csm?id=community_forum&sys_id=e3c946d01b80841077761fc58d4bcb04 ",
"desc_perms" : "['android.permission.ACCESS_WIFI_STATE', 'android.permission.INTERNET', 'android.permission.ACCESS_NETWORK_STATE']",
"manifest_perms" : "['android.permission.BROADCAST_STICKY', 'android.permission.BLUETOOTH_ADMIN', 'android.permission.BLUETOOTH', 'android.permission.AUTHENTICATE_ACCOUNTS', 'android.permission.USE_CREDENTIALS', 'android.permission.ACCESS_FINE_LOCATION', 'android.permission.WRITE_EXTERNAL_STORAGE', 'com.google.android.finsky.permission.BIND_GET_INSTALL_REFERRER_SERVICE', 'android.permission.CAMERA', 'com.google.android.c2dm.permission.RECEIVE', 'android.permission.ACCESS_NETWORK_STATE', 'android.permission.MANAGE_ACCOUNTS', 'android.permission.READ_LOGS', 'android.permission.READ_CONTACTS', 'android.permission.INTERNET', 'android.permission.READ_PHONE_STATE', 'android.permission.GET_ACCOUNTS', 'android.permission.WRITE_CONTACTS', 'android.permission.RECORD_AUDIO', 'android.permission.VIBRATE', 'android.permission.CALL_PHONE', 'android.permission.MODIFY_AUDIO_SETTINGS', 'android.permission.WAKE_LOCK', 'android.permission.FOREGROUND_SERVICE', 'android.permission.GET_TASKS', 'android.permission.ACCESS_WIFI_STATE']",
"perms_with_call" : "['android.permission.ACCESS_COARSE_LOCATION', 'android.permission.BROADCAST_STICKY', 'android.permission.MODIFY_AUDIO_SETTINGS', 'android.permission.ACCESS_NETWORK_STATE', 'android.permission.WAKE_LOCK', 'android.permission.GET_TASKS', 'android.permission.BLUETOOTH', 'android.permission.ACCESS_WIFI_STATE', 'android.permission.READ_PHONE_STATE', 'android.permission.ACCESS_FINE_LOCATION']" 
"extra_perms" : "['android.permission.READ_LOGS', 'android.permission.WRITE_EXTERNAL_STORAGE', 'android.permission.RECORD_AUDIO', 'android.permission.ACCESS_COARSE_LOCATION', 'android.permission.CALL_PHONE', 'android.permission.CAMERA', 'android.permission.MODIFY_AUDIO_SETTINGS', 'android.permission.READ_CONTACTS', 'android.permission.READ_PHONE_STATE', 'android.permission.GET_ACCOUNTS', 'android.permission.ACCESS_FINE_LOCATION', 'android.permission.WRITE_CONTACTS']",
}