{
"name" : "Ymax",
"url" : "https://play.google.com/store/apps/details?id=com.revesoft.mobiledialer.ymax.ymax",
"package" : "com.revesoft.mobiledialer.ymax.ymax",
"category" : "Communication",
"description" : "Ymax is a Mobile VoIP dialer application that allows to make VoIP calls from any of the Android devices and it uses 3G/Edge/Wi-Fi Internet connectivity.It is developed based on the requirements of VoIP Providers business needs  Features :- Ymax uses SIP protocol based for signaling. Runs Behind NAT or private IP. User Friendly Interface. Auto Sync of Balance. Real Time Sip status messages. Call History. Address book integration. Compatible with all sip standard switches. ",
"desc_perms" : "['android.permission.INTERNET', 'android.permission.READ_PHONE_STATE', 'android.permission.ACCESS_WIFI_STATE', 'android.permission.ACCESS_NETWORK_STATE', 'android.permission.MODIFY_AUDIO_SETTINGS', 'android.permission.CALL_PHONE']",
"manifest_perms" : "['android.permission.RECEIVE_BOOT_COMPLETED', 'android.permission.CAMERA', 'android.permission.VIBRATE', 'android.permission.BLUETOOTH', 'android.permission.MODIFY_AUDIO_SETTINGS', 'android.permission.AUTHENTICATE_ACCOUNTS', 'android.permission.READ_SYNC_SETTINGS', 'android.permission.WRITE_EXTERNAL_STORAGE', 'android.permission.READ_PROFILE', 'android.permission.ACCESS_WIFI_STATE', 'android.permission.WRITE_SYNC_SETTINGS', 'android.permission.BROADCAST_STICKY', 'com.revesoft.mobiledialer.ymax.ymax.permission.C2D_MESSAGE', 'android.permission.WAKE_LOCK', 'android.permission.SYSTEM_ALERT_WINDOW', 'android.permission.INTERNET', 'android.permission.RECORD_AUDIO', 'android.permission.BLUETOOTH_ADMIN', 'com.google.android.c2dm.permission.RECEIVE', 'android.permission.READ_CONTACTS', 'android.permission.CALL_PHONE', 'android.permission.READ_PHONE_STATE', 'android.permission.MANAGE_ACCOUNTS', 'android.permission.DISABLE_KEYGUARD', 'android.permission.ACCESS_NETWORK_STATE', 'android.permission.GET_ACCOUNTS', 'android.permission.WRITE_CONTACTS', 'android.permission.READ_EXTERNAL_STORAGE']",
"perms_with_call" : "['android.permission.READ_EXTERNAL_STORAGE', 'android.permission.READ_PHONE_STATE', 'android.permission.ACCESS_WIFI_STATE', 'android.permission.SEND_SMS', 'android.permission.DISABLE_KEYGUARD', 'android.permission.ACCESS_COARSE_LOCATION', 'android.permission.BLUETOOTH', 'android.permission.ACCESS_NETWORK_STATE', 'android.permission.MODIFY_AUDIO_SETTINGS', 'android.permission.GET_TASKS', 'android.permission.BROADCAST_STICKY', 'android.permission.WAKE_LOCK', 'android.permission.ACCESS_FINE_LOCATION']" 
"extra_perms" : "['android.permission.CAMERA', 'android.permission.SEND_SMS', 'android.permission.RECORD_AUDIO', 'android.permission.ACCESS_FINE_LOCATION', 'android.permission.DISABLE_KEYGUARD', 'android.permission.ACCESS_COARSE_LOCATION', 'android.permission.READ_CONTACTS', 'android.permission.GET_ACCOUNTS', 'android.permission.WRITE_CONTACTS', 'android.permission.READ_EXTERNAL_STORAGE', 'android.permission.SYSTEM_ALERT_WINDOW', 'android.permission.WRITE_EXTERNAL_STORAGE']",
}