{
"name" : "Dooth",
"url" : "https://play.google.com/store/apps/details?id=com.dooth.doothapp",
"package" : "com.dooth.doothapp",
"category" : "Communication",
"description" : "Dooth:  Your privacy in your hand  Free for you and your family  Be Private. Speak freely  Secret chat. Lock a chat window.  Your data is stored on your device only.  Device-to-Device Encryption, superior than the traditional End-to-End Encryption.  Dooth is the only messaging app that guarantees unprecedented privacy, security and safety. Dooth cannot see, view or hear your communications between you and your loved ones. Your communication passes thru Dooth servers and nothing is ever stored or used for online data businesses.  Be yourself. No one can snoop or profile you! Dooth does not track or profile you for Ads. . Dooth is only for those, who care for privacy, security and safety of their family and friends.   Keep the Dooth App in your device to keep Privacy in your hand!  People are increasingly becoming conscious of their sensitive and personal data, and do not want online companies to have access to it. Stop the abuse of your confidential and personal communications with your loved ones, use Dooth.   Your messaging, e-mail and social media contents are your personal business and no one elses including us. With Dooth, you can be yourself and freely explore the online world as Dooth does not track, profile or snoop you!  Dooth Hack-proof your Phone Number to prevent unauthorized registration on a different device.  Dooths DNA is built around Data Privacy, Information Security and Personal Safety. Your online activities performed on Dooth such as emails, messages, calls, social media, shared documents, pictures and other online activities are private, encrypted, and secure.  Online activities performed on the Dooth Platform are private, encrypted, and secure. With Dooth: No tracking. No snooping. No profiling. No prying eyes.   Dooth is based on the concept of a messenger- a historical and oriental profession in India that existed in the medieval days to send and receive messages amongst the royals and the elites.  The job of a messenger, or a Dooth, was to deliver a message without compromising its security, let alone read its contents.  The Dooths sole responsibility was to convey the message or perish in the effort. This method ensured that there were no security breaches or invasions of privacy.  Here are the highlights to some of our key features:  Privacy   No tracking, no profiling, no prying eyes, no stalking Online personal behaviour is not tracked Personal and professional business is strictly confidential Data is a personal property Sensitive data is stored in ones country  Security  Device-to-device encryption more secure than end-to-end encryption No spoofing and tracking Prevent un-authorised phone number registration Lock a chat when handing over the phone Chat app medias are not visible in the gallery Data is inaccessible if the phone is lost   Personal Safety  Last Message display lock Hack-proof ones phone number to prevent un-authorized registration Prevents socially unsafe news circulation Accidental video call lock information  Other Features  Timed messaging: Messages will automatically disappear from conversations when  the timer you set for runs-out Advanced settings for stories that provide you more customised security features Location sharing Easy on eyes - Zoom a message ",
"desc_perms" : "['android.permission.READ_EXTERNAL_STORAGE', 'android.permission.WRITE_EXTERNAL_STORAGE', 'android.permission.ACCESS_FINE_LOCATION', 'android.permission.ACCESS_NETWORK_STATE', 'android.permission.CAMERA', 'android.permission.INTERNET', 'android.permission.ACCESS_WIFI_STATE']",
"manifest_perms" : "['android.permission.FOREGROUND_SERVICE', 'android.permission.BROADCAST_STICKY', 'com.huawei.android.launcher.permission.CHANGE_BADGE', 'android.permission.WRITE_SYNC_SETTINGS', 'android.permission.READ_SYNC_SETTINGS', 'android.permission.ACCESS_FINE_LOCATION', 'android.permission.USE_CREDENTIALS', 'android.permission.GET_TASKS', 'android.permission.BLUETOOTH', 'android.permission.RECEIVE_BOOT_COMPLETED', 'android.permission.MODIFY_AUDIO_SETTINGS', 'com.oppo.launcher.permission.WRITE_SETTINGS', 'com.google.android.finsky.permission.BIND_GET_INSTALL_REFERRER_SERVICE', 'android.permission.READ_PROFILE', 'org.ntpsync.permission.SET_TIME', 'org.ntpsync.permission.GET_TIME', 'android.permission.WRITE_INTERNAL_STORAGE', 'com.htc.launcher.permission.UPDATE_SHORTCUT', 'android.permission.SYSTEM_ALERT_WINDOW', 'android.permission.ACCESS_DOWNLOAD_MANAGER', 'android.permission.WRITE_EXTERNAL_STORAGE', 'android.permission.WRITE_CONTACTS', 'com.majeur.launcher.permission.UPDATE_BADGE', 'com.huawei.android.launcher.permission.READ_SETTINGS', 'android.permission.SET_WALLPAPER', 'android.permission.RECORD_AUDIO', 'android.permission.RAISED_THREAD_PRIORITY', 'com.anddoes.launcher.permission.UPDATE_COUNT', 'android.permission.READ_CALL_STATE', 'android.permission.USE_FINGERPRINT', 'android.permission.WRITE_CALENDAR', 'com.sonyericsson.home.permission.BROADCAST_BADGE', 'android.permission.VIBRATE', 'android.permission.ACCESS_WIFI_STATE', 'android.permission.READ_CALENDAR', 'com.google.android.c2dm.permission.RECEIVE', 'me.everything.badger.permission.BADGE_COUNT_READ', 'android.permission.CALL_PHONE', 'com.android.launcher.permission.INSTALL_SHORTCUT', 'com.huawei.android.launcher.permission.WRITE_SETTINGS', 'android.permission.PACKAGE_USAGE_STATS', 'android.permission.AUTHENTICATE_ACCOUNTS', 'android.permission.WAKE_LOCK', 'android.permission.GET_ACCOUNTS', 'com.sonymobile.home.permission.PROVIDER_INSERT_BADGE', 'android.permission.DISABLE_KEYGUARD', 'android.permission.CAMERA', 'android.permission.INTERNET', 'android.permission.USE_BIOMETRIC', 'android.permission.CHANGE_WIFI_STATE', 'android.permission.READ_PHONE_STATE', 'android.permission.REQUEST_IGNORE_BATTERY_OPTIMIZATIONS', 'com.sec.android.provider.badge.permission.READ', 'android.permission.WRITE_PROFILE', 'android.permission.READ_APP_BADGE', 'com.sec.android.provider.badge.permission.WRITE', 'android.permission.READ_CONTACTS', 'android.permission.READ_EXTERNAL_STORAGE', 'android.permission.CHANGE_NETWORK_STATE', 'com.dooth.doothapp.ACCESS_SECRETS', 'android.permission.ACCESS_COARSE_LOCATION', 'android.permission.MANAGE_ACCOUNTS', 'com.htc.launcher.permission.READ_SETTINGS', 'me.everything.badger.permission.BADGE_COUNT_WRITE', 'android.permission.USE_FULL_SCREEN_INTENT', 'android.permission.ACCESS_NETWORK_STATE', 'android.permission.INSTALL_SHORTCUT', 'com.oppo.launcher.permission.READ_SETTINGS', 'android.permission.BROADCAST_WAP_PUSH']",
"perms_with_call" : "['android.permission.BROADCAST_STICKY', 'android.permission.READ_EXTERNAL_STORAGE', 'android.permission.CHANGE_NETWORK_STATE', 'android.permission.ACCESS_COARSE_LOCATION', 'android.permission.ACCESS_FINE_LOCATION', 'android.permission.GET_TASKS', 'android.permission.WAKE_LOCK', 'android.permission.BLUETOOTH', 'android.permission.SEND_SMS', 'android.permission.MODIFY_AUDIO_SETTINGS', 'android.permission.USE_FINGERPRINT', 'android.permission.ACCESS_NETWORK_STATE', 'android.permission.RECEIVE_MMS', 'android.permission.ACCESS_WIFI_STATE', 'android.permission.READ_PHONE_STATE']" 
"extra_perms" : "['android.permission.CALL_PHONE', 'android.permission.PACKAGE_USAGE_STATS', 'android.permission.BROADCAST_WAP_PUSH', 'android.permission.GET_ACCOUNTS', 'android.permission.MODIFY_AUDIO_SETTINGS', 'android.permission.DISABLE_KEYGUARD', 'org.ntpsync.permission.SET_TIME', 'android.permission.READ_PHONE_STATE', 'android.permission.REQUEST_IGNORE_BATTERY_OPTIMIZATIONS', 'org.ntpsync.permission.GET_TIME', 'android.permission.WRITE_PROFILE', 'android.permission.WRITE_INTERNAL_STORAGE', 'android.permission.READ_CONTACTS', 'android.permission.INSTALL_SHORTCUT', 'android.permission.ACCESS_DOWNLOAD_MANAGER', 'android.permission.ACCESS_COARSE_LOCATION', 'com.dooth.doothapp.ACCESS_SECRETS', 'android.permission.WRITE_CONTACTS', 'android.permission.USE_FULL_SCREEN_INTENT', 'android.permission.RAISED_THREAD_PRIORITY', 'android.permission.RECORD_AUDIO', 'android.permission.SEND_SMS', 'android.permission.READ_CALL_STATE', 'android.permission.RECEIVE_MMS', 'android.permission.WRITE_CALENDAR', 'android.permission.SYSTEM_ALERT_WINDOW', 'android.permission.READ_CALENDAR']",
}