{
"name" : "arshvoip",
"url" : "https://play.google.com/store/apps/details?id=com.arsh_voip.dialer_95326",
"package" : "com.arsh_voip.dialer_95326",
"category" : "Communication",
"description" : "arshvoip Dialer is a mobile app for Android and other smartphones, offering a range of functionalists like VoIP Calls, cross-OS Instant Messaging, automated Calling Card usage and much more from data enabled mobile phones (3G/4G or WiFi).  For using this app, end users will need an Operator Code, which they can obtain from a VoIP Service Provider. ",
"desc_perms" : "[]",
"manifest_perms" : "['android.permission.BROADCAST_STICKY', 'android.permission.FOREGROUND_SERVICE', 'android.permission.WRITE_SYNC_SETTINGS', 'android.permission.READ_SYNC_SETTINGS', 'android.permission.BLUETOOTH', 'android.permission.RECEIVE_BOOT_COMPLETED', 'android.permission.MODIFY_AUDIO_SETTINGS', 'android.permission.READ_PROFILE', 'com.arsh_voip.dialer_95326.permission.C2D_MESSAGE', 'android.permission.SYSTEM_ALERT_WINDOW', 'android.permission.WRITE_EXTERNAL_STORAGE', 'android.permission.WRITE_CONTACTS', 'android.permission.RECORD_AUDIO', 'android.permission.VIBRATE', 'android.permission.ACCESS_WIFI_STATE', 'com.google.android.c2dm.permission.RECEIVE', 'android.permission.CALL_PHONE', 'android.permission.AUTHENTICATE_ACCOUNTS', 'android.permission.WAKE_LOCK', 'android.permission.GET_ACCOUNTS', 'android.permission.DISABLE_KEYGUARD', 'android.permission.CAMERA', 'android.permission.INTERNET', 'android.permission.READ_PHONE_STATE', 'android.permission.READ_CONTACTS', 'android.permission.MANAGE_ACCOUNTS', 'android.permission.READ_EXTERNAL_STORAGE', 'android.permission.ACCESS_NETWORK_STATE', 'android.permission.BLUETOOTH_ADMIN']",
"perms_with_call" : "['android.permission.BROADCAST_STICKY', 'android.permission.READ_EXTERNAL_STORAGE', 'android.permission.ACCESS_COARSE_LOCATION', 'android.permission.ACCESS_FINE_LOCATION', 'android.permission.GET_TASKS', 'android.permission.WAKE_LOCK', 'android.permission.BLUETOOTH', 'android.permission.SEND_SMS', 'android.permission.MODIFY_AUDIO_SETTINGS', 'android.permission.ACCESS_NETWORK_STATE', 'android.permission.DISABLE_KEYGUARD', 'android.permission.ACCESS_WIFI_STATE', 'android.permission.READ_PHONE_STATE']" 
"extra_perms" : "['android.permission.CALL_PHONE', 'android.permission.ACCESS_FINE_LOCATION', 'android.permission.GET_ACCOUNTS', 'android.permission.MODIFY_AUDIO_SETTINGS', 'android.permission.DISABLE_KEYGUARD', 'android.permission.CAMERA', 'android.permission.INTERNET', 'android.permission.READ_PHONE_STATE', 'android.permission.READ_EXTERNAL_STORAGE', 'android.permission.READ_CONTACTS', 'android.permission.SYSTEM_ALERT_WINDOW', 'android.permission.ACCESS_COARSE_LOCATION', 'android.permission.WRITE_EXTERNAL_STORAGE', 'android.permission.WRITE_CONTACTS', 'android.permission.RECORD_AUDIO', 'android.permission.SEND_SMS', 'android.permission.ACCESS_NETWORK_STATE', 'android.permission.ACCESS_WIFI_STATE']",
}