{
"name" : "InvestaChat",
"url" : "https://play.google.com/store/apps/details?id=com.investachat",
"package" : "com.investachat",
"category" : "Communication",
"description" : "InvestaChat  Receive realtime messages and notifications from other Investagrams users!  - Powered by the leading social-financial platform in the Philippines. - Get to chat with hundreds of users interested in financial markets - Send links, images, stickers, and more!  Now, theres no more reason not to meet and learn from like-minded traders and investors!   Follow us on:  Investagrams: https://www.investagrams.com/Profile/investagrams  Facebook: https://www.facebook.com/Investagrams  Twitter: https://twitter.com/investagrams  Google+: http://google.com/+Investagramss  Linkedin: https://www.linkedin.com/company/investagrams ",
"desc_perms" : "[]",
"manifest_perms" : "['android.permission.READ_INTERNAL_STORAGE', 'android.permission.USE_FINGERPRINT', 'com.android.launcher.permission.INSTALL_SHORTCUT', 'android.permission.ACCESS_WIFI_STATE', 'com.google.android.c2dm.permission.RECEIVE', 'android.permission.ACCESS_COARSE_LOCATION', 'android.permission.WRITE_CALENDAR', 'android.permission.ACCESS_NETWORK_STATE', 'android.permission.READ_PHONE_STATE', 'android.permission.WAKE_LOCK', 'android.permission.MANAGE_DOCUMENTS', 'com.sec.android.provider.badge.permission.WRITE', 'android.permission.WRITE_EXTERNAL_STORAGE', 'com.htc.launcher.permission.UPDATE_SHORTCUT', 'android.permission.READ_CONTACTS', 'com.anddoes.launcher.permission.UPDATE_COUNT', 'com.google.android.providers.gsf.permission.READ_GSERVICES', 'android.permission.CAMERA', 'android.permission.READ_CALENDAR', 'com.google.android.finsky.permission.BIND_GET_INSTALL_REFERRER_SERVICE', 'com.investachat.permission.C2D_MESSAGE', 'com.majeur.launcher.permission.UPDATE_BADGE', 'com.sec.android.provider.badge.permission.READ', 'com.google.android.gms.permission.ACTIVITY_RECOGNITION', 'android.permission.SYSTEM_ALERT_WINDOW', 'host.exp.exponent.permission.C2D_MESSAGE', 'android.permission.READ_EXTERNAL_STORAGE', 'android.permission.STORAGE', 'android.permission.MODIFY_AUDIO_SETTINGS', 'android.permission.VIBRATE', 'android.permission.FOREGROUND_SERVICE', 'com.htc.launcher.permission.READ_SETTINGS', 'android.permission.REQUEST_INSTALL_PACKAGES', 'android.permission.RECORD_AUDIO', 'android.permission.INTERNET', 'android.permission.RECEIVE_BOOT_COMPLETED', 'android.permission.WRITE_SETTINGS', 'com.sonyericsson.home.permission.BROADCAST_BADGE', 'android.permission.ACCESS_FINE_LOCATION']",
"perms_with_call" : "['android.permission.BROADCAST_STICKY', 'android.permission.USE_FINGERPRINT', 'android.permission.GET_TASKS', 'android.permission.BLUETOOTH_ADMIN', 'android.permission.CHANGE_WIFI_STATE', 'android.permission.ACCESS_WIFI_STATE', 'android.permission.ACCESS_COARSE_LOCATION', 'android.permission.BLUETOOTH', 'android.permission.CHANGE_NETWORK_STATE', 'android.permission.ACCESS_FINE_LOCATION', 'android.permission.ACCESS_NETWORK_STATE', 'android.permission.MODIFY_AUDIO_SETTINGS', 'android.permission.WAKE_LOCK']" 
"extra_perms" : "['android.permission.READ_INTERNAL_STORAGE', 'android.permission.READ_CALENDAR', 'android.permission.ACCESS_WIFI_STATE', 'android.permission.ACCESS_COARSE_LOCATION', 'android.permission.WRITE_CALENDAR', 'android.permission.SYSTEM_ALERT_WINDOW', 'android.permission.ACCESS_NETWORK_STATE', 'host.exp.exponent.permission.C2D_MESSAGE', 'android.permission.READ_EXTERNAL_STORAGE', 'android.permission.READ_PHONE_STATE', 'android.permission.STORAGE', 'android.permission.MODIFY_AUDIO_SETTINGS', 'android.permission.MANAGE_DOCUMENTS', 'android.permission.RECORD_AUDIO', 'android.permission.WRITE_EXTERNAL_STORAGE', 'android.permission.INTERNET', 'android.permission.READ_CONTACTS', 'android.permission.CAMERA', 'android.permission.ACCESS_FINE_LOCATION']",
}