{
"name" : "MimOne",
"url" : "https://play.google.com/store/apps/details?id=com.revesoft.mimtel_communication.mimone",
"package" : "com.revesoft.mimtel_communication.mimone",
"category" : "Communication",
"description" : "With its simple and intuitive user interface, MimOne is the solution to making high quality calls for a fraction of cost. Utilizing the latest advances in VoIP technology, you can be ensured that all your communications are secure and affordable.  MimOne is a SIP-based Soft Phone. You can call your friends and family from MimOne with lowest international call rates! And very good quality. ",
"desc_perms" : "['android.permission.MODIFY_AUDIO_SETTINGS', 'android.permission.READ_CONTACTS', 'android.permission.READ_PHONE_STATE', 'android.permission.CALL_PHONE']",
"manifest_perms" : "['android.permission.RECEIVE_BOOT_COMPLETED', 'android.permission.CAMERA', 'android.permission.VIBRATE', 'android.permission.ACCESS_COARSE_LOCATION', 'android.permission.BLUETOOTH', 'android.permission.FOREGROUND_SERVICE', 'android.permission.MODIFY_AUDIO_SETTINGS', 'android.permission.AUTHENTICATE_ACCOUNTS', 'android.permission.READ_SYNC_SETTINGS', 'android.permission.WRITE_EXTERNAL_STORAGE', 'android.permission.ACCESS_FINE_LOCATION', 'android.permission.READ_PROFILE', 'com.revesoft.mimtel_communication.mimone.permission.C2D_MESSAGE', 'android.permission.ACCESS_WIFI_STATE', 'android.permission.WRITE_SYNC_SETTINGS', 'android.permission.BROADCAST_STICKY', 'android.permission.WAKE_LOCK', 'android.permission.SYSTEM_ALERT_WINDOW', 'android.permission.INTERNET', 'android.permission.RECORD_AUDIO', 'android.permission.BLUETOOTH_ADMIN', 'com.google.android.c2dm.permission.RECEIVE', 'android.permission.READ_CONTACTS', 'android.permission.CALL_PHONE', 'android.permission.READ_PHONE_STATE', 'android.permission.MANAGE_ACCOUNTS', 'com.google.android.finsky.permission.BIND_GET_INSTALL_REFERRER_SERVICE', 'android.permission.DISABLE_KEYGUARD', 'android.permission.ACCESS_NETWORK_STATE', 'android.permission.GET_ACCOUNTS', 'android.permission.WRITE_CONTACTS', 'android.permission.READ_EXTERNAL_STORAGE']",
"perms_with_call" : "['android.permission.READ_EXTERNAL_STORAGE', 'android.permission.READ_PHONE_STATE', 'android.permission.SEND_SMS', 'android.permission.DISABLE_KEYGUARD', 'android.permission.ACCESS_COARSE_LOCATION', 'android.permission.BLUETOOTH', 'android.permission.ACCESS_NETWORK_STATE', 'android.permission.MODIFY_AUDIO_SETTINGS', 'android.permission.GET_TASKS', 'android.permission.BROADCAST_STICKY', 'android.permission.WAKE_LOCK', 'android.permission.ACCESS_FINE_LOCATION']" 
"extra_perms" : "['android.permission.INTERNET', 'android.permission.CAMERA', 'android.permission.SEND_SMS', 'android.permission.RECORD_AUDIO', 'android.permission.ACCESS_WIFI_STATE', 'android.permission.ACCESS_FINE_LOCATION', 'android.permission.DISABLE_KEYGUARD', 'android.permission.ACCESS_COARSE_LOCATION', 'android.permission.ACCESS_NETWORK_STATE', 'android.permission.GET_ACCOUNTS', 'android.permission.WRITE_CONTACTS', 'android.permission.READ_EXTERNAL_STORAGE', 'android.permission.SYSTEM_ALERT_WINDOW', 'android.permission.WRITE_EXTERNAL_STORAGE']",
}