{
"name" : "BayAgro",
"url" : "https://play.google.com/store/apps/details?id=com.bayer.bcs.bayagro",
"package" : "com.bayer.bcs.bayagro",
"category" : "Communication",
"description" : "BayAgro objedinjuje sve  omoguuje vam pristup svim informacijama, ali i novostima vezanim za nae proizvode, daje pregled naih planiranih dogaaja, a nai servisi Bayer Voarski Dnevnik i Bayer Vinogradar vam postaju jo dostupniji. Nova aplikacija sadri i potpuno novi servis  Bayer ratarska patrola  koja sadri najnovije i najsvjeije informacije o stanju na terenu vezano za ratarske kulture.  Preuzmite aplikaciju jos danas i budite informirani u svako doba dana. BayAgro combines everything - allowing you access to all the information and news related to our products, giving an overview of our planned events, and our services Bayer Voarski Dnevnik and Bayer Vinogradar are becoming even more accessible to you. The new application also includes a brand new service - the Bayer Patrol Patrol - containing the latest and latest information on field conditions related to crops. Download the application today and be informed at any time of the day. ",
"desc_perms" : "['android.permission.INTERNET', 'android.permission.ACCESS_NETWORK_STATE']",
"manifest_perms" : "['com.sonyericsson.home.permission.BROADCAST_BADGE', 'com.huawei.android.launcher.permission.READ_SETTINGS', 'com.sec.android.provider.badge.permission.READ', 'com.anddoes.launcher.permission.UPDATE_COUNT', 'android.permission.WRITE_EXTERNAL_STORAGE', 'com.majeur.launcher.permission.UPDATE_BADGE', 'com.google.android.finsky.permission.BIND_GET_INSTALL_REFERRER_SERVICE', 'android.permission.CAMERA', 'android.permission.READ_APP_BADGE', 'com.google.android.c2dm.permission.RECEIVE', 'android.permission.ACCESS_NETWORK_STATE', 'com.htc.launcher.permission.UPDATE_SHORTCUT', 'android.permission.INTERNET', 'com.oppo.launcher.permission.READ_SETTINGS', 'me.everything.badger.permission.BADGE_COUNT_READ', 'com.huawei.android.launcher.permission.CHANGE_BADGE', 'com.huawei.android.launcher.permission.WRITE_SETTINGS', 'android.permission.RECEIVE_BOOT_COMPLETED', 'com.htc.launcher.permission.READ_SETTINGS', 'com.sec.android.provider.badge.permission.WRITE', 'android.permission.WAKE_LOCK', 'com.oppo.launcher.permission.WRITE_SETTINGS', 'me.everything.badger.permission.BADGE_COUNT_WRITE', 'com.sonymobile.home.permission.PROVIDER_INSERT_BADGE']",
"perms_with_call" : "['android.permission.ACCESS_COARSE_LOCATION', 'android.permission.USE_FINGERPRINT', 'android.permission.BROADCAST_STICKY', 'android.permission.ACCESS_NETWORK_STATE', 'android.permission.WAKE_LOCK', 'android.permission.GET_TASKS', 'android.permission.BLUETOOTH', 'android.permission.ACCESS_FINE_LOCATION']" 
"extra_perms" : "['android.permission.CAMERA', 'android.permission.WRITE_EXTERNAL_STORAGE', 'android.permission.ACCESS_COARSE_LOCATION', 'android.permission.ACCESS_FINE_LOCATION']",
}