{
"name" : "Dial A Cop - Kerala Police",
"url" : "https://play.google.com/store/apps/details?id=com.ict.keralapolice.kpdirectory",
"package" : "com.ict.keralapolice.kpdirectory",
"category" : "Communication",
"description" : "Kerala Police has come up with a unique idea of implementing a mobile application for the quick reach of users to a Police Officer or a Office with in a finger touch. The app is developed in house by the software development team of kerala police Information Communication and Technology Centre.   Dial A Cop an official app from Kerala Police   kerala Police Dial a Cop Provides the Following Utility to the Users  1) kerala Police Dial a Cop :- Search and Find a Police Officer/Office Contact of Kerala Police.  (Landphone,Mobile Number,Email, VPN)  2) kerala Police Dial a Cop :- Nearest Police Stations  Through Dial a Cop Users can get the nearest Police Station and Navigate to that  Police station with the help of GPS.  3) kerala Police Dial a Cop :- Closed User Group Utility  This app provides a unique utility that will help to find a particular police officers  number of Kerala police .  4) kerala Police Dial a Cop :- True Cop  True Cop is another utility of the app that will automatically provide details of the  officer in kerala police who is calling to the users mobile (If the call is from an official number)  5) kerala Police Dial a Cop :- Sharing of Contact  Users can share the contacts in this app via SMS , email , whatsapp etc.  6) kerala Police Dial a Cop :- Emergency Contact of kerala Police  Users can access to the list of Emergency Contacts which would most help full in  a panic situations.  7) kerala Police Dial a Cop:- Favorite  Users can add the frequently using contact to Favorite list so that to reduce time  searching and finding a particular contact of kerala police in an emergency situations  9) Kerala Police Dial a Cop :- Push Notifications  The new version of Dial a Cop give push notification to the public (Traffic Alert,Missing persons, Most Wanted Persons etc).  10) Kerala Police Dial a Cop:- Sharing of Text data Through Dial a Cop  Now users can share text data to contact in Dial a Cop  11) Kerala Police Dial A Cop :- CUG Profile Verification ",
"desc_perms" : "['android.permission.CALL_PHONE', 'android.permission.MODIFY_AUDIO_SETTINGS', 'android.permission.ACCESS_NETWORK_STATE', 'android.permission.READ_CONTACTS', 'android.permission.INTERNET', 'android.permission.ACCESS_WIFI_STATE', 'android.permission.READ_PHONE_STATE', 'android.permission.READ_EXTERNAL_STORAGE']",
"manifest_perms" : "['android.permission.WRITE_EXTERNAL_STORAGE', 'android.permission.ACTION_MANAGE_OVERLAY_PERMISSION', 'android.permission.ACCESS_COARSE_LOCATION', 'android.permission.VIBRATE', 'android.permission.CALL_PHONE', 'android.permission.RECEIVE_BOOT_COMPLETED', 'com.google.android.c2dm.permission.RECEIVE', 'android.permission.WAKE_LOCK', 'com.ict.keralapolice.kpdirectory.permission.C2D_MESSAGE', 'android.permission.ACCESS_NETWORK_STATE', 'android.permission.READ_CONTACTS', 'android.permission.INTERNET', 'android.permission.READ_PHONE_STATE', 'android.permission.READ_EXTERNAL_STORAGE', 'android.permission.ACCESS_FINE_LOCATION', 'android.permission.SYSTEM_ALERT_WINDOW']",
"perms_with_call" : "['android.permission.ACCESS_COARSE_LOCATION', 'android.permission.BROADCAST_STICKY', 'android.permission.USE_FINGERPRINT', 'android.permission.WAKE_LOCK', 'android.permission.ACCESS_NETWORK_STATE', 'android.permission.GET_TASKS', 'android.permission.BLUETOOTH', 'android.permission.ACCESS_FINE_LOCATION']" 
"extra_perms" : "['android.permission.WRITE_EXTERNAL_STORAGE', 'android.permission.ACTION_MANAGE_OVERLAY_PERMISSION', 'android.permission.ACCESS_COARSE_LOCATION', 'android.permission.ACCESS_FINE_LOCATION', 'android.permission.SYSTEM_ALERT_WINDOW']",
}