{
"name" : "LimeT",
"url" : "https://play.google.com/store/apps/details?id=com.primelite.limet",
"package" : "com.primelite.limet",
"category" : "Communication",
"description" : "We offer HD voice quality for all international landline & mobile number across the globe.  Forget the distance to your loved ones.Any landline or mobile across the globe, you will find it cheaper. Feel happy saving money . No matter where you call, we will connect you. LimeT is the solution to making high-quality calls for a fraction of the cost.  Utilizing the latest advances in VoIP technology, you can be ensured that all your communications are secure and affordable. Features  SIP-based Softphone with exceptional voice quality  Works from Wi-Fi/3G/4G/GSM  Easy contact book, call history. ",
"desc_perms" : "['android.permission.READ_PHONE_STATE', 'android.permission.MODIFY_AUDIO_SETTINGS', 'android.permission.CALL_PHONE']",
"manifest_perms" : "['android.permission.READ_CONTACTS', 'android.permission.PREVENT_POWER_KEY', 'android.permission.ACCESS_WIFI_STATE', 'android.permission.CAMERA', 'android.permission.MODIFY_AUDIO_SETTINGS', 'com.google.android.finsky.permission.BIND_GET_INSTALL_REFERRER_SERVICE', 'android.permission.RECEIVE_BOOT_COMPLETED', 'android.permission.RECORD_AUDIO', 'android.permission.WAKE_LOCK', 'android.permission.WRITE_EXTERNAL_STORAGE', 'android.permission.READ_PHONE_STATE', 'com.google.android.c2dm.permission.RECEIVE', 'android.permission.VIBRATE', 'android.permission.FOREGROUND_SERVICE', 'android.permission.DISABLE_KEYGUARD', 'android.permission.ACCESS_NETWORK_STATE', 'android.permission.EXPAND_STATUS_BAR', 'android.permission.GET_ACCOUNTS', 'android.permission.INTERNET']",
"perms_with_call" : "['android.permission.DISABLE_KEYGUARD', 'android.permission.BROADCAST_STICKY', 'android.permission.USE_FINGERPRINT', 'android.permission.ACCESS_COARSE_LOCATION', 'android.permission.ACCESS_NETWORK_STATE', 'android.permission.BLUETOOTH', 'android.permission.ACCESS_FINE_LOCATION', 'android.permission.GET_TASKS', 'android.permission.CHANGE_WIFI_MULTICAST_STATE', 'android.permission.MODIFY_AUDIO_SETTINGS', 'android.permission.WAKE_LOCK']" 
"extra_perms" : "['android.permission.DISABLE_KEYGUARD', 'android.permission.READ_CONTACTS', 'android.permission.PREVENT_POWER_KEY', 'android.permission.ACCESS_COARSE_LOCATION', 'android.permission.ACCESS_FINE_LOCATION', 'android.permission.ACCESS_NETWORK_STATE', 'android.permission.RECORD_AUDIO', 'android.permission.EXPAND_STATUS_BAR', 'android.permission.GET_ACCOUNTS', 'android.permission.ACCESS_WIFI_STATE', 'android.permission.CAMERA', 'android.permission.WRITE_EXTERNAL_STORAGE', 'android.permission.INTERNET']",
}