{
"name" : "Taskedin",
"url" : "https://play.google.com/store/apps/details?id=com.megatrust.taskedin",
"package" : "com.megatrust.taskedin",
"category" : "Communication",
"description" : "With Tasked in, team task management is made delightfully simple. Taskedin removes the complexity from Team tasks management and puts you in control. Using Taskedin, you and your Team work can quickly and easily set up new task, assign and share tasks, send and receive notifications, and synchronize everything across all devices. You can use Taskedin seamlessly on many different platforms including the IOS and Android. ",
"desc_perms" : "[]",
"manifest_perms" : "['android.permission.RECORD_AUDIO', 'android.permission.WRITE_EXTERNAL_STORAGE', 'com.google.android.finsky.permission.BIND_GET_INSTALL_REFERRER_SERVICE', 'android.permission.INTERNET', 'android.permission.RECEIVE_BOOT_COMPLETED', 'android.permission.ACCESS_WIFI_STATE', 'android.permission.READ_CONTACTS', 'com.google.android.c2dm.permission.RECEIVE', 'android.permission.ACCESS_NETWORK_STATE', 'android.permission.READ_EXTERNAL_STORAGE', 'android.permission.CAMERA', 'android.permission.FOREGROUND_SERVICE', 'android.permission.WAKE_LOCK']",
"perms_with_call" : "['android.permission.WAKE_LOCK', 'android.permission.GET_TASKS', 'android.permission.USE_FINGERPRINT', 'android.permission.KILL_BACKGROUND_PROCESSES', 'android.permission.CHANGE_WIFI_STATE', 'android.permission.ACCESS_WIFI_STATE', 'android.permission.ACCESS_COARSE_LOCATION', 'android.permission.BLUETOOTH', 'android.permission.CHANGE_NETWORK_STATE', 'android.permission.ACCESS_NETWORK_STATE', 'android.permission.BROADCAST_STICKY', 'android.permission.ACCESS_FINE_LOCATION']" 
"extra_perms" : "['android.permission.RECORD_AUDIO', 'android.permission.WRITE_EXTERNAL_STORAGE', 'android.permission.KILL_BACKGROUND_PROCESSES', 'android.permission.INTERNET', 'android.permission.ACCESS_WIFI_STATE', 'android.permission.ACCESS_COARSE_LOCATION', 'android.permission.READ_CONTACTS', 'android.permission.ACCESS_NETWORK_STATE', 'android.permission.READ_EXTERNAL_STORAGE', 'android.permission.CAMERA', 'android.permission.ACCESS_FINE_LOCATION']",
}