{
"name" : "Voiz Asia",
"url" : "https://play.google.com/store/apps/details?id=com.voizasia.com",
"package" : "com.voizasia.com",
"category" : "Communication",
"description" : "Voiz Asia is a mobile application which facilitates its users to talk and chat at absolutely free, we call it PIN to PIN call or IM chat. Also user can make mobile or phone calls to any operator of the world even one can send SMS to any operator at a very cheap rate. It will work in any internet network like Edge or UMTS,3G/4G,LTE and Wifi.   The features are as follows:  Free PIN to PIN calls  Cross-platform Instant messaging service where iPhone user can chat with other platforms users.  Automatic sign-up with mobile number as user ID.  Password will be send via SMS/IVR after entering the mobile number.  Supports G729 codec.  Real time balance display  Address book integration  Call history log and real time SIP status.  Caller ID display  Call and SMS worldwide with lower cost.  Loud speaker and Hold options during calls.   Using encryption technology, bandwidth reduced upto 70% at user end. ",
"desc_perms" : "['android.permission.MODIFY_AUDIO_SETTINGS', 'android.permission.SEND_SMS', 'android.permission.CALL_PHONE', 'android.permission.READ_PHONE_STATE']",
"manifest_perms" : "['android.permission.WRITE_EXTERNAL_STORAGE', 'android.permission.ACCESS_COARSE_LOCATION', 'android.permission.ACCESS_FINE_LOCATION', 'android.permission.RECEIVE_BOOT_COMPLETED', 'android.permission.BROADCAST_STICKY', 'android.permission.RECORD_AUDIO', 'android.permission.GET_ACCOUNTS', 'android.permission.SYSTEM_ALERT_WINDOW', 'android.permission.CALL_PHONE', 'android.permission.WRITE_CONTACTS', 'android.permission.FOREGROUND_SERVICE', 'android.permission.WAKE_LOCK', 'android.permission.SET_DEBUG_APP', 'android.permission.MODIFY_AUDIO_SETTINGS', 'android.permission.AUTHENTICATE_ACCOUNTS', 'com.voizasia.com.permission.C2D_MESSAGE', 'android.permission.ACCESS_NETWORK_STATE', 'android.permission.READ_CONTACTS', 'android.permission.MANAGE_ACCOUNTS', 'android.permission.BLUETOOTH_ADMIN', 'com.google.android.c2dm.permission.RECEIVE', 'android.permission.DISABLE_KEYGUARD', 'android.permission.CAMERA', 'com.google.android.finsky.permission.BIND_GET_INSTALL_REFERRER_SERVICE', 'android.permission.BLUETOOTH', 'android.permission.INTERNET', 'android.permission.READ_PHONE_STATE', 'android.permission.ACCESS_WIFI_STATE', 'android.permission.READ_SYNC_SETTINGS', 'android.permission.WRITE_SYNC_SETTINGS', 'android.permission.VIBRATE', 'android.permission.READ_PROFILE']",
"perms_with_call" : "['android.permission.ACCESS_COARSE_LOCATION', 'android.permission.ACCESS_FINE_LOCATION', 'android.permission.READ_EXTERNAL_STORAGE', 'android.permission.SEND_SMS', 'android.permission.BROADCAST_STICKY', 'android.permission.READ_PHONE_STATE', 'android.permission.ACCESS_WIFI_STATE', 'android.permission.WAKE_LOCK', 'android.permission.MODIFY_AUDIO_SETTINGS', 'android.permission.DISABLE_KEYGUARD', 'android.permission.GET_TASKS', 'android.permission.ACCESS_NETWORK_STATE', 'android.permission.BLUETOOTH']" 
"extra_perms" : "['android.permission.WRITE_EXTERNAL_STORAGE', 'android.permission.ACCESS_COARSE_LOCATION', 'android.permission.ACCESS_FINE_LOCATION', 'android.permission.SEND_SMS', 'android.permission.READ_CONTACTS', 'android.permission.READ_EXTERNAL_STORAGE', 'android.permission.RECORD_AUDIO', 'android.permission.GET_ACCOUNTS', 'android.permission.SYSTEM_ALERT_WINDOW', 'android.permission.DISABLE_KEYGUARD', 'android.permission.CAMERA', 'android.permission.WRITE_CONTACTS', 'android.permission.INTERNET', 'android.permission.ACCESS_WIFI_STATE', 'android.permission.SET_DEBUG_APP', 'android.permission.ACCESS_NETWORK_STATE']",
}