{
"name" : "SMS Antispam online",
"url" : "https://play.google.com/store/apps/details?id=com.smsantispam",
"package" : "com.smsantispam",
"category" : "Communication",
"description" : "Online SMS verification in the central anti-spam database. Possibilities:  - Blacklist / Whitelist  - Blocking not of the digital senders, blocking of all senders who are not on your contact list.  - SMS blocker - Antispam, spam blocker  Do not worry about the confidentiality of your information. Only fingerprints (SHA-256) of your SMS from senders who are not in your contact list are sent to the Internet. ",
"desc_perms" : "[]",
"manifest_perms" : "['android.permission.INTERNET', 'android.permission.SEND_SMS', 'com.android.vending.BILLING', 'android.permission.VIBRATE', 'android.permission.ACCESS_NETWORK_STATE', 'android.permission.WRITE_EXTERNAL_STORAGE', 'android.permission.RECEIVE_SMS', 'android.permission.READ_CONTACTS', 'android.permission.READ_SMS', 'android.permission.WAKE_LOCK', 'android.permission.WRITE_SMS']",
"perms_with_call" : "['android.permission.READ_EXTERNAL_STORAGE', 'android.permission.SEND_SMS', 'android.permission.ACCESS_COARSE_LOCATION', 'android.permission.ACCESS_NETWORK_STATE', 'android.permission.BROADCAST_STICKY', 'android.permission.WAKE_LOCK', 'android.permission.ACCESS_FINE_LOCATION']" 
"extra_perms" : "['android.permission.INTERNET', 'android.permission.SEND_SMS', 'com.android.vending.BILLING', 'android.permission.ACCESS_COARSE_LOCATION', 'android.permission.ACCESS_NETWORK_STATE', 'android.permission.WRITE_EXTERNAL_STORAGE', 'android.permission.RECEIVE_SMS', 'android.permission.READ_CONTACTS', 'android.permission.READ_SMS', 'android.permission.WRITE_SMS', 'android.permission.READ_EXTERNAL_STORAGE', 'android.permission.ACCESS_FINE_LOCATION']",
}