{
"name" : "Onoff",
"url" : "https://play.google.com/store/apps/details?id=com.onoffapp.app",
"package" : "com.onoffapp.app",
"category" : "Communication",
"description" : " Your new cell phone number in a matter of seconds (business, international, dating)   More than thirty nationalities + credits and calling packages   Login from anywhere with any smartphone or computer   Works with all SIM cards to always stay on the best network   Switch calls, messaging or voicemail on/off whenever you want  And more !   Follow us :  Facebook.com/onoffapp  Twitter.com/onoff   We cannot guarantee that onoff numbers will always work when it comes to receiving third-party verification codes.   Terms & Conditions:  https://www.onoff.app/terms-conditions/ ",
"desc_perms" : "[]",
"manifest_perms" : "['android.permission.AUTHENTICATE_ACCOUNTS', 'com.google.android.things.permission.MANAGE_BLUETOOTH', 'android.permission.GET_TASKS', 'com.onoffapp.app.permission.C2D_MESSAGE', 'android.permission.GET_ACCOUNTS', 'android.permission.MANAGE_ACCOUNTS', 'android.permission.ACCESS_WIFI_STATE', 'android.permission.ACCESS_COARSE_LOCATION', 'com.google.android.c2dm.permission.RECEIVE', 'android.permission.ACCESS_NETWORK_STATE', 'android.permission.WRITE_SYNC_SETTINGS', 'android.permission.READ_PHONE_STATE', 'android.permission.WAKE_LOCK', 'android.permission.WRITE_EXTERNAL_STORAGE', 'android.permission.READ_CONTACTS', 'android.permission.READ_SYNC_SETTINGS', 'android.permission.CAMERA', 'com.android.vending.BILLING', 'android.permission.USE_FULL_SCREEN_INTENT', 'com.google.android.finsky.permission.BIND_GET_INSTALL_REFERRER_SERVICE', 'com.huawei.permission.external_app_settings.USE_COMPONENT', 'android.permission.BLUETOOTH', 'android.permission.SYSTEM_ALERT_WINDOW', 'android.permission.WRITE_CONTACTS', 'android.permission.READ_EXTERNAL_STORAGE', 'android.permission.FOREGROUND_SERVICE', 'android.permission.VIBRATE', 'android.permission.MODIFY_AUDIO_SETTINGS', 'android.permission.CALL_PHONE', 'android.permission.PACKAGE_USAGE_STATS', 'android.permission.RECORD_AUDIO', 'android.permission.INTERNET', 'android.permission.BLUETOOTH_ADMIN', 'android.permission.RECEIVE_BOOT_COMPLETED', 'android.permission.DISABLE_KEYGUARD', 'android.permission.REORDER_TASKS']",
"perms_with_call" : "['android.permission.GET_TASKS', 'android.permission.CHANGE_WIFI_MULTICAST_STATE', 'android.permission.BLUETOOTH_ADMIN', 'android.permission.ACCESS_WIFI_STATE', 'android.permission.ACCESS_COARSE_LOCATION', 'android.permission.BLUETOOTH', 'android.permission.CHANGE_NETWORK_STATE', 'android.permission.ACCESS_FINE_LOCATION', 'android.permission.MODIFY_AUDIO_SETTINGS', 'android.permission.ACCESS_NETWORK_STATE', 'android.permission.READ_PHONE_STATE', 'android.permission.BROADCAST_STICKY', 'android.permission.WAKE_LOCK']" 
"extra_perms" : "['com.google.android.things.permission.MANAGE_BLUETOOTH', 'android.permission.GET_ACCOUNTS', 'com.huawei.permission.external_app_settings.USE_COMPONENT', 'android.permission.ACCESS_WIFI_STATE', 'android.permission.ACCESS_COARSE_LOCATION', 'android.permission.SYSTEM_ALERT_WINDOW', 'android.permission.ACCESS_NETWORK_STATE', 'com.android.vending.BILLING', 'android.permission.WRITE_CONTACTS', 'android.permission.READ_PHONE_STATE', 'android.permission.READ_EXTERNAL_STORAGE', 'android.permission.MODIFY_AUDIO_SETTINGS', 'android.permission.CALL_PHONE', 'android.permission.PACKAGE_USAGE_STATS', 'android.permission.RECORD_AUDIO', 'android.permission.WRITE_EXTERNAL_STORAGE', 'android.permission.INTERNET', 'android.permission.READ_CONTACTS', 'android.permission.DISABLE_KEYGUARD', 'android.permission.REORDER_TASKS', 'android.permission.ACCESS_FINE_LOCATION', 'android.permission.CAMERA', 'android.permission.USE_FULL_SCREEN_INTENT']",
}