{
"name" : "WePhone - Free Phone Calls & Cheap Calls",
"url" : "https://play.google.com/store/apps/details?id=com.wephoneapp",
"package" : "com.wephoneapp",
"category" : "Communication",
"description" : "Best Phone Call App in Google Play Store  Cheap or free international calls to over 200 countries Caller ID display Make High-Quality Phone Calls To Anywhere In The World For A Very Cheap Price Get Second Virtual USA/Canada Phone Numbers Receive SMS verification code on every phone numbers for FREE Add a second phone number and more To Your Phone/Tablet Answering Phones Through The Secondary Phone Number Great voice quality at super low VoIP rates for the US and global calls Free VoIP calls, cheap International calls Check-In Daily to Earn Free Credits Get Bonus Credits for Watching Videos Pay As You Go with Google Wallet A Reliable Version of Whatscall  Enjoy free texting and cheap international calling! Get onboard with the trendiest second phone number app to text and call anyone. Get a free virtual sim phone number for USA/Canada phone numbers and get chatting via free texting, calling and MMS sending options. Enjoy big savings with cheap and text and call rates on international phone numbers. Want to record important calls? The app offers an in-built phone call recorder option to let you experience multiple cool functionalities in a single package!  Cheap International Calling  Save money as you make international calls on the go! You can purchase cheap international calling credits on very low prices for different regions of the world. Top up your WePhone wallet and use the credits for as long as you want without any expiry limits or extra charges.  Get a Second Phone Number  Break all the international communication barriers! Use the app to get a virtual sim second phone number for USA/Canadian regions. Use the virtual sim or second phone number to enjoy free texting, MMS and picture messaging and international calling with friends, family and coworkers in more than 200 countries. Send and receive messages and calls from anywhere in the world to expand your connections.  Phone Call Recorder  Never miss any important information! Ditch the trouble of taking notes or memorizing chats as you can use the phone call recorder of this app to record phone calls. The phone call recorder feature is completely safe and offers interruption-free, high-quality call recording from anywhere in the world at any time. Save the recordings in your device or listen to their playback easily with this app.  Text and Call Anyone  Experience smoothest free texting and calling experience! Text and call anyone by using one of the most intuitive and hassle-free international texting and calling apps. Drop messages, share your experiences or simply call to check on the people close to you. Stay connected with your international friends and workmates by texting and call WePhone users for free.  WePhone - the best calling app on your device - allows you to make cheap calls with crystal clear voice quality! VERY VERY EASY TO USE! No configuration is required. You get trial phone calls right after download with free gift credit. Call over WiFi/3G/4G/GPRS, no roaming costs; you can make phone calls from abroad, call anywhere with the same rates!  Calling rates are amazingly low! To list a few: India: $0.015/min China: $0.0159/min United States: $0.0075/min US/Canada Toll-Free: $0.001/min Saudi Arabia: $0.2/min Kuwait: $0.06831/min  Easily purchase PAY-AS-YOU-GO phone call credits using Google Pay. No hidden costs, no connection fee. No expiration date for your calling credits Ask customer service for help at any time.  NOTICE: If you use 3G/4G/GPRS to make calls, your carrier may charge you for data usage.   Please visit the company website for FAQ and other information Learn more at http://www.wephoneapp.co  Need Help? support email: support@wephoneapp.co ",
"desc_perms" : "['android.permission.READ_CONTACTS', 'android.permission.WRITE_EXTERNAL_STORAGE', 'android.permission.ACCESS_NETWORK_STATE', 'android.permission.SEND_SMS', 'android.permission.READ_EXTERNAL_STORAGE', 'android.permission.READ_PHONE_STATE', 'android.permission.ACCESS_WIFI_STATE', 'android.permission.MODIFY_AUDIO_SETTINGS', 'android.permission.RECORD_AUDIO', 'android.permission.CAMERA', 'android.permission.CALL_PHONE', 'android.permission.WRITE_CONTACTS', 'android.permission.INTERNET']",
"manifest_perms" : "['android.permission.WRITE_EXTERNAL_STORAGE', 'android.permission.ACCESS_COARSE_LOCATION', 'android.permission.RECEIVE_BOOT_COMPLETED', 'android.permission.BROADCAST_STICKY', 'android.permission.REQUEST_INSTALL_PACKAGES', 'android.permission.BROADCAST_PACKAGE_REPLACED', 'android.permission.CHANGE_NETWORK_STATE', 'android.permission.SYSTEM_ALERT_WINDOW', 'android.permission.GET_ACCOUNTS', 'android.permission.MEDIA_CONTENT_CONTROL', 'android.permission.RECORD_AUDIO', 'android.permission.RESTART_PACKAGES', 'android.permission.WRITE_SETTINGS', 'android.permission.FOREGROUND_SERVICE', 'android.permission.BROADCAST_PACKAGE_CHANGED', 'com.wephoneapp.push.permission.MESSAGE', 'android.permission.WAKE_LOCK', 'android.permission.SYSTEM_OVERLAY_WINDOW', 'android.permission.MODIFY_AUDIO_SETTINGS', 'android.permission.GET_TASKS', 'com.wephoneapp.permission.CONFIGURE_SIP', 'com.android.vending.BILLING', 'android.permission.ACCESS_NETWORK_STATE', 'android.permission.READ_CONTACTS', 'android.permission.READ_EXTERNAL_STORAGE', 'com.wephoneapp.permission.PROCESS_PUSH_MSG', 'android.permission.LOCAL_MAC_ADDRESS', 'android.permission.BLUETOOTH_ADMIN', 'com.google.android.c2dm.permission.RECEIVE', 'android.permission.CHANGE_WIFI_STATE', 'com.wephoneapp.permission.USE_SIP', 'android.permission.DISABLE_KEYGUARD', 'com.google.android.finsky.permission.BIND_GET_INSTALL_REFERRER_SERVICE', 'android.permission.BROADCAST_PACKAGE_ADDED', 'com.meizu.c2dm.permission.RECEIVE', 'com.wephoneapp.permission.C2D_MESSAGE', 'android.permission.BLUETOOTH', 'android.permission.INTERNET', 'android.permission.READ_PHONE_STATE', 'com.meizu.flyme.push.permission.RECEIVE', 'android.permission.ACCESS_WIFI_STATE', 'android.permission.BROADCAST_PACKAGE_INSTALL', 'android.permission.VIBRATE', 'android.permission.READ_PROFILE']",
"perms_with_call" : "['android.permission.ACCESS_COARSE_LOCATION', 'android.permission.ACCESS_FINE_LOCATION', 'android.permission.BROADCAST_STICKY', 'android.permission.READ_PHONE_STATE', 'android.permission.CHANGE_NETWORK_STATE', 'android.permission.ACCESS_WIFI_STATE', 'android.permission.WAKE_LOCK', 'android.permission.USE_SIP', 'android.permission.CHANGE_WIFI_STATE', 'android.permission.MODIFY_AUDIO_SETTINGS', 'android.permission.DISABLE_KEYGUARD', 'android.permission.GET_TASKS', 'android.permission.ACCESS_NETWORK_STATE', 'android.permission.BLUETOOTH']" 
"extra_perms" : "['android.permission.ACCESS_COARSE_LOCATION', 'android.permission.ACCESS_FINE_LOCATION', 'com.wephoneapp.permission.PROCESS_PUSH_MSG', 'android.permission.LOCAL_MAC_ADDRESS', 'android.permission.BROADCAST_PACKAGE_REPLACED', 'android.permission.USE_SIP', 'android.permission.SYSTEM_ALERT_WINDOW', 'android.permission.GET_ACCOUNTS', 'android.permission.MEDIA_CONTENT_CONTROL', 'android.permission.RESTART_PACKAGES', 'com.wephoneapp.permission.USE_SIP', 'android.permission.DISABLE_KEYGUARD', 'android.permission.BROADCAST_PACKAGE_ADDED', 'com.meizu.c2dm.permission.RECEIVE', 'android.permission.BROADCAST_PACKAGE_CHANGED', 'com.wephoneapp.push.permission.MESSAGE', 'com.meizu.flyme.push.permission.RECEIVE', 'android.permission.SYSTEM_OVERLAY_WINDOW', 'android.permission.BROADCAST_PACKAGE_INSTALL', 'com.wephoneapp.permission.CONFIGURE_SIP', 'com.android.vending.BILLING']",
}