{
"name" : "Sentab",
"url" : "https://play.google.com/store/apps/details?id=com.sentab.familyapp",
"package" : "com.sentab.familyapp",
"category" : "Communication",
"description" : "With Sentab it has never been easier to Share Life. Chat for free to friends & family, face-to-face across the globe, send them an instant message without charge and share your holiday snaps or videos of important life events. Sentab makes the world smaller and more social, all at the end of your fingertips.  Features:  Voice calls  Chat for as long as you like, without worrying about using up your call allowance or cross network charges. All our calls are completely free of charge.  Video calls  See your loved ones faces as you chat, in high definition and free of charge.  Instant messaging  Send messages app to app, app to PC, or even app to TV!  Photo & video sharing  Create albums and share your photos & videos with your friends & family. No need to worry about email limits or MMS charges, your media can be accessed by those you choose to share with in mere moments.   *Operator data charges may apply. We recommend using a WiFi connection or an unlimited data plan for video & voice calls. ",
"desc_perms" : "['android.permission.INTERNET', 'android.permission.CAMERA', 'android.permission.ACCESS_WIFI_STATE', 'android.permission.ACCESS_NETWORK_STATE', 'android.permission.READ_CONTACTS', 'android.permission.GET_ACCOUNTS', 'android.permission.READ_EXTERNAL_STORAGE']",
"manifest_perms" : "['android.permission.RECEIVE_BOOT_COMPLETED', 'android.permission.READ_EXTERNAL_STORAGE', 'android.permission.INTERNET', 'android.permission.READ_PHONE_STATE', 'android.permission.CAMERA', 'android.permission.RECORD_AUDIO', 'android.permission.VIBRATE', 'com.google.android.finsky.permission.BIND_GET_INSTALL_REFERRER_SERVICE', 'android.permission.ACCESS_NETWORK_STATE', 'android.permission.FOREGROUND_SERVICE', 'android.permission.MODIFY_AUDIO_SETTINGS', 'com.google.android.c2dm.permission.RECEIVE', 'android.permission.GET_ACCOUNTS', 'android.permission.WAKE_LOCK', 'android.permission.SYSTEM_ALERT_WINDOW', 'android.permission.WRITE_EXTERNAL_STORAGE']",
"perms_with_call" : "['android.permission.ACCESS_WIFI_STATE', 'android.permission.CHANGE_NETWORK_STATE', 'android.permission.ACCESS_COARSE_LOCATION', 'android.permission.BLUETOOTH', 'android.permission.ACCESS_NETWORK_STATE', 'android.permission.MODIFY_AUDIO_SETTINGS', 'android.permission.USE_FINGERPRINT', 'android.permission.GET_TASKS', 'android.permission.BROADCAST_STICKY', 'android.permission.WAKE_LOCK', 'android.permission.ACCESS_FINE_LOCATION']" 
"extra_perms" : "['android.permission.READ_PHONE_STATE', 'android.permission.ACCESS_WIFI_STATE', 'android.permission.RECORD_AUDIO', 'android.permission.ACCESS_COARSE_LOCATION', 'android.permission.MODIFY_AUDIO_SETTINGS', 'android.permission.WRITE_EXTERNAL_STORAGE', 'android.permission.SYSTEM_ALERT_WINDOW', 'android.permission.ACCESS_FINE_LOCATION']",
}