{
"name" : "RingCentral Meetings",
"url" : "https://play.google.com/store/apps/details?id=com.ringcentral.meetings",
"package" : "com.ringcentral.meetings",
"category" : "Communication",
"description" : "RingCentral Meetings is a powerful HD cloud web conferencing and screen sharing app. Hold face-to-face meetings with up to 200 participants* in high definition and share photos, files, documents, websites and even your screen with anyone, anytime, anywhere.  RingCentral Meetings is available for RingCentral U.S., U.K. and Canada Office customers. Anyone invited to a meeting can download the app and join the meeting for free.    HD Video conference: From your Android phone or tablet, hold meetings with participants and connect in high definition video. ***  Screen share: Share your screen and files with anyone, anytime. Host and attendees can present any document including files from cloud storage, such as Box and Dropbox. **  Dial-in conference number: Join the meeting using your device audio or telephone dial-in. ***  Host controls: Hosts can invite participants, mute/unmute attendees, spotlight speaker, lock meeting and remove participants.   Integrated chat: Host or participants can initiate chat with individuals or the entire group during the meeting.  Safe driving mode: Automatically turns off the video and microphone enabling the attendee to just listen in.  Works over Wi-Fi, 4G/LTE and 3G networks.  Connect with anyone on Android, iPad, iPhone, Windows or Mac.  * 75 participants with RingCentral Office Enterprise edition, 50 participants with Premium edition, 4 participants with Standard edition, Additional add-ons for more participants are available.  ** Screen sharing requires Android OS 5.0 and above.  *** LEGAL DISCLAIMERS 1. Video and voice quality may be affected when using this app outside of the U.S, Canada, U.K. or RingCentral International Branch Office supported countries.  Tell us what you think at rcmobilefeedback@ringcentral.com ",
"desc_perms" : "['android.permission.WRITE_EXTERNAL_STORAGE', 'android.permission.INTERNET', 'android.permission.ACCESS_WIFI_STATE', 'android.permission.ACCESS_NETWORK_STATE']",
"manifest_perms" : "['android.permission.CAMERA', 'android.permission.REQUEST_IGNORE_BATTERY_OPTIMIZATIONS', 'android.permission.VIBRATE', 'android.permission.ACCESS_COARSE_LOCATION', 'android.permission.BLUETOOTH', 'android.permission.USE_FINGERPRINT', 'android.permission.MODIFY_AUDIO_SETTINGS', 'com.sony.mobile.permission.SYSTEM_UI_VISIBILITY_EXTENSION', 'android.permission.WRITE_EXTERNAL_STORAGE', 'android.permission.ACCESS_FINE_LOCATION', 'android.permission.WRITE_CALENDAR', 'android.permission.ACCESS_WIFI_STATE', 'android.permission.BROADCAST_STICKY', 'android.permission.WRITE_SETTINGS', 'android.permission.WAKE_LOCK', 'android.permission.SYSTEM_ALERT_WINDOW', 'android.permission.INTERNET', 'android.permission.USE_CREDENTIALS', 'android.permission.RECORD_AUDIO', 'android.permission.BLUETOOTH_ADMIN', 'android.permission.READ_CALENDAR', 'com.google.android.c2dm.permission.RECEIVE', 'android.permission.READ_CONTACTS', 'com.ringcentral.meetings.permission.C2D_MESSAGE', 'android.permission.CALL_PHONE', 'com.ringcentral.meetings.permission.KUBI_MESSAGE', 'android.permission.MANAGE_ACCOUNTS', 'com.google.android.finsky.permission.BIND_GET_INSTALL_REFERRER_SERVICE', 'android.permission.ACCESS_NETWORK_STATE', 'android.permission.REQUEST_INSTALL_PACKAGES', 'android.permission.GET_ACCOUNTS', 'android.permission.READ_EXTERNAL_STORAGE']",
"perms_with_call" : "['android.permission.READ_PHONE_STATE', 'android.permission.ACCESS_WIFI_STATE', 'android.permission.BLUETOOTH_ADMIN', 'android.permission.ACCESS_COARSE_LOCATION', 'android.permission.BLUETOOTH', 'android.permission.ACCESS_NETWORK_STATE', 'android.permission.MODIFY_AUDIO_SETTINGS', 'android.permission.USE_FINGERPRINT', 'android.permission.GET_TASKS', 'android.permission.BROADCAST_STICKY', 'android.permission.WAKE_LOCK', 'android.permission.ACCESS_FINE_LOCATION']" 
"extra_perms" : "['android.permission.CAMERA', 'android.permission.REQUEST_IGNORE_BATTERY_OPTIMIZATIONS', 'android.permission.RECORD_AUDIO', 'android.permission.READ_CALENDAR', 'android.permission.ACCESS_COARSE_LOCATION', 'android.permission.MODIFY_AUDIO_SETTINGS', 'com.sony.mobile.permission.SYSTEM_UI_VISIBILITY_EXTENSION', 'android.permission.READ_CONTACTS', 'android.permission.CALL_PHONE', 'android.permission.ACCESS_FINE_LOCATION', 'android.permission.READ_PHONE_STATE', 'android.permission.WRITE_CALENDAR', 'com.ringcentral.meetings.permission.KUBI_MESSAGE', 'android.permission.GET_ACCOUNTS', 'android.permission.READ_EXTERNAL_STORAGE', 'android.permission.SYSTEM_ALERT_WINDOW']",
}