{
"name" : "MiCloud Telepo",
"url" : "https://play.google.com/store/apps/details?id=com.telepo.mobile.android.telepo",
"package" : "com.telepo.mobile.android.telepo",
"category" : "Communication",
"description" : "MiCloud Telepo is a mobile communication and collaboration tool from Mitel. The intuitive user interface gives you access to features such as on-line presence, phone line state, corporate directory search, office phone line, unified messaging (chat and SMS) and much more. NOTE: To get started with MiCloud Telepo, you will need configuration settings from your MiCloud Telepo service provider. If your company doesnt use MiCloud Telepo services, this app will not be of any use for you. Please dont download or rate this app if youre not a MiCloud Telepo service customer. ",
"desc_perms" : "['android.permission.WRITE_EXTERNAL_STORAGE', 'android.permission.INTERNET', 'android.permission.ACCESS_WIFI_STATE', 'android.permission.ACCESS_NETWORK_STATE']",
"manifest_perms" : "['android.permission.RECEIVE_BOOT_COMPLETED', 'com.huawei.android.launcher.permission.CHANGE_BADGE', 'com.sec.android.provider.badge.permission.READ', 'android.permission.CAMERA', 'android.permission.CHANGE_CONFIGURATION', 'com.oppo.launcher.permission.READ_SETTINGS', 'com.huawei.android.launcher.permission.WRITE_SETTINGS', 'android.permission.VIBRATE', 'android.permission.ACCESS_COARSE_LOCATION', 'android.permission.BLUETOOTH', 'android.permission.FOREGROUND_SERVICE', 'android.permission.MODIFY_AUDIO_SETTINGS', 'android.permission.AUTHENTICATE_ACCOUNTS', 'android.permission.READ_SYNC_SETTINGS', 'android.permission.WRITE_EXTERNAL_STORAGE', 'android.permission.ACCESS_FINE_LOCATION', 'android.permission.WRITE_CALENDAR', 'android.permission.ACCESS_WIFI_STATE', 'android.permission.MANAGE_OWN_CALLS', 'android.permission.CHANGE_NETWORK_STATE', 'com.sonymobile.home.permission.PROVIDER_INSERT_BADGE', 'android.permission.CHANGE_WIFI_STATE', 'android.permission.READ_APP_BADGE', 'android.permission.WRITE_SYNC_SETTINGS', 'android.permission.WRITE_SETTINGS', 'com.majeur.launcher.permission.UPDATE_BADGE', 'com.htc.launcher.permission.UPDATE_SHORTCUT', 'com.huawei.android.launcher.permission.READ_SETTINGS', 'android.permission.WAKE_LOCK', 'android.permission.SYSTEM_ALERT_WINDOW', 'android.permission.READ_SYNC_STATS', 'android.permission.INTERNET', 'android.permission.RECORD_AUDIO', 'com.sec.android.provider.badge.permission.WRITE', 'android.permission.BLUETOOTH_ADMIN', 'android.permission.READ_CALENDAR', 'com.htc.launcher.permission.READ_SETTINGS', 'com.telepo.mobile.android.telepo.permission.C2D_MESSAGE', 'me.everything.badger.permission.BADGE_COUNT_READ', 'android.permission.GET_TASKS', 'com.sonyericsson.home.permission.BROADCAST_BADGE', 'com.google.android.c2dm.permission.RECEIVE', 'android.permission.READ_CONTACTS', 'com.anddoes.launcher.permission.UPDATE_COUNT', 'android.permission.CALL_PHONE', 'android.permission.READ_PHONE_STATE', 'android.permission.MANAGE_ACCOUNTS', 'android.permission.DISABLE_KEYGUARD', 'me.everything.badger.permission.BADGE_COUNT_WRITE', 'android.permission.ACCESS_NETWORK_STATE', 'android.permission.GET_ACCOUNTS', 'android.permission.WRITE_CONTACTS', 'android.permission.READ_EXTERNAL_STORAGE', 'com.oppo.launcher.permission.WRITE_SETTINGS']",
"perms_with_call" : "['android.permission.READ_PHONE_STATE', 'android.permission.ACCESS_WIFI_STATE', 'android.permission.CHANGE_NETWORK_STATE', 'android.permission.CHANGE_WIFI_STATE', 'android.permission.ACCESS_COARSE_LOCATION', 'android.permission.BLUETOOTH', 'android.permission.ACCESS_NETWORK_STATE', 'android.permission.MODIFY_AUDIO_SETTINGS', 'android.permission.GET_TASKS', 'android.permission.BROADCAST_STICKY', 'android.permission.WAKE_LOCK', 'android.permission.ACCESS_FINE_LOCATION']" 
"extra_perms" : "['android.permission.CAMERA', 'android.permission.CHANGE_CONFIGURATION', 'android.permission.RECORD_AUDIO', 'android.permission.READ_CALENDAR', 'android.permission.ACCESS_COARSE_LOCATION', 'android.permission.MODIFY_AUDIO_SETTINGS', 'android.permission.READ_CONTACTS', 'android.permission.CALL_PHONE', 'android.permission.ACCESS_FINE_LOCATION', 'android.permission.READ_PHONE_STATE', 'android.permission.WRITE_CALENDAR', 'android.permission.MANAGE_OWN_CALLS', 'android.permission.DISABLE_KEYGUARD', 'android.permission.GET_ACCOUNTS', 'android.permission.WRITE_CONTACTS', 'android.permission.READ_EXTERNAL_STORAGE', 'android.permission.SYSTEM_ALERT_WINDOW']",
}