{
"name" : "2ndLine - Second Phone Number",
"url" : "https://play.google.com/store/apps/details?id=com.enflick.android.tn2ndLine",
"package" : "com.enflick.android.tn2ndLine",
"category" : "Communication",
"description" : "2ndLine is a second US or Canada phone number that works on your smartphone, tablets as a full-featured business phone system, designed for mobile professionals, freelancers, and entrepreneurs. Call and message from a separate number on devices you and your team already have, via Wi-Fi or your existing cellular network, with anyone in the U.S. and Canada.  Local Phone number Give your friends your very own phone number they can call!  Unlimited Text & Picture Messaging  You can send as many text messages as you want to US & Canada - FREE!  Unlimited Calling to USA and Canada  Make unlimited free phone calls to any phone number in the US & Canada!  Cheap International Calling Add money or earn free money by completing offers to your account and make low-cost international calls  Features: - Make and receive voice calls - Emojis, stickers and gifs - Full picture messaging : send, receive and save pictures! - Voicemail Transcription: transcript of your voicemail - Caller ID - PassCode: keep your messages under lock and key - Google SmartLock: no need to remember your password - Call Forwarding - Signatures: add your own signature to each text - Customizable text-tone, ringtone & vibration - Customizable backgrounds - Assign individual contacts their own ringtone & background - Quick Reply to easily (and quickly) respond to friends - Unified inbox: send and receive your texts directly via 2ndLine - use 2ndLine as your one-stop SMS texting app! -Elastic calling is 2ndLines unique ability to have our calls choose the best possible route for your call to improve quality ",
"desc_perms" : "['android.permission.CALL_PHONE', 'android.permission.READ_CONTACTS', 'android.permission.READ_EXTERNAL_STORAGE', 'android.permission.WRITE_EXTERNAL_STORAGE', 'android.permission.WRITE_CONTACTS', 'android.permission.RECORD_AUDIO', 'android.permission.SEND_SMS', 'android.permission.GET_ACCOUNTS', 'android.permission.CAMERA', 'android.permission.MODIFY_AUDIO_SETTINGS', 'android.permission.ACCESS_NETWORK_STATE', 'com.android.vending.BILLING', 'android.permission.INTERNET', 'android.permission.ACCESS_WIFI_STATE', 'android.permission.READ_PHONE_STATE']",
"manifest_perms" : "['android.permission.BROADCAST_STICKY', 'android.permission.FOREGROUND_SERVICE', 'enflick.permission.NATIVEDIALER', 'com.android.launcher.permission.UNINSTALL_SHORTCUT', 'android.permission.WRITE_SYNC_SETTINGS', 'com.huawei.android.launcher.permission.CHANGE_BADGE', 'android.permission.READ_SYNC_SETTINGS', 'android.permission.ACCESS_NOTIFICATION_POLICY', 'android.permission.WRITE_CALL_LOG', 'android.permission.GET_TASKS', 'android.permission.BLUETOOTH', 'android.permission.RECEIVE_BOOT_COMPLETED', 'android.permission.MODIFY_AUDIO_SETTINGS', 'com.google.android.finsky.permission.BIND_GET_INSTALL_REFERRER_SERVICE', 'com.oppo.launcher.permission.WRITE_SETTINGS', 'com.htc.launcher.permission.UPDATE_SHORTCUT', 'android.permission.WRITE_EXTERNAL_STORAGE', 'android.permission.READ_CALL_LOG', 'android.permission.WRITE_CONTACTS', 'com.majeur.launcher.permission.UPDATE_BADGE', 'com.huawei.android.launcher.permission.READ_SETTINGS', 'android.permission.RECORD_AUDIO', 'com.anddoes.launcher.permission.UPDATE_COUNT', 'android.permission.MODIFY_PHONE_STATE', 'com.android.vending.BILLING', 'android.permission.RECEIVE_MMS', 'android.permission.PROCESS_OUTGOING_CALLS', 'com.sonyericsson.home.permission.BROADCAST_BADGE', 'android.permission.VIBRATE', 'android.permission.ACCESS_WIFI_STATE', 'com.google.android.c2dm.permission.RECEIVE', 'me.everything.badger.permission.BADGE_COUNT_READ', 'android.permission.CALL_PHONE', 'com.google.android.providers.gsf.permission.READ_GSERVICES', 'com.android.launcher.permission.INSTALL_SHORTCUT', 'com.huawei.android.launcher.permission.WRITE_SETTINGS', 'android.permission.AUTHENTICATE_ACCOUNTS', 'android.permission.BATTERY_STATS', 'com.android.alarm.permission.SET_ALARM', 'android.permission.WAKE_LOCK', 'android.permission.GET_ACCOUNTS', 'com.sonymobile.home.permission.PROVIDER_INSERT_BADGE', 'android.permission.DISABLE_KEYGUARD', 'android.permission.CAMERA', 'android.permission.INTERNET', 'android.permission.CHANGE_WIFI_STATE', 'android.permission.READ_PHONE_STATE', 'android.permission.READ_APP_BADGE', 'com.sec.android.provider.badge.permission.READ', 'android.permission.BLUETOOTH_ADMIN', 'com.sec.android.provider.badge.permission.WRITE', 'android.permission.READ_CONTACTS', 'android.permission.READ_EXTERNAL_STORAGE', 'android.permission.READ_SMS', 'android.permission.ACCESS_COARSE_LOCATION', 'android.permission.CHANGE_NETWORK_STATE', 'com.htc.launcher.permission.READ_SETTINGS', 'me.everything.badger.permission.BADGE_COUNT_WRITE', 'android.permission.USE_FULL_SCREEN_INTENT', 'android.permission.SEND_SMS', 'android.permission.ACCESS_NETWORK_STATE', 'android.permission.WRITE_SETTINGS', 'com.oppo.launcher.permission.READ_SETTINGS', 'android.permission.RECEIVE_SMS', 'android.permission.SYSTEM_ALERT_WINDOW']",
"perms_with_call" : "['android.permission.BROADCAST_STICKY', 'android.permission.READ_EXTERNAL_STORAGE', 'android.permission.CHANGE_NETWORK_STATE', 'android.permission.ACCESS_COARSE_LOCATION', 'android.permission.ACCESS_FINE_LOCATION', 'android.permission.GET_TASKS', 'android.permission.BLUETOOTH', 'android.permission.WAKE_LOCK', 'android.permission.SEND_SMS', 'android.permission.MODIFY_AUDIO_SETTINGS', 'android.permission.USE_FINGERPRINT', 'android.permission.ACCESS_NETWORK_STATE', 'android.permission.ACCESS_WIFI_STATE', 'android.permission.CHANGE_WIFI_STATE', 'android.permission.READ_PHONE_STATE']" 
"extra_perms" : "['enflick.permission.NATIVEDIALER', 'android.permission.READ_SMS', 'android.permission.ACCESS_COARSE_LOCATION', 'android.permission.BATTERY_STATS', 'android.permission.READ_CALL_LOG', 'android.permission.ACCESS_FINE_LOCATION', 'android.permission.WRITE_CALL_LOG', 'android.permission.USE_FULL_SCREEN_INTENT', 'android.permission.MODIFY_PHONE_STATE', 'android.permission.RECEIVE_MMS', 'android.permission.DISABLE_KEYGUARD', 'android.permission.PROCESS_OUTGOING_CALLS', 'android.permission.RECEIVE_SMS', 'android.permission.SYSTEM_ALERT_WINDOW']",
}