{
"name" : "UNIVERGE  ST465",
"url" : "https://play.google.com/store/apps/details?id=com.nec.android.endd.univerge.st.imeru",
"package" : "com.nec.android.endd.univerge.st.imeru",
"category" : "Communication",
"description" : "Todays competitive and fast past business environment means that employees are no longer bound to a desk - you need to be mobile and be able to work where your work takes you. NECs UNIVERGE ST465 softphones for Android smartphones allow you to make and receive calls from virtually anywhere, as if you were at your desk. While in the office connect to the Wi-Fi to handle your calls. While outside the office you can use your mobile data (3G / 4G) to handle you calls, and you can reduce incurring mobile call costs (See Notes below).  Deploying a ST softphone can save your company money by no longer having employees call-forward their desk phones to their mobile. Staff will also be able to make free internal calls and inexpensive local calls from the softphone rather than all calls being made directly from their mobile phone.  By only giving out your desk phone number (not your mobile number), you will always be contactable and you will only have a single call history and work voicemail to check. The ST465 simplifies your communications.  Application features Integration to Android phone contacts  Call history (Missed / Made / Received) grouped by contact Custom speed dial panel for quick dialling Hands-free mode Mute a ringing call by turning over the phone Automatically mute or go on speaker based on phone orientation  Call features Make and receive calls Call waiting Hold / retrieve hold Transfer Call park Call pickup Dial DTMF (RFC 2833 / In-band) Call forward Call hunt groups   NOTE: To work outside your corporate Wi-Fi, you will require a VPN connection or a Session Border Controller.   THE ST465 is free to use on your NEC Phone systems (SL1100, SV9100, SV9300 or SV9500), but requires an activation code that you can obtain from your NEC representative. It may also requires spare licences capacity on your phone system to create a standard SIP extension. ",
"desc_perms" : "['android.permission.CALL_PHONE', 'android.permission.READ_PHONE_STATE', 'android.permission.MODIFY_AUDIO_SETTINGS']",
"manifest_perms" : "['com.android.launcher.permission.INSTALL_SHORTCUT', 'android.permission.GET_TASKS', 'android.permission.ACCESS_WIFI_STATE', 'android.permission.CHANGE_NETWORK_STATE', 'android.permission.ACCESS_NETWORK_STATE', 'android.permission.READ_PHONE_STATE', 'android.permission.WAKE_LOCK', 'android.permission.WRITE_EXTERNAL_STORAGE', 'android.permission.ANSWER_PHONE_CALLS', 'android.permission.READ_CONTACTS', 'android.permission.CAMERA', 'android.permission.BROADCAST_STICKY', 'android.permission.REQUEST_IGNORE_BATTERY_OPTIMIZATIONS', 'android.permission.BLUETOOTH', 'android.permission.SYSTEM_ALERT_WINDOW', 'android.permission.WRITE_CONTACTS', 'android.permission.MODIFY_AUDIO_SETTINGS', 'android.permission.VIBRATE', 'android.permission.FOREGROUND_SERVICE', 'android.permission.CALL_PHONE', 'android.permission.RECORD_AUDIO', 'android.permission.INTERNET', 'android.permission.BLUETOOTH_ADMIN', 'android.permission.CHANGE_WIFI_STATE', 'android.permission.RECEIVE_BOOT_COMPLETED', 'android.permission.DISABLE_KEYGUARD', 'android.permission.ACCESS_FINE_LOCATION', 'android.permission.ACCESS_NOTIFICATION_POLICY', 'android.permission.USE_SIP']",
"perms_with_call" : "['android.permission.GET_TASKS', 'android.permission.USE_FINGERPRINT', 'android.permission.BLUETOOTH_ADMIN', 'android.permission.CHANGE_WIFI_STATE', 'android.permission.ACCESS_WIFI_STATE', 'android.permission.ACCESS_COARSE_LOCATION', 'android.permission.BLUETOOTH', 'android.permission.MODIFY_AUDIO_SETTINGS', 'android.permission.ACCESS_NETWORK_STATE', 'android.permission.READ_PHONE_STATE', 'android.permission.BROADCAST_STICKY', 'android.permission.WAKE_LOCK']" 
"extra_perms" : "['android.permission.RECORD_AUDIO', 'android.permission.WRITE_EXTERNAL_STORAGE', 'android.permission.REQUEST_IGNORE_BATTERY_OPTIMIZATIONS', 'android.permission.ANSWER_PHONE_CALLS', 'android.permission.INTERNET', 'android.permission.ACCESS_WIFI_STATE', 'android.permission.ACCESS_COARSE_LOCATION', 'android.permission.READ_CONTACTS', 'android.permission.DISABLE_KEYGUARD', 'android.permission.USE_SIP', 'android.permission.SYSTEM_ALERT_WINDOW', 'android.permission.ACCESS_NETWORK_STATE', 'android.permission.WRITE_CONTACTS', 'android.permission.CAMERA', 'android.permission.ACCESS_FINE_LOCATION']",
}