{
"name" : "team.center - Team Management",
"url" : "https://play.google.com/store/apps/details?id=com.team.center",
"package" : "com.team.center",
"category" : "Communication",
"description" : "Complicated and lengthy cancelation and participation processes are a thing of the past, because team.center offers exactly what you need - no bells and whistles and unnecessary clicks. In addition, it is and remains free.  Commitments & cancelations with Min an Max participations  Manage your helper jobs  One click  Be a member of several teams  Notifications  Teamlogs and statistics  ... ",
"desc_perms" : "[]",
"manifest_perms" : "['android.permission.INTERNET', 'android.permission.ACCESS_NETWORK_STATE']",
"perms_with_call" : "['android.permission.ACCESS_WIFI_STATE', 'android.permission.BLUETOOTH_ADMIN', 'android.permission.ACCESS_COARSE_LOCATION', 'android.permission.CHANGE_WIFI_STATE', 'android.permission.USE_FINGERPRINT', 'android.permission.ACCESS_NETWORK_STATE', 'android.permission.BLUETOOTH', 'android.permission.BROADCAST_STICKY', 'android.permission.WAKE_LOCK', 'android.permission.ACCESS_FINE_LOCATION']" 
"extra_perms" : "['android.permission.INTERNET', 'android.permission.ACCESS_WIFI_STATE', 'android.permission.ACCESS_FINE_LOCATION', 'android.permission.ACCESS_COARSE_LOCATION', 'android.permission.ACCESS_NETWORK_STATE']",
}