{
"name" : "TextMe Up Free Calling & Texts",
"url" : "https://play.google.com/store/apps/details?id=com.textmeinc.textme3",
"package" : "com.textmeinc.textme3",
"category" : "Communication",
"description" : "Call and Text from your NEW free phone number (real phone calls & SMS) Free Texting to US & Canada numbers and Free Calling  without using any plan minutes Change your number & Add another number & Switch between multiple numbers  ONE ACCOUNT & MULTIPLE NUMBERS  Use your phone like your email with TextMe Ups smart numbers. Add as many numbers as you like and switch between them seamlessly, keeping the different parts of your life together in one account.  FREE TEXTING AND CALLING  Enjoy free texting (real SMS) to any number in the United States, Canada, and 40 countries.  Make HD voice & video calls from your Android device to fellow TextMe Up users  Share your new phone number with friends & invite them to Free Calling and Messaging!  Unlock Unlimited Calls and Texts to the US & Canada for only US$2.99 per month!  SMART NUMBERS FOR YOUR SMARTPHONE  Get a free phone number when you sign up  Add new numbers, as many as you like  Switch between multiple numbers in one screen  Change any number & choose a different one  Burn or delete any number if you want  Use numbers from US, Canada, UK and France  See and manage your conversations from one inbox  TEXTME WITH ENHANCED FEATURES  Free texts (real SMS) to the United States, Canada, and 40 countries  Call numbers in the US, Canada, UK, and 200 countries  Text messages to all 200 countries using your credits  HD voice and video calling and messaging with TextMe Up users   Group messages with free texting, photo and video sharing  Fast login with your Google or Facebook accounts  THE BEST COMMUNICATION APP  Unlike other free texting apps, you can add new local and international numbers to your account  Unlike other free texting apps, you can send SMS abroad and make international calls freely  Unlike other free texting apps, you can text for free without ever having to make a purchase  In-App Subscription Details: - Monthly subscription for unlimited calling and texting to US & Canada phone numbers for US$2.99 or CA$3.49 - Payment will be charged to your Google Play account at confirmation of purchase  - Subscription automatically renews unless auto-renew is turned off at least 24 hours before the end of your current period  - Account will be charged for renewal within 24-hours prior to the end of the current period, at the purchase price listed above  - You may manage your subscriptions and cancel by visiting Subscriptions page on Google Wallet - No cancellation of the current subscription is allowed during active subscription  - Also see Terms & Conditions and Privacy Policy   * Limitations apply: - Free SMS offer limited to US and Canada based users - Calls to some carriers or some territories within the 200 countries may not be included in this offer - We do not Support 911  - Subject to TextMes Terms and Conditions  Please give us your feedback on the app! Thanks for using TextMe Up! The TextMe Team  Web: http://www.textmeup.com Twitter: @TextMe_Up Support: http://support.textmeup.com ",
"desc_perms" : "['android.permission.READ_CONTACTS', 'android.permission.WRITE_EXTERNAL_STORAGE', 'android.permission.READ_EXTERNAL_STORAGE', 'android.permission.SEND_SMS', 'android.permission.READ_PHONE_STATE', 'android.permission.ACCESS_WIFI_STATE', 'android.permission.WRITE_CONTACTS', 'android.permission.MODIFY_AUDIO_SETTINGS', 'android.permission.RECORD_AUDIO', 'android.permission.GET_ACCOUNTS', 'android.permission.CAMERA', 'android.vending.BILLING', 'android.permission.CALL_PHONE', 'android.permission.ACCESS_NETWORK_STATE', 'com.android.vending.BILLING', 'android.permission.INTERNET']",
"manifest_perms" : "['android.permission.WRITE_EXTERNAL_STORAGE', 'android.permission.ACCESS_COARSE_LOCATION', 'android.permission.ACCESS_FINE_LOCATION', 'android.permission.RECEIVE_BOOT_COMPLETED', 'android.permission.READ_APP_BADGE', 'android.permission.BROADCAST_STICKY', 'com.android.alarm.permission.SET_ALARM', 'com.sonyericsson.home.permission.BROADCAST_BADGE', 'com.textmeinc.textme.permission.RECEIVE_ADM_MESSAGE', 'android.permission.SYSTEM_ALERT_WINDOW', 'android.permission.RECORD_AUDIO', 'android.permission.NEW_OUTGOING_CALL', 'android.permission.GET_ACCOUNTS', 'me.everything.badger.permission.BADGE_COUNT_WRITE', 'android.permission.CALL_PHONE', 'android.permission.WRITE_CONTACTS', 'com.anddoes.launcher.permission.UPDATE_COUNT', 'android.permission.FOREGROUND_SERVICE', 'android.permission.WAKE_LOCK', 'android.permission.READ_SYNC_STATS', 'com.amazon.device.messaging.permission.RECEIVE', 'com.google.android.providers.gsf.permission.READ_GSERVICES', 'com.sonymobile.home.permission.PROVIDER_INSERT_BADGE', 'android.permission.MODIFY_AUDIO_SETTINGS', 'android.permission.AUTHENTICATE_ACCOUNTS', 'com.majeur.launcher.permission.UPDATE_BADGE', 'com.android.vending.BILLING', 'android.permission.ACCESS_NETWORK_STATE', 'android.permission.USE_CREDENTIALS', 'android.permission.READ_CONTACTS', 'android.permission.READ_EXTERNAL_STORAGE', 'android.permission.MANAGE_ACCOUNTS', 'me.everything.badger.permission.BADGE_COUNT_READ', 'android.permission.BLUETOOTH_ADMIN', 'com.google.android.c2dm.permission.RECEIVE', 'com.sec.android.provider.badge.permission.WRITE', 'com.htc.launcher.permission.READ_SETTINGS', 'android.permission.CAMERA', 'android.permission.DISABLE_KEYGUARD', 'com.google.android.finsky.permission.BIND_GET_INSTALL_REFERRER_SERVICE', 'com.textmeinc.textme3.batch.permission.INTERNAL_BROADCAST', 'android.permission.BLUETOOTH', 'android.permission.INTERNET', 'com.oppo.launcher.permission.WRITE_SETTINGS', 'com.htc.launcher.permission.UPDATE_SHORTCUT', 'android.permission.READ_PHONE_STATE', 'com.oppo.launcher.permission.READ_SETTINGS', 'android.permission.ACCESS_WIFI_STATE', 'android.permission.READ_SYNC_SETTINGS', 'com.huawei.android.launcher.permission.READ_SETTINGS', 'com.huawei.android.launcher.permission.WRITE_SETTINGS', 'android.permission.WRITE_SYNC_SETTINGS', 'com.huawei.android.launcher.permission.CHANGE_BADGE', 'android.permission.VIBRATE', 'android.permission.READ_PROFILE', 'com.sec.android.provider.badge.permission.READ']",
"perms_with_call" : "['android.permission.ACCESS_COARSE_LOCATION', 'android.permission.ACCESS_FINE_LOCATION', 'android.permission.BROADCAST_STICKY', 'android.permission.READ_PHONE_STATE', 'android.permission.BLUETOOTH_ADMIN', 'android.permission.ACCESS_WIFI_STATE', 'android.permission.WAKE_LOCK', 'android.permission.USE_FINGERPRINT', 'android.permission.CHANGE_WIFI_STATE', 'android.permission.MODIFY_AUDIO_SETTINGS', 'android.permission.GET_TASKS', 'android.permission.ACCESS_NETWORK_STATE', 'android.permission.BLUETOOTH']" 
"extra_perms" : "['android.permission.ACCESS_COARSE_LOCATION', 'android.permission.ACCESS_FINE_LOCATION', 'android.permission.SYSTEM_ALERT_WINDOW', 'android.permission.NEW_OUTGOING_CALL', 'android.permission.DISABLE_KEYGUARD', 'com.textmeinc.textme.permission.RECEIVE_ADM_MESSAGE', 'com.textmeinc.textme3.batch.permission.INTERNAL_BROADCAST']",
}