{
"name" : "Bluetooth Remote PC",
"url" : "https://play.google.com/store/apps/details?id=cz.rozkovec.android",
"package" : "cz.rozkovec.android",
"category" : "Communication",
"description" : "Get access to your computer via Android. The application provides access to services such as mouse, keyboard, multimedia, presentation, power system commands, terminal or even display desktop.  DOWNLOAD SERVER: http://www.androidremotepc.com/downloads/  Requirements: Java SE Runtime Environment 8: http://www.oracle.com/technetwork/java/javase/downloads/index.html  Steps to connect: 1. Download the Server - Go to our websites www.androidremotepc.com and download & install the Remote PC Server 2.0 to your computer! 2. Prepare your PC - Turn on the wireless adapter & pair the PC via Bluetooth or get the IP address. 3. Run the Server a. Open the Server & check the status in the Notification Area. b. Run the mobile app, choose a connection and find your PC from the paired devices list or type the Wi-Fi address. 4. Need Help? - If you still can not establish a connection with your computer, you shall visit our tutorial web page.  Tutorials & support: http://androidremotepc.com/tutorial/ support@androidremotepc.com  Features  Mouse  Keyboard - typing or keyboard shortcuts  Multimedia - Apple iTunes, Clementine, KMPlayer, PowerDVD, Rhythmbox, VLC media player, Winamp, Windows Media Player  Presentation - MS PowerPoint, OO Impress, Adobe Reader  Power - shutdown, restart, hibernate, sleep, switch user, lock  Remote terminal  Remote desktop  Supports these OS  Windows XP, Vista, 7, 8, 10  Linux  Mac OS X  If you like this app, please support us and buy the Remote PC app over Google Play. Our premium app offers no ads, connection over Wi-Fi and much more.  Thank you for using! Get in touch with Remote PC: http://www.androidremotepc.com  Become a fan of Remote PC on Facebook: https://www.facebook.com/androidremotepc  By  Jiri Rozkovec ",
"desc_perms" : "['android.permission.ACCESS_WIFI_STATE', 'android.permission.INTERNET', 'android.permission.ACCESS_NETWORK_STATE']",
"manifest_perms" : "['android.permission.VIBRATE', 'com.google.android.c2dm.permission.RECEIVE', 'android.permission.ACCESS_NETWORK_STATE', 'android.permission.WAKE_LOCK', 'cz.rozkovec.android.permission.C2D_MESSAGE', 'android.permission.INTERNET', 'android.permission.BLUETOOTH_ADMIN', 'android.permission.BLUETOOTH', 'android.permission.READ_EXTERNAL_STORAGE']",
"perms_with_call" : "['android.permission.ACCESS_COARSE_LOCATION', 'android.permission.BROADCAST_STICKY', 'android.permission.USE_FINGERPRINT', 'android.permission.ACCESS_NETWORK_STATE', 'android.permission.WAKE_LOCK', 'android.permission.BLUETOOTH_ADMIN', 'android.permission.GET_TASKS', 'android.permission.BLUETOOTH', 'android.permission.ACCESS_FINE_LOCATION']" 
"extra_perms" : "['android.permission.READ_EXTERNAL_STORAGE', 'android.permission.ACCESS_FINE_LOCATION', 'android.permission.ACCESS_COARSE_LOCATION']",
}