{
"name" : "Notifications for Android TV",
"url" : "https://play.google.com/store/apps/details?id=de.cyberdream.androidtv.notifications.google",
"package" : "de.cyberdream.androidtv.notifications.google",
"category" : "Communication",
"description" : "Forward notifications from your mobile device immediately to your TV screen using Android TV. Including application logo and images contained in the notification. Scroll through every notified message on the Android TV in fullscreen mode. You can change the settings individually for each application.  Best working with these apps, but unlimited to every app which displays notifications: - Messenger apps: WhatsApp, SMS, Hangouts, Allo, Gmail - News apps: Spiegel Online Eilmeldung, SWR3 Eilmeldung  Also shows incoming and outgoing phone calls.  Important: You need to install the app Notifications for Android TV on your Android TV.   Immediate forwarding of your notifications to your Android TV  Browse through notification details on the TV screen including application logo and notification images  App specific settings including privacy mode  Supported devices: Nexus Player, Nvidia Shield, Philips Android TV devices, Sony Android TV devices, Xiaomi MI Box 4K and other Android TV devices. ",
"desc_perms" : "['android.permission.WRITE_EXTERNAL_STORAGE', 'android.permission.ACCESS_WIFI_STATE', 'android.permission.ACCESS_NETWORK_STATE', 'android.permission.INTERNET']",
"manifest_perms" : "['android.permission.READ_CONTACTS', 'android.permission.RECEIVE_BOOT_COMPLETED', 'android.permission.READ_PHONE_STATE', 'android.permission.ACCESS_WIFI_STATE', 'android.permission.WAKE_LOCK', 'android.permission.CHANGE_WIFI_MULTICAST_STATE', 'android.permission.CHANGE_WIFI_STATE', 'android.permission.SYSTEM_ALERT_WINDOW', 'com.android.vending.BILLING', 'android.permission.ACCESS_NETWORK_STATE', 'android.permission.INTERNET']",
"perms_with_call" : "['android.permission.ACCESS_COARSE_LOCATION', 'android.permission.ACCESS_FINE_LOCATION', 'android.permission.BROADCAST_STICKY', 'android.permission.ACCESS_WIFI_STATE', 'android.permission.WAKE_LOCK', 'android.permission.CHANGE_WIFI_STATE', 'android.permission.ACCESS_NETWORK_STATE']" 
"extra_perms" : "['android.permission.READ_CONTACTS', 'android.permission.ACCESS_COARSE_LOCATION', 'android.permission.ACCESS_FINE_LOCATION', 'android.permission.READ_PHONE_STATE', 'android.permission.SYSTEM_ALERT_WINDOW', 'com.android.vending.BILLING']",
}