{
"name" : "PC-FAX.com FreeFax",
"url" : "https://play.google.com/store/apps/details?id=de.fax.freefax",
"package" : "de.fax.freefax",
"category" : "Communication",
"description" : "FreeFax by PC-FAX.com turns your Android mobile device into a fax machine. Send a document to 50 countries worldwide  for free and without registration. Just install the software and youre good to go. FreeFax is free for one page per day. If you want to send more than one page, you can top up within the app at a bargain price.   Free-Fax  Send one page per day for free to 50 countries worldwide, for example to USA/Canada, Australia, China, Hong Kong, Russia, Japan and most european countries.   No Registration  You can use FreeFax without registration.   Photo-Fax  Take a picture of a document and send it via fax. You will get excellent results with a good lightning.   Text-Fax  Simply type your text and send it as a fax.   Photo-PDF  Take a picture of a document and send it as a pdf-attachment to an E-Mail-address. This function will be free at any time.   Document-Fax  You can directly upload a document to FreeFax with your browser. In this case, FreeFax acts like a local web-server with an upload-function.  You can also send E-Mail-attachments from your Android via fax. ",
"desc_perms" : "['android.permission.WRITE_EXTERNAL_STORAGE', 'android.permission.READ_EXTERNAL_STORAGE', 'android.permission.SEND_SMS', 'android.permission.ACCESS_WIFI_STATE', 'android.permission.CAMERA', 'android.permission.ACCESS_NETWORK_STATE', 'android.permission.INTERNET']",
"manifest_perms" : "['android.permission.READ_CONTACTS', 'android.permission.WRITE_EXTERNAL_STORAGE', 'com.sony.mobile.permission.SYSTEM_UI_VISIBILITY_EXTENSION', 'android.permission.ACCESS_NETWORK_STATE', 'android.permission.READ_EXTERNAL_STORAGE', 'android.permission.RECEIVE_BOOT_COMPLETED', 'android.permission.FOREGROUND_SERVICE', 'android.permission.MANAGE_ACCOUNTS', 'android.permission.USE_CREDENTIALS', 'android.permission.ACCESS_WIFI_STATE', 'android.permission.WAKE_LOCK', 'com.google.android.c2dm.permission.RECEIVE', 'android.permission.GET_ACCOUNTS', 'android.permission.CAMERA', 'android.permission.VIBRATE', 'com.android.vending.BILLING', 'android.permission.READ_PROFILE', 'android.permission.INTERNET']",
"perms_with_call" : "['android.permission.ACCESS_COARSE_LOCATION', 'android.permission.ACCESS_FINE_LOCATION', 'android.permission.RECEIVE_BOOT_COMPLETED', 'android.permission.BROADCAST_STICKY', 'android.permission.CHANGE_NETWORK_STATE', 'android.permission.ACCESS_WIFI_STATE', 'android.permission.WAKE_LOCK', 'android.permission.GET_TASKS', 'android.permission.ACCESS_NETWORK_STATE']" 
"extra_perms" : "['android.permission.READ_CONTACTS', 'android.permission.ACCESS_COARSE_LOCATION', 'android.permission.ACCESS_FINE_LOCATION', 'com.sony.mobile.permission.SYSTEM_UI_VISIBILITY_EXTENSION', 'android.permission.GET_ACCOUNTS', 'com.android.vending.BILLING']",
}