{
"name" : "Tutanota - Free Secure Email & Calendar App",
"url" : "https://play.google.com/store/apps/details?id=de.tutao.tutanota",
"package" : "de.tutao.tutanota",
"category" : "Communication",
"description" : "Tutanota enables you to use the benefits of the cloud - availability, flexibility, automatic back-up - without compromising on security. With Tutanotas built-in encryption you own your data, no one else can access it. Tutanota comes with a light & beautiful GUI, dark theme included, with instant push notifications, auto-sync, full-text search, swipe gestures and more.  The open source email app Tutanota enables you to send end-to-end encrypted emails to anybody. Even emails that are being sent without end-to-end encryption and all your contacts are stored securely encrypted on the Tutanota servers based in Germany. Tutanota also has an encrypted calendar, easily accessible from within the mail client.  Our passion for privacy.  Tutanota is being built by a team passionate about everybodys right to privacy. We are supported by an amazing community, which enables us to grow our team continuously, making Tutanota a lasting success without depending on venture capital interests.  Tutanota respects you & your data:  - Only you can access your encrypted emails & contacts. - Tutanota does not track or profile you. - Open source client & apps. - Innovative full-text search feature lets you easily search your mailbox. - TLS with support of PFS, DMARC, DKIM, DNSSEC and DANE. - Secure password reset that gives us absolutely no access. - 100% developed and located in Germany under strict Data Protection Laws (GDPR).  Official website: https://tutanota.com  Source code: https://github.com/tutao/tutanota  With the Tutanota app, you can:  - Create your own Tutanota email address (ending in @tutanota.com, @tutanota.de, @tutamail.com, @tuta.io or @keemail.me) with 1 GB of free storage. - Create custom domain email addresses for 1 per month with optinal catch-all. - Send and receive end-to-end encrypted emails to anybody. - Send and receive old-fashioned emails (not end-to-end encrypted). Even these emails are stored encrypted on the Tutanota servers. - Automatically encrypt subject, content and attachments. - Get push notifications instantly. - Auto-complete email addresses as you type from your Tutanota or your phone contacts. - Auto-sync between app, web client and desktop clients. - Tutanota is free and open source software (FOSS) so that security experts can check the code.  The Tutanota app asks for very few permissions to keep your level of privacy to a maximum:  - Full network access: Used to send and receive emails. - Receive data from the internet: To notify you when you receive a new email. - View network connections: To find out if an internet connection exists. - Read your contacts: This enables you to select recipients from your phones contacts. - Read from SD card: To allow adding of attachments from the SD card to emails. - Control vibration: To notify you when you receive a new email. - Deactivate sleeping mode: To notify you when you receive a new email. ",
"desc_perms" : "['android.permission.READ_CONTACTS', 'android.permission.READ_PHONE_STATE', 'android.permission.ACCESS_WIFI_STATE', 'android.permission.GET_ACCOUNTS', 'android.permission.ACCESS_NETWORK_STATE', 'android.permission.INTERNET']",
"manifest_perms" : "['android.permission.READ_CONTACTS', 'android.permission.WRITE_EXTERNAL_STORAGE', 'android.permission.REQUEST_IGNORE_BATTERY_OPTIMIZATIONS', 'android.permission.READ_EXTERNAL_STORAGE', 'android.permission.RECEIVE_BOOT_COMPLETED', 'android.permission.FOREGROUND_SERVICE', 'android.permission.VIBRATE', 'android.permission.ACCESS_NETWORK_STATE', 'android.permission.INTERNET']",
"perms_with_call" : "['android.permission.ACCESS_NETWORK_STATE']" 
"extra_perms" : "['android.permission.WRITE_EXTERNAL_STORAGE', 'android.permission.REQUEST_IGNORE_BATTERY_OPTIMIZATIONS', 'android.permission.READ_EXTERNAL_STORAGE']",
}