{
"name" : "EBMS Health&Business Symposium",
"url" : "https://play.google.com/store/apps/details?id=events.socio.embs_health_business_symposium",
"package" : "events.socio.embs_health_business_symposium",
"category" : "Communication",
"description" : "Stay on top of all the exciting events at the 26th annual EBMS Health & Business Symposium, July 23-25, 2019, in Billings, MT. Download the official Symposium app for your digital guide to schedules, speakers, activities and more -- all at your fingertips. ",
"desc_perms" : "['android.permission.WRITE_EXTERNAL_STORAGE', 'android.permission.ACCESS_WIFI_STATE', 'android.permission.ACCESS_NETWORK_STATE', 'android.permission.INTERNET']",
"manifest_perms" : "['android.permission.WRITE_EXTERNAL_STORAGE', 'android.permission.ACCESS_COARSE_LOCATION', 'android.permission.ACCESS_FINE_LOCATION', 'android.permission.RECORD_AUDIO', 'android.permission.GET_ACCOUNTS', 'android.permission.WRITE_CONTACTS', 'android.permission.WAKE_LOCK', 'android.permission.ACCESS_NETWORK_STATE', 'android.permission.READ_CONTACTS', 'android.permission.READ_EXTERNAL_STORAGE', 'android.permission.ACCESS_LOCATION_EXTRA_COMMANDS', 'events.socio.embs_health_business_symposium.permission.LAYER_PUSH', 'com.google.android.c2dm.permission.RECEIVE', 'android.hardware.camera.autofocus', 'android.permission.CAMERA', 'com.google.android.finsky.permission.BIND_GET_INSTALL_REFERRER_SERVICE', 'android.permission.INTERNET', 'android.permission.ACCESS_WIFI_STATE', 'events.socio.embs_health_business_symposium.permission.C2D_MESSAGE', 'android.permission.VIBRATE', 'android.permission.READ_PROFILE']",
"perms_with_call" : "['android.permission.ACCESS_COARSE_LOCATION', 'android.permission.ACCESS_FINE_LOCATION', 'android.permission.BROADCAST_STICKY', 'android.permission.CHANGE_NETWORK_STATE', 'android.permission.ACCESS_WIFI_STATE', 'android.permission.WAKE_LOCK', 'android.permission.USE_FINGERPRINT', 'android.permission.GET_TASKS', 'android.permission.ACCESS_NETWORK_STATE', 'android.permission.BLUETOOTH']" 
"extra_perms" : "['android.permission.READ_CONTACTS', 'android.permission.ACCESS_COARSE_LOCATION', 'android.permission.ACCESS_FINE_LOCATION', 'android.permission.READ_EXTERNAL_STORAGE', 'android.permission.ACCESS_LOCATION_EXTRA_COMMANDS', 'events.socio.embs_health_business_symposium.permission.LAYER_PUSH', 'android.hardware.camera.autofocus', 'android.permission.RECORD_AUDIO', 'android.permission.GET_ACCOUNTS', 'android.permission.CAMERA', 'android.permission.WRITE_CONTACTS']",
}