{
"name" : "eyeson Video Meetings",
"url" : "https://play.google.com/store/apps/details?id=eyeson.visocon.at.eyesonteam",
"package" : "eyeson.visocon.at.eyesonteam",
"category" : "Communication",
"description" : "Quick & Easy Video Meetings for Your Home Office.  The corresponding app to our award-winning video meeting solution.  - Start a meeting in seconds - No downloads for use in browser - Individual meeting rooms - Only 1.6 Mbits required  Get more done with a cloud-based video meeting solution. See up to 9 people in one group video call and invite as many people as you want.   STAY CONNECTED - USE OUR MOBILE APP Use our eyeson app to start video calls. You can also choose to receive push notifications when one of your teammates is ready to talk. That way youll never miss out on a call again! Available for iOS and Android.  SIMPLE AND INTUITIVE - CLICK AND TALK No more downloads. With eyeson you can invite guests to your video call by simply sending a link in your browser. Share the link via e-mail, Whatsapp, or any other messenger of your choice.  FLEXIBLE AND FAST - KEEP EVERYONE ON BOARD Stop using unnecessary bandwidth. Regardless of how many people join your video meeting: we never compromise on quality. Our technology ensures that the bandwidth remains at 1,5 Mbit/sec at all times.   CUSTOMIZE YOUR EXPERIENCE - CREATE MEETING ROOMS Different rooms for different meetings. With eyeson, you can create as many video meeting rooms as you like. The unique link to the room will remain the same and can be shared with anyone to join.  Best for: Businesses who have remote teams or clients and want to collaborate with a no-hassle video solution.  Award-winning eyeson connects people all over the world. Easy to use and designed to love.  Install the eyeson app and invite your team members by sending a group link with your preferred communication tool like iMessage, Whatsapp, Facebook, Google, etc. Video meetings on the go have never been easier.  *** eyeson Features ***  HD video call quality  Exceptional audio quality  Easy & simple app handling  Outstanding design   Create unlimited groups  Write messages  Personalize your groups  Invite via iMessage, Whatsapp, etc.  Get notifications when your friends enter your room   Switch to the web-version  Share your screen and pictures  Send messages, images, and audios  Connect with anyone on Android, Windows, Mac, iOS  Record your group video calls  Works over WiFi, 4G/LTE and 3G networks  With constant low bandwidth   *** Need more information *** www.eyeson.com & help.eyeson.com provide you with more information.  *** Contact us *** support@eyeson.com  *** Follow us *** Facebook https://www.facebook.com/eyeson.team/ Twitter https://twitter.com/eyeson_team LinkedIn https://www.linkedin.com/company/eyeson_team/ Instagram https://www.instagram.com/eyeson.team/ ",
"desc_perms" : "['android.permission.READ_CONTACTS', 'android.permission.WRITE_EXTERNAL_STORAGE', 'android.permission.READ_EXTERNAL_STORAGE', 'android.permission.READ_PHONE_STATE', 'android.permission.ACCESS_WIFI_STATE', 'android.permission.MODIFY_AUDIO_SETTINGS', 'android.permission.GET_ACCOUNTS', 'android.permission.CAMERA', 'android.permission.CALL_PHONE', 'android.permission.ACCESS_NETWORK_STATE', 'android.permission.INTERNET']",
"manifest_perms" : "['android.permission.READ_CONTACTS', 'android.permission.WRITE_EXTERNAL_STORAGE', 'android.permission.RECEIVE_BOOT_COMPLETED', 'android.permission.READ_PHONE_STATE', 'com.google.android.c2dm.permission.RECEIVE', 'android.permission.WAKE_LOCK', 'android.permission.MODIFY_AUDIO_SETTINGS', 'android.permission.READ_PROFILE', 'android.permission.RECORD_AUDIO', 'android.permission.GET_ACCOUNTS', 'eyeson.visocon.at.eyesonteam.permission.C2D_MESSAGE', 'android.permission.CAMERA', 'com.google.android.finsky.permission.BIND_GET_INSTALL_REFERRER_SERVICE', 'com.android.vending.BILLING', 'android.permission.ACCESS_NETWORK_STATE', 'android.permission.BLUETOOTH', 'android.permission.INTERNET']",
"perms_with_call" : "['android.permission.ACCESS_COARSE_LOCATION', 'android.permission.ACCESS_FINE_LOCATION', 'android.permission.BROADCAST_STICKY', 'android.permission.READ_PHONE_STATE', 'android.permission.CHANGE_NETWORK_STATE', 'android.permission.BLUETOOTH_ADMIN', 'android.permission.ACCESS_WIFI_STATE', 'android.permission.WAKE_LOCK', 'android.permission.USE_FINGERPRINT', 'android.permission.CHANGE_WIFI_STATE', 'android.permission.MODIFY_AUDIO_SETTINGS', 'android.permission.GET_TASKS', 'android.permission.ACCESS_NETWORK_STATE', 'android.permission.BLUETOOTH']" 
"extra_perms" : "['android.permission.ACCESS_COARSE_LOCATION', 'android.permission.ACCESS_FINE_LOCATION', 'android.permission.ACCESS_WIFI_STATE', 'android.permission.RECORD_AUDIO', 'com.android.vending.BILLING']",
}