{
"name" : "Poivy Save on calling charges",
"url" : "https://play.google.com/store/apps/details?id=finarea.Poivy",
"package" : "finarea.Poivy",
"category" : "Communication",
"description" : "Poivy enables you to save on your monthly calling charges by over 80%! The Poivy MobileVOIP app lets you make cheap or even free international calls through WiFi or 3G networks. You can choose any contact from your regular contact list or add new contacts. If you are already a Poivy user, you can import the contacts from your Poivy client as well.  Simply follow these three easy steps to start saving immediately:  1. Download the free Poivy dialer app 2. Register a username or log in using your existing credentials 3. Buy some credits  With Poivy youll get the first 90 days of calls to selected destinations for FREE after buying 10 euro credit! Youll only start using your bought credit after these 90 days have expired. You can also use your credit for any calls to non-free destinations. Even for the destinations which arent free, Poivy charges the LOWEST rates available; you wont find a cheaper telecom provider!  Saving was never this easy! ",
"desc_perms" : "['android.permission.READ_CONTACTS', 'android.permission.READ_PHONE_STATE', 'android.permission.READ_CALL_LOG', 'android.permission.MODIFY_AUDIO_SETTINGS', 'android.permission.CALL_PHONE', 'android.permission.ACCESS_NETWORK_STATE', 'android.permission.INTERNET']",
"manifest_perms" : "['android.permission.WRITE_EXTERNAL_STORAGE', 'android.permission.BROADCAST_STICKY', 'android.permission.REORDER_TASKS', 'android.permission.RECORD_AUDIO', 'android.permission.GET_ACCOUNTS', 'android.permission.CALL_PHONE', 'android.permission.WRITE_CONTACTS', 'android.permission.FOREGROUND_SERVICE', 'android.permission.WAKE_LOCK', 'android.permission.MODIFY_AUDIO_SETTINGS', 'android.permission.ACCESS_NETWORK_STATE', 'android.permission.READ_CONTACTS', 'android.permission.READ_EXTERNAL_STORAGE', 'android.permission.BLUETOOTH_ADMIN', 'com.google.android.c2dm.permission.RECEIVE', 'android.permission.CHANGE_WIFI_STATE', 'com.google.android.finsky.permission.BIND_GET_INSTALL_REFERRER_SERVICE', 'android.permission.BLUETOOTH', 'android.permission.INTERNET', 'android.permission.READ_PHONE_STATE', 'android.permission.ACCESS_WIFI_STATE']",
"perms_with_call" : "['android.permission.ACCESS_COARSE_LOCATION', 'android.permission.ACCESS_FINE_LOCATION', 'android.permission.BROADCAST_STICKY', 'android.permission.READ_PHONE_STATE', 'android.permission.ACCESS_WIFI_STATE', 'android.permission.WAKE_LOCK', 'android.permission.CHANGE_WIFI_STATE', 'android.permission.MODIFY_AUDIO_SETTINGS', 'android.permission.GET_TASKS', 'android.permission.ACCESS_NETWORK_STATE', 'android.permission.BLUETOOTH']" 
"extra_perms" : "['android.permission.WRITE_EXTERNAL_STORAGE', 'android.permission.ACCESS_COARSE_LOCATION', 'android.permission.ACCESS_FINE_LOCATION', 'android.permission.READ_EXTERNAL_STORAGE', 'android.permission.ACCESS_WIFI_STATE', 'android.permission.REORDER_TASKS', 'android.permission.RECORD_AUDIO', 'android.permission.GET_ACCOUNTS', 'android.permission.WRITE_CONTACTS']",
}