{
"name" : "12Voip save money on phones",
"url" : "https://play.google.com/store/apps/details?id=finarea.OneTwoVoip",
"package" : "finarea.OneTwoVoip",
"category" : "Communication",
"description" : "Who does not 1-2-VOIP?   Start lowering your phone bill right now by using 12Voip for all your cheap VOIP calls!  When you use 12Voip for all your mobile VOIP calls, you will benefit from the low rates on offer, such as:   After you install the 12Voip android app, you can either logon with your username or create one directly in the app.  You can use the 12Voip app for regular VOIP calls using your WiFi or 3G connection or when your internet connection is slow you can still reach your friends through a Local Access or CallBack call!  And as a bonus you can use the 12Voip android app as well for sending cheap sms text messages across the planet!  Features: - Great sound quality! - Low rates for both calls and text messages - Use your android phones contacts - Easy to use  Using our app as a default dialer may interfere with dialing 911 emergency services. ",
"desc_perms" : "['android.permission.WRITE_EXTERNAL_STORAGE', 'android.permission.READ_CONTACTS', 'android.permission.SEND_SMS', 'android.permission.READ_EXTERNAL_STORAGE', 'android.permission.READ_PHONE_STATE', 'android.permission.ACCESS_WIFI_STATE', 'android.permission.MODIFY_AUDIO_SETTINGS', 'android.permission.CALL_PHONE', 'android.permission.ACCESS_NETWORK_STATE', 'android.permission.INTERNET']",
"manifest_perms" : "['android.permission.WRITE_EXTERNAL_STORAGE', 'android.permission.BROADCAST_STICKY', 'android.permission.REORDER_TASKS', 'android.permission.RECORD_AUDIO', 'android.permission.GET_ACCOUNTS', 'android.permission.CALL_PHONE', 'android.permission.WRITE_CONTACTS', 'android.permission.FOREGROUND_SERVICE', 'android.permission.WAKE_LOCK', 'android.permission.MODIFY_AUDIO_SETTINGS', 'android.permission.ACCESS_NETWORK_STATE', 'android.permission.READ_CONTACTS', 'android.permission.READ_EXTERNAL_STORAGE', 'android.permission.BLUETOOTH_ADMIN', 'com.google.android.c2dm.permission.RECEIVE', 'android.permission.CHANGE_WIFI_STATE', 'com.google.android.finsky.permission.BIND_GET_INSTALL_REFERRER_SERVICE', 'android.permission.BLUETOOTH', 'android.permission.INTERNET', 'android.permission.READ_PHONE_STATE', 'android.permission.ACCESS_WIFI_STATE']",
"perms_with_call" : "['android.permission.ACCESS_COARSE_LOCATION', 'android.permission.ACCESS_FINE_LOCATION', 'android.permission.BROADCAST_STICKY', 'android.permission.READ_PHONE_STATE', 'android.permission.ACCESS_WIFI_STATE', 'android.permission.WAKE_LOCK', 'android.permission.CHANGE_WIFI_STATE', 'android.permission.MODIFY_AUDIO_SETTINGS', 'android.permission.GET_TASKS', 'android.permission.ACCESS_NETWORK_STATE', 'android.permission.BLUETOOTH']" 
"extra_perms" : "['android.permission.ACCESS_COARSE_LOCATION', 'android.permission.ACCESS_FINE_LOCATION', 'android.permission.RECORD_AUDIO', 'android.permission.GET_ACCOUNTS', 'android.permission.REORDER_TASKS', 'android.permission.WRITE_CONTACTS']",
}