{
"name" : "VoipDiscount - low calling rates",
"url" : "https://play.google.com/store/apps/details?id=finarea.VoipDiscountCalls",
"package" : "finarea.VoipDiscountCalls",
"category" : "Communication",
"description" : "With the Android VoipDiscount app you can make cheap calls over the internet to any of your online friends, as well as various popular destinations. Download it now for free and start calling immediately.  With VoipDiscount you can call and sms anywhere in the world at the lowest rates possible. And best of all, if you buy 10 euro credit, you can call selected destinations for free!  For all VoipDiscount tariffs, please visit: http://www.VoipDiscount.com/rates: you can use your mobile phone or tablet for all VoipDiscount calls! Simply install our VoipDiscount app on your Android smartphone or tablet, and use your regular VoipDiscount credit for mobile calls as well.  With the VoipDiscount mobile voip app you can make cheap voip calls from your mobile phone. Make calls to any country you desire at the cheapest rates. Simply download the free VoipDiscount mobile voip app from your APP market and register with one of the supported Voip brands. Saving on your cell phone calling plan was never this easy!  The VoipDiscount app offers three call options. Heres how you can get the most out of your VoipDiscount app:  Voip Call This is the standard calling option; your call gets connected right away. Youll need a working 3G/WiFi connection to use this call option. You will be charged the regular rates of your VoIP brands; no extra costs or hidden charges.  Call Back The Call Back option is a nice way to stay in touch with friends and family, even if the internet connection youre using isnt particularly strong. With a weaker 3G/WiFi connection, or if you would like to use as little data as possible, you can set up a Call Back call through the VoipDiscount app. Well set up a call to your phone first, and then connect you with your contact. You will be charged for both the A-side and B-side call, as well as a set up fee.  Local Access For a selection of countries we have Local Access numbers available. If youre in one of these countries, you can use the VoipDiscount app to set up a Local Access call in case of a weak internet connection. You will be charged for a local call, plus the tariff for the destination youre calling.  Of course, you can send Text messages using our VoipDiscount application as well! ",
"desc_perms" : "['android.permission.WRITE_EXTERNAL_STORAGE', 'android.permission.READ_CONTACTS', 'android.permission.SEND_SMS', 'android.permission.READ_EXTERNAL_STORAGE', 'android.permission.READ_PHONE_STATE', 'android.permission.ACCESS_WIFI_STATE', 'android.permission.WRITE_CONTACTS', 'android.permission.MODIFY_AUDIO_SETTINGS', 'android.vending.BILLING', 'android.permission.CALL_PHONE', 'android.permission.ACCESS_NETWORK_STATE', 'android.permission.INTERNET']",
"manifest_perms" : "['android.permission.WRITE_EXTERNAL_STORAGE', 'android.permission.BROADCAST_STICKY', 'android.permission.REORDER_TASKS', 'android.permission.RECORD_AUDIO', 'android.permission.GET_ACCOUNTS', 'android.permission.CALL_PHONE', 'android.permission.WRITE_CONTACTS', 'android.permission.FOREGROUND_SERVICE', 'android.permission.WAKE_LOCK', 'android.permission.MODIFY_AUDIO_SETTINGS', 'android.permission.ACCESS_NETWORK_STATE', 'android.permission.READ_CONTACTS', 'android.permission.READ_EXTERNAL_STORAGE', 'android.permission.BLUETOOTH_ADMIN', 'com.google.android.c2dm.permission.RECEIVE', 'android.permission.CHANGE_WIFI_STATE', 'com.google.android.finsky.permission.BIND_GET_INSTALL_REFERRER_SERVICE', 'android.permission.BLUETOOTH', 'android.permission.INTERNET', 'android.permission.READ_PHONE_STATE', 'android.permission.ACCESS_WIFI_STATE']",
"perms_with_call" : "['android.permission.ACCESS_COARSE_LOCATION', 'android.permission.ACCESS_FINE_LOCATION', 'android.permission.BROADCAST_STICKY', 'android.permission.READ_PHONE_STATE', 'android.permission.ACCESS_WIFI_STATE', 'android.permission.WAKE_LOCK', 'android.permission.CHANGE_WIFI_STATE', 'android.permission.MODIFY_AUDIO_SETTINGS', 'android.permission.GET_TASKS', 'android.permission.ACCESS_NETWORK_STATE', 'android.permission.BLUETOOTH']" 
"extra_perms" : "['android.permission.ACCESS_COARSE_LOCATION', 'android.permission.ACCESS_FINE_LOCATION', 'android.permission.RECORD_AUDIO', 'android.permission.GET_ACCOUNTS', 'android.permission.REORDER_TASKS']",
}