{
"name" : "Phone Free Call - Global WiFi Calling App",
"url" : "https://play.google.com/store/apps/details?id=free.call.international.phone.calling",
"package" : "free.call.international.phone.calling",
"category" : "Communication",
"description" : "Free Call anyone, any phone number worldwide even if he doesnt have Free Call App! Free Call ( Free Calling Apps ) is an free brilliant connect VOIP apps. Free Call via WiFi or 3G/4G cellular data, no cell minutes used. Download this free VOIP phone call app & enjoy cheap calls global to any mobile & landline!  Completely FREE CALL Phone 100% Free & global phone call free. No contract, no hidden fees.  Free WIFI Phone Call No cell phone data plan? No problem. You can use WiFi to make a free calls & texts. Free Call via WiFi or 3G/4G cellular data   Free Calling to Popular countries  Cheap or free international calls to over 200 countries, and it is primo app  It can help you primo call anyone and anywhere in the world. Free phone call to India & Nigeria & Mexico & Pakistan & United States, USA & United Kingdom, UK & Canada & German, United Arab Emirates, UAE, Saudi Arabia, SA  Hide your Caller ID or Show your Call ID No need Caller ID, make a call to your friend anonymously  Show your Caller ID, improve the answer rate  New user bonus Each new user free reward 1000 credits To Mobile Fixed (mins) (mins) US 13 13 CA 33 33 AU 3 10 CN 8 8 GB 9 33 DE 3 21 IN 8 8 PK 2 2 BD 3 3 TH 3 3  Features  Free International WiFi Calls Apps to any mobile or landline numbers over 200+ countries supported! - Free Call allows you to make a international calls to anyone across the global for free, even if the recipient has no Internet connection.    Clear & Stable Calling - Dial away and make a high quality phone calls with voice quality that is crystal clear, just like making a call from a landline!   Hide your Caller ID, Real VOIP Call - No need Caller ID, make a call to your friend anonymously   Attention: Please do not click on ads that you are not interested in. Please do not use automatic tools or applications to click ads. All above will not increase your credits/points and may result in account suspension. ",
"desc_perms" : "['android.permission.READ_CONTACTS', 'android.permission.READ_PHONE_STATE', 'android.permission.WRITE_CONTACTS', 'android.permission.MODIFY_AUDIO_SETTINGS', 'android.permission.CALL_PHONE', 'android.permission.ACCESS_NETWORK_STATE', 'android.permission.INTERNET']",
"manifest_perms" : "['android.permission.WRITE_EXTERNAL_STORAGE', 'android.permission.RECEIVE_BOOT_COMPLETED', 'android.permission.BROADCAST_STICKY', 'android.permission.RECORD_AUDIO', 'android.permission.WRITE_CONTACTS', 'android.permission.FOREGROUND_SERVICE', 'android.permission.WAKE_LOCK', 'android.permission.MODIFY_AUDIO_SETTINGS', 'com.android.vending.BILLING', 'android.permission.ACCESS_NETWORK_STATE', 'android.permission.READ_CONTACTS', 'android.permission.READ_EXTERNAL_STORAGE', 'com.google.android.c2dm.permission.RECEIVE', 'android.permission.CHANGE_WIFI_STATE', 'com.google.android.finsky.permission.BIND_GET_INSTALL_REFERRER_SERVICE', 'android.permission.INTERNET', 'android.permission.READ_PHONE_STATE', 'android.permission.ACCESS_WIFI_STATE', 'android.permission.READ_SYNC_SETTINGS', 'android.permission.WRITE_SYNC_SETTINGS', 'android.permission.VIBRATE']",
"perms_with_call" : "['android.permission.ACCESS_COARSE_LOCATION', 'android.permission.ACCESS_FINE_LOCATION', 'android.permission.BROADCAST_STICKY', 'android.permission.CHANGE_NETWORK_STATE', 'android.permission.SET_WALLPAPER', 'android.permission.ACCESS_WIFI_STATE', 'android.permission.WAKE_LOCK', 'android.permission.CHANGE_WIFI_STATE', 'android.permission.MODIFY_AUDIO_SETTINGS', 'android.permission.GET_TASKS', 'android.permission.ACCESS_NETWORK_STATE', 'android.permission.BLUETOOTH']" 
"extra_perms" : "['android.permission.WRITE_EXTERNAL_STORAGE', 'android.permission.ACCESS_COARSE_LOCATION', 'android.permission.ACCESS_FINE_LOCATION', 'android.permission.READ_EXTERNAL_STORAGE', 'android.permission.RECORD_AUDIO', 'android.permission.ACCESS_WIFI_STATE', 'com.android.vending.BILLING']",
}