{
"name" : "Call Free - Call to phone Numbers worldwide",
"url" : "https://play.google.com/store/apps/details?id=free.call.international.phone.wifi.calling",
"package" : "free.call.international.phone.wifi.calling",
"category" : "Communication",
"description" : "Enjoy truly free calls ! Download this VOIP wifi calling online app & enjoy free calls world wide to any mobile & landline! Say goodbye to phone bills and use Call Free now.  Contact inside and outside the country without additional costs. Call free is a Voip Wifi Call App. Just call your India friends,Just call your US friends Just call anyone anywhere ,Just Call to any cell phone, local or abroad now! It is completely Free.  Features Whats the call app do you want?  I think you are finding a phone call app with Completely FREE & No Phone Bills - Call Free allows you to make international voip calls to India across the globe for free, even if the recipient has no Internet connection. -Popular countries include wifi call India , call USA, call Nigeria, call Pakistan, call Germany, call India and call UK. -we pay the voip bills for you ,so it is completely free  Whats the call app do you want?  I think you are finding a wifi call app with Clear & Stable Calling - Dial away and make high quality phone calls with voice quality that is crystal clear, just like making phone calls from a landline.  -Our voip call app technology automatically detects and adjusts to your connection speed, which means more stable calls and higher quality.   Whats the call app do you want?  I think you are finding a free calling app with Unlimited Call Credits - You have many choices to earn credit, the most simple just need one tap. Earn more credits via completing some funny tasks.  Whats the call app do you want?  I think you are finding a free call app with New user bonus -Each new user free reward 1000 credits  Supported Android devices include Samsung, Nexus and xiaomi many more. Now Download this free call app, Just make a phone call Now -Connecting you with your international friends and family. -Enjoy free wifi phone calls with your friends and family abroad. -Start your free voip calls to India,USA, UK, Bangladesh, Saudi Arabia,Nigeria and Pakistan Now!   Attention: Please do not click on ads that you are not interested in. Please do not use automatic tools or applications to click ads. All above will not increase your credits/points and may result in account suspension. ",
"desc_perms" : "['android.permission.READ_CONTACTS', 'android.permission.WRITE_EXTERNAL_STORAGE', 'android.permission.READ_PHONE_STATE', 'android.permission.ACCESS_WIFI_STATE', 'android.permission.WRITE_CONTACTS', 'android.permission.MODIFY_AUDIO_SETTINGS', 'android.permission.CALL_PHONE', 'android.permission.ACCESS_NETWORK_STATE', 'android.permission.INTERNET']",
"manifest_perms" : "['android.permission.WRITE_EXTERNAL_STORAGE', 'android.permission.RECEIVE_BOOT_COMPLETED', 'android.permission.BROADCAST_STICKY', 'android.permission.RECORD_AUDIO', 'android.permission.WRITE_CONTACTS', 'android.permission.FOREGROUND_SERVICE', 'android.permission.WAKE_LOCK', 'android.permission.MODIFY_AUDIO_SETTINGS', 'com.android.vending.BILLING', 'android.permission.ACCESS_NETWORK_STATE', 'android.permission.READ_CONTACTS', 'android.permission.READ_EXTERNAL_STORAGE', 'com.google.android.c2dm.permission.RECEIVE', 'android.permission.CHANGE_WIFI_STATE', 'com.google.android.finsky.permission.BIND_GET_INSTALL_REFERRER_SERVICE', 'android.permission.INTERNET', 'android.permission.READ_PHONE_STATE', 'android.permission.ACCESS_WIFI_STATE', 'android.permission.READ_SYNC_SETTINGS', 'android.permission.WRITE_SYNC_SETTINGS', 'android.permission.VIBRATE']",
"perms_with_call" : "['android.permission.ACCESS_COARSE_LOCATION', 'android.permission.ACCESS_FINE_LOCATION', 'android.permission.BROADCAST_STICKY', 'android.permission.CHANGE_NETWORK_STATE', 'android.permission.SET_WALLPAPER', 'android.permission.ACCESS_WIFI_STATE', 'android.permission.WAKE_LOCK', 'android.permission.CHANGE_WIFI_STATE', 'android.permission.MODIFY_AUDIO_SETTINGS', 'android.permission.GET_TASKS', 'android.permission.ACCESS_NETWORK_STATE', 'android.permission.BLUETOOTH']" 
"extra_perms" : "['android.permission.ACCESS_COARSE_LOCATION', 'android.permission.ACCESS_FINE_LOCATION', 'android.permission.READ_EXTERNAL_STORAGE', 'android.permission.RECORD_AUDIO', 'com.android.vending.BILLING']",
}