{
"name" : "Crisp",
"url" : "https://play.google.com/store/apps/details?id=im.crisp.app",
"package" : "im.crisp.app",
"category" : "Communication",
"description" : "Be Notified When Customers Reach Out  Offline? We send notifications directly to your devices so you stay up to date. Not replying? We forward chats right to your email, allowing you to directly reply to your visitor by email. Your reply will be forwarded to your Crisp interface and to your visitors email so that they have a transcript for reference. We keep up everything synced!  Livechat  Add our live chat to your website and talk to your customers real-time. Our chatbox is customizable and multilingual to adapt to your store. With MagicType, reply faster to your users by seeing what theyre writing in real-time. Plus, with GIF, smileys, and file sharing, live chat has never had so much flavor. You can even integrate Crisp with other channels, such as Facebook Messenger, Telegram, SMS and email.  Your Team Will Love It  With a fresh and modern interface, your team will thrive thanks to this efficient, easy-to-use tool. Crisp supports working hours as well, so that your employees wont be notified outside of their working hours. You can also send private notes to make sure that information does not disappear, and be notified and see what your colleagues are writing. The best part? Crisp is integrated with Zendesk and Slack, so you can keep using your existing tools. ",
"desc_perms" : "[]",
"manifest_perms" : "['android.permission.WRITE_EXTERNAL_STORAGE', 'android.permission.READ_APP_BADGE', 'android.permission.RECEIVE_BOOT_COMPLETED', 'com.sonyericsson.home.permission.BROADCAST_BADGE', 'me.everything.badger.permission.BADGE_COUNT_WRITE', 'com.anddoes.launcher.permission.UPDATE_COUNT', 'android.permission.FOREGROUND_SERVICE', 'android.permission.WAKE_LOCK', 'im.crisp.app.permission.C2D_MESSAGE', 'com.sonymobile.home.permission.PROVIDER_INSERT_BADGE', 'com.majeur.launcher.permission.UPDATE_BADGE', 'android.permission.ACCESS_NETWORK_STATE', 'android.permission.READ_EXTERNAL_STORAGE', 'me.everything.badger.permission.BADGE_COUNT_READ', 'com.google.android.c2dm.permission.RECEIVE', 'com.sec.android.provider.badge.permission.WRITE', 'com.htc.launcher.permission.READ_SETTINGS', 'android.permission.INTERNET', 'com.oppo.launcher.permission.WRITE_SETTINGS', 'com.htc.launcher.permission.UPDATE_SHORTCUT', 'com.oppo.launcher.permission.READ_SETTINGS', 'com.huawei.android.launcher.permission.READ_SETTINGS', 'com.huawei.android.launcher.permission.WRITE_SETTINGS', 'com.huawei.android.launcher.permission.CHANGE_BADGE', 'android.permission.VIBRATE', 'com.sec.android.provider.badge.permission.READ']",
"perms_with_call" : "['android.permission.ACCESS_COARSE_LOCATION', 'android.permission.ACCESS_FINE_LOCATION', 'android.permission.BROADCAST_STICKY', 'android.permission.WAKE_LOCK', 'android.permission.USE_FINGERPRINT', 'android.permission.GET_TASKS', 'android.permission.ACCESS_NETWORK_STATE', 'android.permission.BLUETOOTH']" 
"extra_perms" : "['android.permission.WRITE_EXTERNAL_STORAGE', 'android.permission.ACCESS_COARSE_LOCATION', 'android.permission.ACCESS_FINE_LOCATION', 'android.permission.READ_EXTERNAL_STORAGE', 'android.permission.ACCESS_NETWORK_STATE', 'android.permission.INTERNET']",
}