{
"name" : "BSNL Tariffs",
"url" : "https://play.google.com/store/apps/details?id=in.bsnl.retailer",
"package" : "in.bsnl.retailer",
"category" : "Communication",
"description" : "BSNL Tariff App gives facility to explore the various available plans of different services provided by BSNL. This app provides access to Available plans for Services like Landline, Broadband , FTTH, Mobile-Postpaid, Mobile- Prepaid(Plan Migration Vouchers, STV)  Also this App provides the details of Popular Plans for different services of BSNL  All the tariff displayed are based on the state selected by user.  State selection is editable. User can change the state and explore the available tariffs for different States ",
"desc_perms" : "[]",
"manifest_perms" : "['android.permission.ACCESS_WIFI_STATE', 'android.permission.INTERNET', 'android.permission.READ_PROFILE', 'android.permission.ACCESS_NETWORK_STATE']",
"perms_with_call" : "['android.permission.ACCESS_COARSE_LOCATION', 'android.permission.BROADCAST_STICKY', 'android.permission.USE_FINGERPRINT', 'android.permission.ACCESS_NETWORK_STATE', 'android.permission.WAKE_LOCK', 'android.permission.BLUETOOTH', 'android.permission.ACCESS_FINE_LOCATION']" 
"extra_perms" : "['android.permission.INTERNET', 'android.permission.ACCESS_COARSE_LOCATION', 'android.permission.ACCESS_WIFI_STATE', 'android.permission.ACCESS_FINE_LOCATION', 'android.permission.ACCESS_NETWORK_STATE']",
}