{
"name" : "WhatStickers.in | Custom Personal Sticker Maker",
"url" : "https://play.google.com/store/apps/details?id=in.whatstickers.whatsapp.custom.sticker.maker.personal",
"package" : "in.whatstickers.whatsapp.custom.sticker.maker.personal",
"category" : "Communication",
"description" : "WhatStickers is a Sticker maker that can help you create your own sticker packs with photos from your gallery and share it with your friends!  It is very easy to create a sticker pack with this app for Whatsapp  Steps to make a sticker pack:  1. Open the app, Agree to terms, Then click on Create sticker pack 2. Enter the name and publisher name for your new pack, then select a logo for your sticker pack. 3. Click on Add New to add stickers, Select Image and Draw the outline for your sticker and add a minimum of 3 stickers upto 30 stickers. 4. Click on Add to Whatsapp to publish your new sticker pack to whatsapp.   WhatStickers is also supported for Whatsapp business too. So if you are a WhatsApp business user, dont worry! we got you covered.    If you loved this sticker maker app, please give us a five star rating to support us. Thank you!   Keywords: WAStickerApps WhatsAppStickers Whatsapp Sticker App Custom Sticker Whatsapp Business Create Own Sticker  Personal Sticker Maker Gallery Sticker Maker Photo Sticker Maker for Whatsapp Free Sticker Creator Make Whatsapp Stickers Sticker Pack Creator for Android Sticker for Whatsapp for Business Create StickerPack Whatsapp business  Malayalam Sticker Packs Whatsapp Spanish Sticker packs English Sticker Whatsapp Funny Stickers Baby Whatsapp stickers memes Whatsapp stickers Hollywood stickers Lovers Whatsapp stickers ",
"desc_perms" : "['android.permission.WRITE_EXTERNAL_STORAGE', 'android.permission.ACCESS_WIFI_STATE', 'android.permission.CAMERA', 'android.permission.ACCESS_NETWORK_STATE', 'android.permission.INTERNET']",
"manifest_perms" : "['android.permission.WRITE_EXTERNAL_STORAGE', 'android.permission.READ_EXTERNAL_STORAGE', 'com.google.android.c2dm.permission.RECEIVE', 'android.permission.WAKE_LOCK', 'android.permission.CAMERA', 'com.google.android.finsky.permission.BIND_GET_INSTALL_REFERRER_SERVICE', 'com.android.vending.BILLING', 'android.permission.ACCESS_NETWORK_STATE', 'android.permission.INTERNET']",
"perms_with_call" : "['android.permission.ACCESS_COARSE_LOCATION', 'android.permission.ACCESS_FINE_LOCATION', 'android.permission.BROADCAST_STICKY', 'android.permission.WAKE_LOCK', 'android.permission.GET_TASKS', 'android.permission.ACCESS_NETWORK_STATE']" 
"extra_perms" : "['android.permission.ACCESS_COARSE_LOCATION', 'android.permission.ACCESS_FINE_LOCATION', 'android.permission.READ_EXTERNAL_STORAGE', 'com.android.vending.BILLING']",
}