{
"name" : "All Email Access with call screening",
"url" : "https://play.google.com/store/apps/details?id=info.myapp.allemailaccess",
"package" : "info.myapp.allemailaccess",
"category" : "Communication",
"description" : "All Email Access is an email app for Android that allows you to connect to your multiple email accounts from a single app  it also creates a powerful link between mail and phone calls, and identifies callers, with mail options directly from the caller ID screen.  In this fast-moving mobile age, you need quick email login access and better ways to manage your inbox. This easy to use e-mail app simplifies email login and allows you to manage various email accounts with a single click.   What sets All Email Access apart from other email apps is the smart Caller ID. It identifies callers in real-time, even if the caller isnt in your phonebook. The link between calls and emails means you can also easily and instantly send emails to the caller or access your emails directly after the call ends.   This app will strongly enhance your mobile communication and productivity.  What you get in this app:  - Super easy all email access: Universal email client lets you access all emails in one simple mail app (compatible with a large number of different mobile email providers). - ID Caller: Each time you receive a call you will see the callers details.  - Easy email access from the caller ID screen allows you to mail the caller quickly. - Save contacts: Save unknown incoming contacts with one click after each call. - Make it your own: You can easily adjust caller ID to your preferences in the app settings. - Overview of call history: Call log and instant access to your phonebook in the app. - Dedicated customer support  Our dedicated customer support team will ensure you have great functionality from amazing features. ",
"desc_perms" : "['android.permission.READ_PHONE_STATE', 'android.permission.ACCESS_WIFI_STATE', 'android.permission.MODIFY_AUDIO_SETTINGS', 'android.permission.GET_ACCOUNTS', 'android.permission.CALL_PHONE', 'android.permission.ACCESS_NETWORK_STATE', 'android.permission.INTERNET']",
"manifest_perms" : "['android.permission.WRITE_EXTERNAL_STORAGE', 'android.permission.ACCESS_COARSE_LOCATION', 'android.permission.ACCESS_FINE_LOCATION', 'android.permission.RECEIVE_BOOT_COMPLETED', 'android.permission.CHANGE_NETWORK_STATE', 'android.permission.READ_CALL_LOG', 'android.permission.SYSTEM_ALERT_WINDOW', 'android.permission.CALL_PHONE', 'android.permission.WRITE_CONTACTS', 'android.permission.FOREGROUND_SERVICE', 'android.permission.WAKE_LOCK', 'android.permission.ACCESS_NETWORK_STATE', 'android.permission.BATTERY_STATS', 'android.permission.READ_CONTACTS', 'android.permission.READ_EXTERNAL_STORAGE', 'com.google.android.c2dm.permission.RECEIVE', 'android.permission.ANSWER_PHONE_CALLS', 'com.google.android.finsky.permission.BIND_GET_INSTALL_REFERRER_SERVICE', 'android.permission.INTERNET', 'android.permission.READ_PHONE_STATE', 'android.permission.ACCESS_WIFI_STATE', 'android.permission.ACCESS_NOTIFICATION_POLICY']",
"perms_with_call" : "['android.permission.ACCESS_COARSE_LOCATION', 'android.permission.ACCESS_FINE_LOCATION', 'android.permission.READ_EXTERNAL_STORAGE', 'android.permission.SEND_SMS', 'android.permission.BROADCAST_STICKY', 'android.permission.READ_PHONE_STATE', 'android.permission.CHANGE_NETWORK_STATE', 'android.permission.ACCESS_WIFI_STATE', 'android.permission.WAKE_LOCK', 'android.permission.CHANGE_WIFI_STATE', 'android.permission.MODIFY_AUDIO_SETTINGS', 'android.permission.GET_TASKS', 'android.permission.ACCESS_NETWORK_STATE', 'android.permission.BLUETOOTH']" 
"extra_perms" : "['android.permission.WRITE_EXTERNAL_STORAGE', 'android.permission.ACCESS_COARSE_LOCATION', 'android.permission.ACCESS_FINE_LOCATION', 'android.permission.SEND_SMS', 'android.permission.READ_EXTERNAL_STORAGE', 'android.permission.READ_CONTACTS', 'android.permission.READ_CALL_LOG', 'android.permission.MODIFY_AUDIO_SETTINGS', 'android.permission.ANSWER_PHONE_CALLS', 'android.permission.SYSTEM_ALERT_WINDOW', 'android.permission.WRITE_CONTACTS', 'android.permission.BATTERY_STATS']",
}