{
"name" : "Intercom Conversations",
"url" : "https://play.google.com/store/apps/details?id=io.intercom.android",
"package" : "io.intercom.android",
"category" : "Communication",
"description" : "Access all your Intercom conversations and customers from your Android device.  Intercom is the first to bring messaging products for sales, marketing & customer service to one platform, helping businesses avoid the stiff, spammy status quo and have real conversations that build real connections. Designed to feel like the messaging apps you use every day, Intercom lets you talk to consumers almost anywhere: inside your app, on your website, across social media and via email.  With the Intercom Conversations mobile app you can:  MANAGE YOUR INBOX FROM ANYWHERE View and assign conversations, see where youre mentioned, and collaborate with your team using internal notes  START OR CONTINUE A CONVERSATION Send a new message or respond to a customer via in-app or email Insert saved replies, articles, and images to resolve common questions faster  SEARCH AND SEE YOUR USERS AND LEADS Gain context by viewing a user or leads live profile to reduce frustrating back and forth ",
"desc_perms" : "['android.permission.WRITE_EXTERNAL_STORAGE', 'android.permission.READ_EXTERNAL_STORAGE', 'android.permission.ACCESS_WIFI_STATE', 'android.permission.ACCESS_NETWORK_STATE', 'android.permission.INTERNET']",
"manifest_perms" : "['android.permission.WRITE_EXTERNAL_STORAGE', 'android.permission.READ_EXTERNAL_STORAGE', 'com.google.android.c2dm.permission.RECEIVE', 'android.permission.WAKE_LOCK', 'android.permission.CAMERA', 'android.permission.VIBRATE', 'android.permission.ACCESS_NETWORK_STATE', 'android.permission.INTERNET']",
"perms_with_call" : "['android.permission.ACCESS_COARSE_LOCATION', 'android.permission.ACCESS_FINE_LOCATION', 'android.permission.ACCESS_WIFI_STATE', 'android.permission.WAKE_LOCK', 'android.permission.GET_TASKS', 'android.permission.ACCESS_NETWORK_STATE']" 
"extra_perms" : "['android.permission.CAMERA', 'android.permission.ACCESS_FINE_LOCATION', 'android.permission.ACCESS_WIFI_STATE', 'android.permission.ACCESS_COARSE_LOCATION']",
}