{
"name" : "Graph Messenger",
"url" : "https://play.google.com/store/apps/details?id=ir.ilmili.telegraph",
"package" : "ir.ilmili.telegraph",
"category" : "Communication",
"description" : "Graph Messenger is an UNOFFICIAL messaging app that uses Telegrams API and add new features like real multi account system, download manager and time line.  It has all Telegram benefits and new fantastic features.  Features: +Real multi account system, unlimited account login and 100 simultaneous active account. +Download Manager, manage and schedule your downloads with a multi queue download manager. +Support any type of theme, telegram theme or Plus theme or Mobogram theme. +Voice changer, change your voice when send voice messages. +Hidden section, hide your chats and contacts and set password or pattern lock for them. +Lock chats, lock your chats and set password or pattern lock for them. +Send Drawing, draw anything you like and send as message. +Time Line, show all channels messages in one page. +Favorite Messages, add messages to favorite messages and show them in separate page. +Auto answer machine, send auto message to contact when you cant answer. +Short Messages, When the message is long it shows it short. +Separate channels, groups, users,... in chats list. +Favorite chats, add chats to favorite chats and show them in separate list. +Categorize chats list, create categories and add chats to them. +File manager, show all chats media in one page. +Contact changes, can show contact changes like change name, avatar and phone in one page. +Special contact, notify you when your special contact is online. +Can edit and customize main menu. +Can change screen light and color filter. +Telegraph settings, you can customize your telegraph app in telegraph settings. +Professional proxy settings, Multi delete, share and copy. Sort by ping time. +Smart connect to proxy by ping time. +Import proxies from file and clipboard. export proxies to file. +... and other features.   Telegraph channel: https://t.me/app_telegraph ",
"desc_perms" : "['android.permission.READ_EXTERNAL_STORAGE', 'android.permission.ACCESS_NETWORK_STATE', 'android.permission.INTERNET']",
"manifest_perms" : "['android.permission.WRITE_EXTERNAL_STORAGE', 'android.permission.ACCESS_COARSE_LOCATION', 'android.permission.ACCESS_FINE_LOCATION', 'android.permission.RECEIVE_BOOT_COMPLETED', 'android.permission.READ_APP_BADGE', 'android.permission.REQUEST_INSTALL_PACKAGES', 'com.android.launcher.permission.INSTALL_SHORTCUT', 'com.sonyericsson.home.permission.BROADCAST_BADGE', 'android.permission.MANAGE_OWN_CALLS', 'android.permission.RECORD_AUDIO', 'android.permission.GET_ACCOUNTS', 'android.permission.SYSTEM_ALERT_WINDOW', 'android.permission.INSTALL_SHORTCUT', 'me.everything.badger.permission.BADGE_COUNT_WRITE', 'android.permission.DOWNLOAD_WITHOUT_NOTIFICATION', 'android.permission.CALL_PHONE', 'android.permission.WRITE_CONTACTS', 'com.android.launcher.permission.UNINSTALL_SHORTCUT', 'com.anddoes.launcher.permission.UPDATE_COUNT', 'android.permission.FOREGROUND_SERVICE', 'android.permission.WAKE_LOCK', 'com.google.android.providers.gsf.permission.READ_GSERVICES', 'com.sonymobile.home.permission.PROVIDER_INSERT_BADGE', 'android.permission.MODIFY_AUDIO_SETTINGS', 'android.permission.AUTHENTICATE_ACCOUNTS', 'com.majeur.launcher.permission.UPDATE_BADGE', 'android.permission.GET_TASKS', 'android.permission.ACCESS_NETWORK_STATE', 'android.permission.READ_CONTACTS', 'android.permission.READ_EXTERNAL_STORAGE', 'android.permission.MANAGE_ACCOUNTS', 'me.everything.badger.permission.BADGE_COUNT_READ', 'com.google.android.c2dm.permission.RECEIVE', 'android.permission.USE_BIOMETRIC', 'ir.ilmili.telegraph.permission.MAPS_RECEIVE', 'android.permission.USE_FINGERPRINT', 'com.sec.android.provider.badge.permission.WRITE', 'android.permission.CHANGE_WIFI_STATE', 'com.htc.launcher.permission.READ_SETTINGS', 'android.permission.CAMERA', 'com.google.android.finsky.permission.BIND_GET_INSTALL_REFERRER_SERVICE', 'android.permission.INTERNET', 'android.permission.BLUETOOTH', 'com.oppo.launcher.permission.WRITE_SETTINGS', 'com.htc.launcher.permission.UPDATE_SHORTCUT', 'android.permission.READ_PHONE_STATE', 'com.oppo.launcher.permission.READ_SETTINGS', 'android.permission.ACCESS_WIFI_STATE', 'android.permission.READ_SYNC_SETTINGS', 'com.huawei.android.launcher.permission.READ_SETTINGS', 'com.huawei.android.launcher.permission.WRITE_SETTINGS', 'android.permission.WRITE_SYNC_SETTINGS', 'com.huawei.android.launcher.permission.CHANGE_BADGE', 'android.permission.VIBRATE', 'android.permission.READ_PROFILE', 'com.sec.android.provider.badge.permission.READ']",
"perms_with_call" : "['android.permission.ACCESS_COARSE_LOCATION', 'android.permission.ACCESS_FINE_LOCATION', 'android.permission.BROADCAST_STICKY', 'android.permission.READ_PHONE_STATE', 'android.permission.CHANGE_NETWORK_STATE', 'android.permission.ACCESS_WIFI_STATE', 'android.permission.WAKE_LOCK', 'android.permission.USE_FINGERPRINT', 'android.permission.CHANGE_WIFI_STATE', 'android.permission.MODIFY_AUDIO_SETTINGS', 'android.permission.GET_TASKS', 'android.permission.ACCESS_NETWORK_STATE', 'android.permission.BLUETOOTH']" 
"extra_perms" : "['android.permission.WRITE_EXTERNAL_STORAGE', 'android.permission.ACCESS_COARSE_LOCATION', 'android.permission.ACCESS_FINE_LOCATION', 'android.permission.READ_CONTACTS', 'ir.ilmili.telegraph.permission.MAPS_RECEIVE', 'android.permission.MANAGE_OWN_CALLS', 'android.permission.RECORD_AUDIO', 'android.permission.GET_ACCOUNTS', 'android.permission.SYSTEM_ALERT_WINDOW', 'android.permission.CAMERA', 'android.permission.DOWNLOAD_WITHOUT_NOTIFICATION', 'android.permission.INSTALL_SHORTCUT', 'android.permission.CALL_PHONE', 'android.permission.WRITE_CONTACTS', 'android.permission.READ_PHONE_STATE', 'android.permission.ACCESS_WIFI_STATE', 'android.permission.MODIFY_AUDIO_SETTINGS']",
}