{
"name" : "easymeeting S",
"url" : "https://play.google.com/store/apps/details?id=it.feedbackitalia.easymeetingS",
"package" : "it.feedbackitalia.easymeetingS",
"category" : "Communication",
"description" : "easymeeting S is the app that allows you to easily participate from your tablet to easymeeting sessions. Use audio & video quality up to HD and share applications and documents.   To use easymeeting S you need an easymeeting account.   Share documents, collaborate, learn with real time questionnaires and record all your meetings, wherever you are!   You can login in easymeeting with a PC, a Mac, a tablet or with your smartphone.    easymeeting S features:   Log in easymeeting sessions  Watch applications and shared documents  Webcam selection (front or back)  Use with or without earphones (thanks to integrated echo cancellation)  Up to 8 Full-Duplex video channels  Users list in low refresh   easymeeting features:    An unlimited number of concurrent sessions;   Up to 20 users activated in full duplex windows;   Adaptive windows depending on the number of participants;   Windows size and position can be changed according to the users choice;   Customizable layout across multiple monitors (up to eight) that can be saved and quickly retrieved;   Sending files and movies in real time;   Screen sharing for the direct sharing of files and applications;   Whiteboard integrated on data window;  Integrated Chat among all users;   PowerPoint files synchronization;   Entire sessions completely recordable by each client;   Web-based scheduling system to invite participants at the meeting;   Instant messaging to enable easymeeting sessions in real time with users of your intranet or your workgroup;   videolearning to manage interactive training;   Integration with easyconference to integrate with traditional video-conferencing and phone-conference systems. ",
"desc_perms" : "['android.permission.WRITE_EXTERNAL_STORAGE', 'android.permission.RECORD_AUDIO', 'android.permission.CAMERA', 'android.permission.ACCESS_NETWORK_STATE', 'android.permission.INTERNET', 'android.permission.ACCESS_WIFI_STATE', 'android.permission.READ_EXTERNAL_STORAGE']",
"manifest_perms" : "['android.permission.WRITE_EXTERNAL_STORAGE', 'android.permission.RECORD_AUDIO', 'android.permission.CAMERA', 'android.permission.MODIFY_AUDIO_SETTINGS', 'android.permission.DISABLE_KEYGUARD', 'android.permission.WAKE_LOCK', 'android.permission.FOREGROUND_SERVICE', 'android.permission.INTERNET', 'android.permission.BLUETOOTH_ADMIN', 'android.permission.GET_TASKS', 'android.permission.BLUETOOTH', 'android.permission.READ_PHONE_STATE', 'android.permission.READ_EXTERNAL_STORAGE', 'android.permission.FLAG_DRAWS_SYSTEM_BAR_BACKGROUNDS']",
"perms_with_call" : "['android.permission.ACCESS_COARSE_LOCATION', 'android.permission.USE_FINGERPRINT', 'android.permission.MODIFY_AUDIO_SETTINGS', 'android.permission.DISABLE_KEYGUARD', 'android.permission.ACCESS_NETWORK_STATE', 'android.permission.WAKE_LOCK', 'android.permission.GET_TASKS', 'android.permission.BLUETOOTH', 'android.permission.READ_PHONE_STATE', 'android.permission.ACCESS_FINE_LOCATION']" 
"extra_perms" : "['android.permission.FLAG_DRAWS_SYSTEM_BAR_BACKGROUNDS', 'android.permission.ACCESS_COARSE_LOCATION', 'android.permission.READ_PHONE_STATE', 'android.permission.MODIFY_AUDIO_SETTINGS', 'android.permission.DISABLE_KEYGUARD', 'android.permission.ACCESS_FINE_LOCATION', 'android.permission.ACCESS_NETWORK_STATE']",
}