{
"name" : "Rignano sull'Arno",
"url" : "https://play.google.com/store/apps/details?id=it.lineacomune.app.rignanosa",
"package" : "it.lineacomune.app.rignanosa",
"category" : "Communication",
"description" : "Questa  lapp istituzionale del Comune di Rignano sullArno realizzata, per i comuni consociati, da Linea Comune.  Lapplicazione fornisce contenuti coordinati con la Rete Civica e lArea Servizi del tuo comune, vuole costituire un unico e rapido punto daccesso per soddisfare la maggior parte delle esigenze informative dei cittadini.   Potrai cos conoscere appuntamenti ed eventi del Comune, visualizzare i punti di interesse, effettuare una segnalazione, ricevere una notifica urgente in caso di allerta meteo e molto altro. This is the institutional app of the municipality of Rignano Arno realized, for common subsidiaries, by Linea Municipality.  The application provides content coordinated with the Civic Network and Services Area in your community, you want to create a unique and quick access point to meet most of the information needs of citizens.  So you can learn about appointments and the City events, view the points of interest, make a report, receive an urgent notification in case of weather warnings and more. ",
"desc_perms" : "['android.permission.ACCESS_COARSE_LOCATION', 'android.permission.ACCESS_WIFI_STATE', 'android.permission.ACCESS_NETWORK_STATE', 'android.permission.INTERNET']",
"manifest_perms" : "['android.permission.WRITE_EXTERNAL_STORAGE', 'android.permission.ACCESS_COARSE_LOCATION', 'android.permission.ACCESS_FINE_LOCATION', 'android.permission.RECEIVE_BOOT_COMPLETED', 'it.lineacomune.app.rignanosa.permission.MAPS_RECEIVE', 'android.permission.READ_PHONE_STATE', 'com.google.android.c2dm.permission.RECEIVE', 'android.permission.WRITE_INTERNAL_STORAGE', 'android.permission.WAKE_LOCK', 'it.lineacomune.app.rignanosa.permission.C2D_MESSAGE', 'com.google.android.providers.gsf.permission.READ_GSERVICES', 'android.permission.ACCESS_WIFI_STATE', 'android.permission.GET_ACCOUNTS', 'android.permission.CAMERA', 'android.permission.VIBRATE', 'android.permission.ACCESS_NETWORK_STATE', 'android.permission.INTERNET']",
"perms_with_call" : "['android.permission.ACCESS_COARSE_LOCATION', 'android.permission.ACCESS_FINE_LOCATION', 'android.permission.BROADCAST_STICKY', 'android.permission.ACCESS_WIFI_STATE', 'android.permission.WAKE_LOCK', 'android.permission.SET_WALLPAPER', 'android.permission.USE_FINGERPRINT', 'android.permission.CHANGE_WIFI_STATE', 'android.permission.GET_TASKS', 'android.permission.ACCESS_NETWORK_STATE', 'android.permission.BLUETOOTH']" 
"extra_perms" : "['android.permission.WRITE_EXTERNAL_STORAGE', 'android.permission.ACCESS_FINE_LOCATION', 'android.permission.READ_PHONE_STATE', 'it.lineacomune.app.rignanosa.permission.MAPS_RECEIVE', 'android.permission.WRITE_INTERNAL_STORAGE', 'android.permission.GET_ACCOUNTS', 'android.permission.CAMERA']",
}