{
"name" : "Habit Browser",
"url" : "https://play.google.com/store/apps/details?id=jp.ddo.pigsty.HabitBrowser",
"package" : "jp.ddo.pigsty.HabitBrowser",
"category" : "Communication",
"description" : "Habit Browser is a feature-rich Web browser. You can use easily lightly various functions. In addition, you can make the browser your own by rich customization. It is time to create the powerful browser of your own! !  - There is a page that people of volunteers created English forum http://www.habitbrowser.com  - Translation is machine translation Translation volunteer is welcome. please login and help to translate by https://crowdin.net/project/habit-browser  Thanks to following people for all their effort and support: Jarek Mazur, Lucas E. Martnez  - If you have enabled Flash, it may become inoperable by the terminal. If you fall into inoperable, please disable or uninstall the Flash  - For quick menu Appears in the Tap and Hold to the Center from the side of the screen  - For user scripts It does not correspond to the @match @require  - Permission description ACCESS_NETWORK_STATE and ACCESS_WIFI_STATE is used in [Preload of the web page] ACCESS_LOCATION, ACCESS_COARSE_LOCATION, ACCESS_FINE_LOCATION, ACCESS_GPS and ACCESS_ASSISTED_GPS is used in [Browser location api] EXPAND_STATUS_BAR is used in [Open status bar menu] INTERNET is used in [Browser] WAKE_LOCK is used in [Stay awake settings] WRITE_EXTERNAL_STORAGE is used in [Download and Export settings] READ_HISTORY_BOOKMARKS is used in [Import device bookmarks] INSTALL_SHORTCUT is used in [Add to home menu] VIBRATE is used in [Vibration on long press settings] NFC is used in [Android Beam]  Operation check device: Galaxy S 4.0.4 Xperia VL 4.1.2 HTC J One 4.2.2 Galaxy S 4.3 Nexus7 2013 4.4 ",
"desc_perms" : "['android.permission.READ_CONTACTS', 'android.permission.READ_EXTERNAL_STORAGE', 'android.permission.ACCESS_WIFI_STATE', 'android.permission.GET_ACCOUNTS', 'android.permission.vibrate', 'android.permission.ACCESS_NETWORK_STATE', 'android.permission.INTERNET']",
"manifest_perms" : "['android.permission.WRITE_EXTERNAL_STORAGE', 'android.permission.ACCESS_COARSE_LOCATION', 'android.permission.ACCESS_FINE_LOCATION', 'android.permission.READ_EXTERNAL_STORAGE', 'android.permission.NFC', 'android.permission.EXPAND_STATUS_BAR', 'com.android.launcher.permission.INSTALL_SHORTCUT', 'android.permission.ACCESS_WIFI_STATE', 'android.permission.WAKE_LOCK', 'com.android.browser.permission.READ_HISTORY_BOOKMARKS', 'android.permission.VIBRATE', 'com.android.vending.BILLING', 'android.permission.ACCESS_NETWORK_STATE', 'jp.ddo.pigsty.HabitBrowser.permission.signature', 'android.permission.INTERNET']",
"perms_with_call" : "['android.permission.ACCESS_COARSE_LOCATION', 'android.permission.ACCESS_FINE_LOCATION', 'android.permission.WAKE_LOCK', 'android.permission.ACCESS_NETWORK_STATE', 'android.permission.BLUETOOTH']" 
"extra_perms" : "['android.permission.WRITE_EXTERNAL_STORAGE', 'android.permission.ACCESS_COARSE_LOCATION', 'android.permission.ACCESS_FINE_LOCATION', 'android.permission.NFC', 'android.permission.EXPAND_STATUS_BAR', 'com.android.browser.permission.READ_HISTORY_BOOKMARKS', 'com.android.vending.BILLING', 'jp.ddo.pigsty.HabitBrowser.permission.signature']",
}