{
"name" : "LINE: Free Calls & Messages",
"url" : "https://play.google.com/store/apps/details?id=jp.naver.line.android",
"package" : "jp.naver.line.android",
"category" : "Communication",
"description" : "LINE reshapes communication around the globe, allowing you to enjoy not only messaging but also free voice and video calls wherever you find yourself.   Download LINE and discover the reasons for its global popularity and number one ranking in 52 countries.  LINEs latest features   Intimate conversations or large round tables can happen anywhere with group video calls Chat with up to 200 friends in your group simultaneously! Enjoy face to face video chats with friends as well!   Use polls to quickly see what your friends think From where to meet to what to eat, avoid lengthy discussions and make decisions easily by creating a poll.  LINEs main features   Free voice and video calls anywhere, anytime  Enjoy great quality calls at no charge, no matter where you are. Even international calls with up to 200 people at the same time are completely free! Use effects and filters for even more fun during video calls. (Note that this feature may not be available on certain devices.)   Convenient chats where anything is possible  Share messages, photos, videos, stickers, voice messages, and locations easily with friends.    Fun and easy-to-use social networking features  From messages and photos to videos and locations, share your daily moments with friends on Timeline!    Find the worlds most popular characters at the Sticker Shop  Browse hundreds of popular free stickers plus adorable stickers of the worlds favorite characters! Choose from a variety of LINE sticker sets to liven up your messages in your own unique way.    Auto-sync your device and PC  Whether on the go with the mobile version or connected to the desktop version using your PC or Mac, your LINE chats are always up-to-date and synced automatically across all versions.    Your own personal storage space: Keep  Store messages, photos, videos, and more in Keep where you can easily share them with friends.    Stay informed with LINE official accounts Connect directly with your favorite celebrities and companies by friending their official accounts.   Get connected to new apps LINE provides a gateway to entertainment and lifestyle apps that will keep you entertained and bring new convenience to your life.   Make international calls with LINE Out Place international calls to mobile phones and landlines at low rates. You can even call friends who arent on LINE. Plus, enjoy free calls after watching ads with LINE Out Free.   Face Play: May the best face win! Get ready to stretch those facial muscles! Rack up new high scores in solo mode, or battle it out with your friends in duo mode for double the fun. Dont forget to collect your special trophy and skin when you complete a mission or become the season champion!   We recommend using a data plan or connecting to Wi-Fi as you may incur data usage fees otherwise.   Please also use LINE with Android OS versions 4.4 and above to enjoy LINE to the fullest extent.  ********** If your network speed is too slow or you dont have enough device storage, LINE may not install properly.  If this happens, please check your connection and try again. ********** ",
"desc_perms" : "['android.permission.READ_CONTACTS', 'android.permission.WRITE_EXTERNAL_STORAGE', 'android.permission.ACCESS_FINE_LOCATION', 'android.permission.READ_EXTERNAL_STORAGE', 'android.permission.READ_PHONE_STATE', 'android.permission.ACCESS_WIFI_STATE', 'android.permission.WRITE_CONTACTS', 'android.permission.MODIFY_AUDIO_SETTINGS', 'android.permission.GET_ACCOUNTS', 'android.permission.CAMERA', 'android.permission.CALL_PHONE', 'android.permission.ACCESS_NETWORK_STATE', 'android.permission.INTERNET']",
"manifest_perms" : "['android.permission.WRITE_EXTERNAL_STORAGE', 'android.permission.ACCESS_COARSE_LOCATION', 'android.permission.ACCESS_FINE_LOCATION', 'android.permission.RECEIVE_BOOT_COMPLETED', 'com.android.launcher.permission.INSTALL_SHORTCUT', 'android.permission.SYSTEM_ALERT_WINDOW', 'android.permission.GET_ACCOUNTS', 'android.permission.DOWNLOAD_WITHOUT_NOTIFICATION', 'android.permission.RECORD_AUDIO', 'android.permission.CALL_PHONE', 'android.permission.WRITE_CONTACTS', 'com.kddi.market.permission.USE_ALML', 'com.linecorp.linekeep.android.permission.SYNC_MESSAGE', 'android.permission.FOREGROUND_SERVICE', 'android.permission.WAKE_LOCK', 'com.sonymobile.home.permission.PROVIDER_INSERT_BADGE', 'android.permission.MODIFY_AUDIO_SETTINGS', 'android.permission.AUTHENTICATE_ACCOUNTS', 'android.permission.GET_TASKS', 'com.android.vending.BILLING', 'android.permission.ACCESS_NETWORK_STATE', 'android.permission.READ_CONTACTS', 'android.permission.READ_EXTERNAL_STORAGE', 'android.permission.ACCESS_LOCATION_EXTRA_COMMANDS', 'android.permission.MANAGE_ACCOUNTS', 'android.permission.NFC', 'android.permission.BLUETOOTH_ADMIN', 'com.google.android.c2dm.permission.RECEIVE', 'com.linecorp.linemusic.android.permission.PLAYBACK', 'jp.naver.android.npush.permission.PUSH_MESSAGE', 'android.permission.USE_FINGERPRINT', 'android.permission.FLASHLIGHT', 'android.permission.CAMERA', 'android.permission.DISABLE_KEYGUARD', 'com.google.android.finsky.permission.BIND_GET_INSTALL_REFERRER_SERVICE', 'android.permission.BLUETOOTH', 'android.permission.INTERNET', 'android.permission.READ_PHONE_STATE', 'jp.naver.line.android.permission.LINE_ACCESS', 'android.permission.ACCESS_WIFI_STATE', 'android.permission.READ_SYNC_SETTINGS', 'com.huawei.android.launcher.permission.READ_SETTINGS', 'com.huawei.android.launcher.permission.WRITE_SETTINGS', 'android.permission.WRITE_SYNC_SETTINGS', 'com.huawei.android.launcher.permission.CHANGE_BADGE', 'android.permission.VIBRATE']",
"perms_with_call" : "['android.permission.ACCESS_COARSE_LOCATION', 'android.permission.ACCESS_FINE_LOCATION', 'android.permission.BROADCAST_STICKY', 'android.permission.CHANGE_NETWORK_STATE', 'android.permission.BLUETOOTH_ADMIN', 'android.permission.ACCESS_WIFI_STATE', 'android.permission.WAKE_LOCK', 'android.permission.USE_FINGERPRINT', 'android.permission.CHANGE_WIFI_STATE', 'android.permission.MODIFY_AUDIO_SETTINGS', 'android.permission.GET_TASKS', 'android.permission.ACCESS_NETWORK_STATE', 'android.permission.BLUETOOTH']" 
"extra_perms" : "['android.permission.ACCESS_COARSE_LOCATION', 'com.linecorp.linekeep.android.permission.SYNC_MESSAGE', 'com.kddi.market.permission.USE_ALML', 'jp.naver.line.android.permission.LINE_ACCESS', 'android.permission.ACCESS_LOCATION_EXTRA_COMMANDS', 'android.permission.NFC', 'com.linecorp.linemusic.android.permission.PLAYBACK', 'jp.naver.android.npush.permission.PUSH_MESSAGE', 'android.permission.DOWNLOAD_WITHOUT_NOTIFICATION', 'android.permission.SYSTEM_ALERT_WINDOW', 'android.permission.RECORD_AUDIO', 'android.permission.DISABLE_KEYGUARD', 'com.android.vending.BILLING']",
}