{
"name" : "Fantasia Chat",
"url" : "https://play.google.com/store/apps/details?id=lfantasia.fantasiachat",
"package" : "lfantasia.fantasiachat",
"category" : "Communication",
"description" : "No need description, its a chat place ",
"desc_perms" : "[]",
"manifest_perms" : "['android.permission.ACCESS_NETWORK_STATE', 'android.permission.INTERNET']",
"perms_with_call" : "['android.permission.ACCESS_COARSE_LOCATION', 'android.permission.ACCESS_FINE_LOCATION', 'android.permission.BROADCAST_STICKY', 'android.permission.WAKE_LOCK', 'android.permission.USE_FINGERPRINT', 'android.permission.GET_TASKS', 'android.permission.ACCESS_NETWORK_STATE', 'android.permission.BLUETOOTH']" 
"extra_perms" : "['android.permission.ACCESS_COARSE_LOCATION', 'android.permission.ACCESS_FINE_LOCATION', 'android.permission.ACCESS_NETWORK_STATE', 'android.permission.INTERNET']",
}