{
"name" : "IndyCall - Free calls to India",
"url" : "https://play.google.com/store/apps/details?id=lv.indycall.client",
"package" : "lv.indycall.client",
"category" : "Communication",
"description" : "Call any phone in India not sparing a penny. You dont need money to make a phone call. IndyCall works without credit cards, bills or balances. IndyCall also identifies unknown phone numbers for you.  - Start the call - Select your contact or dial a number just like you always do. - Check out the advertisement - Wait until it ends or close it manually to proceed. - Do the talking   The call time limit is displayed when you dial. Duration of free calls is based on your location and the number you dial  You can purchase indyminutes  Indiminutes remove ads and duration limits. Each indyminute gives one minute to your call to India  Option to register your phone number   Caller ID feature can be adjusted or disabled completely at any time in the settings menu.   You can get more free minutes for Indycall in Indycall Booster! https://play.google.com/store/apps/details?id=com.indycall.polls   Contact us: E-mail: support@indycall.com Web: http://www.indycall.com ",
"desc_perms" : "['android.permission.MODIFY_AUDIO_SETTINGS', 'android.permission.CALL_PHONE', 'android.permission.READ_PHONE_STATE']",
"manifest_perms" : "['android.permission.WRITE_EXTERNAL_STORAGE', 'android.permission.ACCESS_COARSE_LOCATION', 'android.permission.ACCESS_FINE_LOCATION', 'android.permission.RECEIVE_BOOT_COMPLETED', 'android.permission.REQUEST_INSTALL_PACKAGES', 'android.permission.CHANGE_NETWORK_STATE', 'com.android.alarm.permission.SET_ALARM', 'android.permission.RECORD_AUDIO', 'android.permission.GET_ACCOUNTS', 'android.permission.CALL_PHONE', 'android.permission.WRITE_CONTACTS', 'android.permission.WAKE_LOCK', 'android.permission.MODIFY_AUDIO_SETTINGS', 'com.android.vending.BILLING', 'android.permission.ACCESS_NETWORK_STATE', 'android.permission.BATTERY_STATS', 'android.permission.READ_CONTACTS', 'android.permission.ACCESS_BACKGROUND_LOCATION', 'android.permission.READ_EXTERNAL_STORAGE', 'com.google.android.c2dm.permission.RECEIVE', 'com.google.android.gms.permission.ACTIVITY_RECOGNITION', 'android.permission.CHANGE_WIFI_STATE', 'android.permission.ANSWER_PHONE_CALLS', 'android.permission.RAISED_THREAD_PRIORITY', 'com.google.android.finsky.permission.BIND_GET_INSTALL_REFERRER_SERVICE', 'android.permission.INTERNET', 'android.permission.READ_PHONE_STATE', 'android.permission.ACCESS_WIFI_STATE', 'android.permission.ACCESS_NOTIFICATION_POLICY', 'android.permission.VIBRATE']",
"perms_with_call" : "['android.permission.ACCESS_COARSE_LOCATION', 'android.permission.ACCESS_FINE_LOCATION', 'android.permission.READ_EXTERNAL_STORAGE', 'android.permission.SEND_SMS', 'android.permission.BROADCAST_STICKY', 'android.permission.READ_PHONE_STATE', 'android.permission.CHANGE_NETWORK_STATE', 'android.permission.BLUETOOTH_ADMIN', 'android.permission.ACCESS_WIFI_STATE', 'android.permission.WAKE_LOCK', 'android.permission.USE_FINGERPRINT', 'android.permission.MODIFY_AUDIO_SETTINGS', 'android.permission.GET_TASKS', 'android.permission.ACCESS_NETWORK_STATE', 'android.permission.BLUETOOTH']" 
"extra_perms" : "['android.permission.WRITE_EXTERNAL_STORAGE', 'android.permission.ACCESS_COARSE_LOCATION', 'android.permission.ACCESS_FINE_LOCATION', 'android.permission.SEND_SMS', 'android.permission.READ_CONTACTS', 'android.permission.ACCESS_BACKGROUND_LOCATION', 'android.permission.READ_EXTERNAL_STORAGE', 'android.permission.ANSWER_PHONE_CALLS', 'android.permission.RECORD_AUDIO', 'android.permission.GET_ACCOUNTS', 'android.permission.RAISED_THREAD_PRIORITY', 'android.permission.WRITE_CONTACTS', 'android.permission.INTERNET', 'android.permission.ACCESS_WIFI_STATE', 'com.android.vending.BILLING', 'android.permission.ACCESS_NETWORK_STATE', 'android.permission.BATTERY_STATS']",
}