{
"name" : "Inbox.lv",
"url" : "https://play.google.com/store/apps/details?id=lv.inbox.mailapp",
"package" : "lv.inbox.mailapp",
"category" : "Communication",
"description" : "Inbox.lv are stable, secure and powerful technical platform and more than millions of satisfied users. Hosted on own servers in Europe. Android and iOS applications makes work even more convenient and mobile.   The Inbox.lv app is currently available on 10 languages: Latvian, English, Russian, German, Spanish, Lithuanian, Estonian, Bengali, Punjabi (Gurmukhi), Bahasa (Indonesian).  KEY FEATURES:   Free & Advanced email - message reading and respond in online & offline mode  User friendly interface - convenient email preview and work with attachments  Instant notifications - push notifications so you no longer have to check your mail manually   Multiple account support - use your different Inbox.lv email accounts right from the app  Swipe actions - instantly delete emails or mark as unread with swipe actions.  Quick Search & Filters - easily filter emails by unread/important flag and search across all of your emails faster than ever.  Security & Spam protection - data storage and sending via SSL, use of a more secure login method (OAUTH2)  Contacts & Calendar synchronization  ADVANCED FEATURES:  Compact message list  Home screen widgets  On / Off remote images in messages  Sound choice for notifications  Outbox queue  Folder management and creation  Support for different types of avatars  Choose beautiful dark or other color theme  Do not Disturb mode from 22:00 to 7:00  OS REQUIREMENTS:  Android 4.2.3 or higher  CONTACT US:  Were always excited to hear from you! If you have any feedback, questions or concerns, please send via the Feedback in the app or email feedback@inbox.lv. In this case, we will respond quickly and solve the problem as soon as possible.  RATE US: Special thanks to everyone who rates us 5 stars and provides a warm feedback. Its so encouraging for the team! ",
"desc_perms" : "['android.permission.READ_EXTERNAL_STORAGE', 'android.permission.ACCESS_NETWORK_STATE', 'android.permission.READ_CALENDAR', 'android.permission.INTERNET']",
"manifest_perms" : "['android.permission.WRITE_EXTERNAL_STORAGE', 'android.permission.READ_APP_BADGE', 'android.permission.RECEIVE_BOOT_COMPLETED', 'com.sonyericsson.home.permission.BROADCAST_BADGE', 'com.samsung.android.providers.context.permission.WRITE_USE_APP_FEATURE_SURVEY', 'android.permission.GET_ACCOUNTS', 'android.permission.WRITE_CONTACTS', 'android.permission.READ_CALENDAR', 'com.anddoes.launcher.permission.UPDATE_COUNT', 'android.permission.MANAGE_DOCUMENTS', 'android.permission.WAKE_LOCK', 'android.permission.READ_SYNC_STATS', 'com.sonymobile.home.permission.PROVIDER_INSERT_BADGE', 'com.majeur.launcher.permission.UPDATE_BADGE', 'android.permission.AUTHENTICATE_ACCOUNTS', 'android.permission.USE_CREDENTIALS', 'android.permission.ACCESS_NETWORK_STATE', 'android.permission.READ_CONTACTS', 'lv.inbox.mailapp.permission.C2D_MESSAGE', 'android.permission.MANAGE_ACCOUNTS', 'com.google.android.c2dm.permission.RECEIVE', 'com.sec.android.provider.badge.permission.WRITE', 'com.htc.launcher.permission.READ_SETTINGS', 'com.google.android.finsky.permission.BIND_GET_INSTALL_REFERRER_SERVICE', 'android.permission.INTERNET', 'com.oppo.launcher.permission.WRITE_SETTINGS', 'android.permission.WRITE_CALENDAR', 'com.htc.launcher.permission.UPDATE_SHORTCUT', 'android.permission.READ_PHONE_STATE', 'com.oppo.launcher.permission.READ_SETTINGS', 'android.permission.ACCESS_WIFI_STATE', 'android.permission.READ_SYNC_SETTINGS', 'com.huawei.android.launcher.permission.READ_SETTINGS', 'com.huawei.android.launcher.permission.WRITE_SETTINGS', 'android.permission.WRITE_SYNC_SETTINGS', 'com.huawei.android.launcher.permission.CHANGE_BADGE', 'android.permission.VIBRATE', 'android.permission.READ_PROFILE', 'com.sec.android.provider.badge.permission.READ']",
"perms_with_call" : "['android.permission.ACCESS_COARSE_LOCATION', 'android.permission.ACCESS_FINE_LOCATION', 'android.permission.BROADCAST_STICKY', 'android.permission.ACCESS_WIFI_STATE', 'android.permission.WAKE_LOCK', 'android.permission.USE_FINGERPRINT', 'android.permission.GET_TASKS', 'android.permission.ACCESS_NETWORK_STATE', 'android.permission.BLUETOOTH']" 
"extra_perms" : "['android.permission.WRITE_EXTERNAL_STORAGE', 'android.permission.ACCESS_COARSE_LOCATION', 'android.permission.ACCESS_FINE_LOCATION', 'android.permission.READ_CONTACTS', 'android.permission.WRITE_CALENDAR', 'android.permission.READ_PHONE_STATE', 'android.permission.ACCESS_WIFI_STATE', 'android.permission.MANAGE_DOCUMENTS', 'com.samsung.android.providers.context.permission.WRITE_USE_APP_FEATURE_SURVEY', 'android.permission.GET_ACCOUNTS', 'android.permission.WRITE_CONTACTS']",
}