{
"name" : "Call Germany Free - GermanyCall",
"url" : "https://play.google.com/store/apps/details?id=me.freecall.callgermany",
"package" : "me.freecall.callgermany",
"category" : "Communication",
"description" : "Call Germany Free - free calling app with wifi or cellular data.   CallGermany app can help you to contact your Germany friends free, to any mobile & landline, even if they have no network access.  Install to got 2000 credits, make call now. invite to got 5000 credits.  100% Free phone call. No contract, no hidden fees, better than any cheap international call app.  Call Germany app is VOIP phone call app, support G.729 G.711 etc, it make free international calls from global countries.   Features  Completely FREE & No Phone Bills - Call Germany allows you to make international calls to Germany across the globe for free, even if the recipient has no Internet connection.   Clear & Stable Calling - Dial away and make high quality phone calls with voice quality that is crystal clear, just like making phone calls from a landline!   Unlimited Call Credits - You have many choices to earn credit, the most simple just need one tap. Earn more credits via completing some funny tasks.  Supported Android devices include Huawei, Samsung, Nexus and many more. ",
"desc_perms" : "['android.permission.MODIFY_AUDIO_SETTINGS', 'android.permission.CALL_PHONE', 'android.permission.READ_PHONE_STATE']",
"manifest_perms" : "['android.permission.WRITE_EXTERNAL_STORAGE', 'android.permission.ACCESS_COARSE_LOCATION', 'android.permission.ACCESS_FINE_LOCATION', 'android.permission.RECORD_AUDIO', 'android.permission.SYSTEM_ALERT_WINDOW', 'android.permission.CALL_PHONE', 'android.permission.WRITE_CONTACTS', 'android.permission.WAKE_LOCK', 'android.permission.MODIFY_AUDIO_SETTINGS', 'android.permission.AUTHENTICATE_ACCOUNTS', 'android.permission.USE_CREDENTIALS', 'android.permission.ACCESS_NETWORK_STATE', 'com.android.vending.BILLING', 'android.permission.READ_CONTACTS', 'android.permission.MANAGE_ACCOUNTS', 'android.permission.BLUETOOTH_ADMIN', 'com.google.android.c2dm.permission.RECEIVE', 'com.google.android.finsky.permission.BIND_GET_INSTALL_REFERRER_SERVICE', 'android.permission.BLUETOOTH', 'android.permission.INTERNET', 'android.permission.READ_PHONE_STATE', 'android.permission.ACCESS_WIFI_STATE', 'android.permission.READ_SYNC_SETTINGS', 'android.permission.WRITE_SYNC_SETTINGS', 'android.permission.VIBRATE', 'android.permission.PROCESS_INCOMING_CALLS']",
"perms_with_call" : "['android.permission.ACCESS_COARSE_LOCATION', 'android.permission.ACCESS_FINE_LOCATION', 'android.permission.BROADCAST_STICKY', 'android.permission.CHANGE_NETWORK_STATE', 'android.permission.ACCESS_WIFI_STATE', 'android.permission.WAKE_LOCK', 'android.permission.MODIFY_AUDIO_SETTINGS', 'android.permission.GET_TASKS', 'android.permission.ACCESS_NETWORK_STATE', 'android.permission.BLUETOOTH']" 
"extra_perms" : "['android.permission.WRITE_EXTERNAL_STORAGE', 'android.permission.ACCESS_COARSE_LOCATION', 'android.permission.ACCESS_FINE_LOCATION', 'android.permission.READ_CONTACTS', 'android.permission.ACCESS_WIFI_STATE', 'android.permission.WRITE_CONTACTS', 'android.permission.SYSTEM_ALERT_WINDOW', 'android.permission.RECORD_AUDIO', 'android.permission.PROCESS_INCOMING_CALLS', 'android.permission.ACCESS_NETWORK_STATE', 'com.android.vending.BILLING', 'android.permission.INTERNET']",
}