{
"name" : "Nextplus Free SMS Text + Calls",
"url" : "https://play.google.com/store/apps/details?id=me.nextplus.smsfreetext.phonecalls",
"package" : "me.nextplus.smsfreetext.phonecalls",
"category" : "Communication",
"description" : "Nextplus provides complete phone service packed into an app thats free to download and fun to use!  Calling anyone is now FREE just like text! Sure you can pay for a phone plan but why not use Nextplus - the phone company that makes calling and texting FREE?  YOUR NEXT PHONE COMPANY IS AN APP - Receive a free phone number - Free unlimited incoming and outgoing calls to any phone number - Send and receive unlimited free text messages with anyone - Toll-free calling from anywhere in the world with no restrictions! - NO contracts, NO commitments, NO phone purchase, and NO hidden fees - Compatible with all of your Android devices (phones and tablets) - No cellular service required - Fun and social features  HOW IT WORKS Unlike other app-2-app messengers we let you call and text ANY phone number.  Your friends phone company charges us small fees to deliver texts and calls on their networks. Rather than force you to pay, we let you view a few banner ads or watch a quick video. If you choose, you can pay a buck or two and make those ads disappear. The choice is yours. And remember if your friend joins Nextplus we remove video ads entirely.   Think of Nextplus as the FREE ad-supported phone company that works just like popular free video and music services!  PACKED WITH ADDITIONAL FUN AND SOCIAL FEATURES: \- Text messages are delivered instantly via push notifications - Send emojis, stickers, animated GIFs, and voice notes  - Works across multiple devices and we keep your conversations in sync - Personalize your avatar with any photo or animated GIF - Group blast messaging support - See which of your friends are online 24/7  FOLLOW NEXTPLUS www.facebook.com/Nextplusme www.twitter.com/Nextplus Questions? Email support@Nextplus.me  OTHER IMPORTANT INFO Emergency calls are not supported Terms of Use: http://nextplus.me/terms/ Privacy Policy: http://nextplus.me/privacy/  AD REMOVAL PLANS: Nextplus offers low cost subscription plans that remove advertising.  If you choose to subscribe to a plan, you will be charged a price according to the plan selected in your country. The price will be shown in the app before you complete the payment. Subscription renewal is based on the plan selected. See Terms of Use and Privacy Policy for more details.  Remove Banner Ads for 1 month / Remove Banner Ads for 1 year / Unlimited Ad-Free calls to Mexico (landlines) for 1 month / Unlimited Ad-Free Calls to Mexico (mobile) for 1 month / Unlimited Ad-Free calls to US & Canada for 1 year  Ads By Facebook Facebook wants to show ads that are relevant to you. We may consider ads for you based on information you share on Facebook and your use of other websites and apps. To learn more about this type of advertising and your choices about it, visit https://www.facebook.com/about/ads.  Location data may be used for providing you more relevant ads. ",
"desc_perms" : "['android.permission.WRITE_EXTERNAL_STORAGE', 'android.permission.READ_CONTACTS', 'android.permission.SEND_SMS', 'android.permission.READ_EXTERNAL_STORAGE', 'android.permission.READ_PHONE_STATE', 'android.permission.ACCESS_WIFI_STATE', 'android.permission.GET_ACCOUNTS', 'android.permission.CALL_PHONE', 'android.permission.ACCESS_NETWORK_STATE', 'android.permission.INTERNET']",
"manifest_perms" : "['android.permission.WRITE_EXTERNAL_STORAGE', 'android.permission.ACCESS_COARSE_LOCATION', 'android.permission.ACCESS_FINE_LOCATION', 'android.permission.RECEIVE_BOOT_COMPLETED', 'android.permission.BROADCAST_STICKY', 'android.permission.CONFIGURE_SIP', 'android.permission.RECORD_AUDIO', 'android.permission.GET_ACCOUNTS', 'android.permission.SYSTEM_ALERT_WINDOW', 'android.permission.CALL_PHONE', 'android.permission.WRITE_CONTACTS', 'android.permission.WRITE_SETTINGS', 'android.permission.WAKE_LOCK', 'android.permission.CAPTURE_AUDIO_OUTPUT', 'android.permission.MODIFY_AUDIO_SETTINGS', 'android.permission.GET_TASKS', 'android.permission.USE_CREDENTIALS', 'android.permission.ACCESS_NETWORK_STATE', 'com.android.vending.BILLING', 'android.permission.READ_CONTACTS', 'android.permission.READ_EXTERNAL_STORAGE', 'android.permission.MANAGE_ACCOUNTS', 'android.permission.NFC', 'android.permission.BLUETOOTH_ADMIN', 'com.google.android.c2dm.permission.RECEIVE', 'android.permission.USE_SIP', 'android.permission.DISABLE_KEYGUARD', 'android.permission.CAMERA', 'com.google.android.finsky.permission.BIND_GET_INSTALL_REFERRER_SERVICE', 'android.permission.BLUETOOTH', 'android.permission.INTERNET', 'android.permission.READ_PHONE_STATE', 'android.permission.ACCESS_WIFI_STATE', 'android.permission.VIBRATE', 'android.permission.READ_PROFILE']",
"perms_with_call" : "['android.permission.ACCESS_COARSE_LOCATION', 'android.permission.ACCESS_FINE_LOCATION', 'android.permission.BROADCAST_STICKY', 'android.permission.READ_PHONE_STATE', 'android.permission.CHANGE_NETWORK_STATE', 'android.permission.ACCESS_WIFI_STATE', 'android.permission.WAKE_LOCK', 'android.permission.CHANGE_WIFI_MULTICAST_STATE', 'android.permission.MODIFY_AUDIO_SETTINGS', 'android.permission.DISABLE_KEYGUARD', 'android.permission.GET_TASKS', 'android.permission.ACCESS_NETWORK_STATE', 'android.permission.BLUETOOTH']" 
"extra_perms" : "['android.permission.DISABLE_KEYGUARD', 'android.permission.ACCESS_COARSE_LOCATION', 'android.permission.ACCESS_FINE_LOCATION', 'android.permission.CONFIGURE_SIP', 'android.permission.NFC', 'android.permission.USE_SIP', 'android.permission.CAPTURE_AUDIO_OUTPUT', 'android.permission.MODIFY_AUDIO_SETTINGS', 'android.permission.RECORD_AUDIO', 'android.permission.SYSTEM_ALERT_WINDOW', 'android.permission.CAMERA', 'com.android.vending.BILLING', 'android.permission.WRITE_CONTACTS']",
}