{
"name" : "Caller ID - Spam Blocker, Phone Dialer & Contacts",
"url" : "https://play.google.com/store/apps/details?id=me.sync.callerid",
"package" : "me.sync.callerid",
"category" : "Communication",
"description" : "Take control of your phone! With Caller ID never answer an unknown number again.  Caller ID features include:  1. Reveal the name and photo of all incoming and outgoing calls. 2. Block calls from spammers and unwanted callers. 3. Perform reverse phone lookups. 4. Phone Dialer with smart call log and Caller ID search. 5. Beautiful Favorites screen - quickly dial your favorite contacts. 6. Merge duplicate contacts - no more duplicate contacts. 7. Call Recorder - now you can record any phone call. 8. Leverage a worldwide Caller ID coverage of over 1.5 billion numbers. 9. Top markets include the US, Brazil, UK, France, Germany, Italy, Spain, Mexico, Canada, Japan, India, Holland, Argentina, Colombia, Turkey, Australia, Israel, Egypt and More ",
"desc_perms" : "['android.permission.MODIFY_AUDIO_SETTINGS', 'android.permission.CALL_PHONE', 'android.permission.READ_PHONE_STATE']",
"manifest_perms" : "['android.permission.WRITE_EXTERNAL_STORAGE', 'android.permission.SEND_SMS', 'android.permission.RECEIVE_BOOT_COMPLETED', 'android.permission.RECEIVE_SMS', 'android.permission.READ_CALL_LOG', 'android.permission.RECORD_AUDIO', 'android.permission.GET_ACCOUNTS', 'android.permission.SYSTEM_ALERT_WINDOW', 'android.permission.WRITE_PROFILE', 'android.permission.WRITE_CONTACTS', 'android.permission.CALL_PHONE', 'android.permission.FOREGROUND_SERVICE', 'android.permission.WAKE_LOCK', 'android.permission.MODIFY_AUDIO_SETTINGS', 'android.permission.AUTHENTICATE_ACCOUNTS', 'android.permission.PROCESS_OUTGOING_CALLS', 'android.permission.ACCESS_NETWORK_STATE', 'com.android.vending.BILLING', 'android.permission.READ_CONTACTS', 'android.permission.REQUEST_IGNORE_BATTERY_OPTIMIZATIONS', 'android.permission.READ_EXTERNAL_STORAGE', 'android.permission.MANAGE_ACCOUNTS', 'com.google.android.c2dm.permission.RECEIVE', 'android.permission.ANSWER_PHONE_CALLS', 'com.google.android.finsky.permission.BIND_GET_INSTALL_REFERRER_SERVICE', 'android.permission.INTERNET', 'android.permission.READ_PHONE_STATE', 'android.permission.WRITE_SYNC_SETTINGS', 'android.permission.VIBRATE', 'android.permission.READ_PROFILE']",
"perms_with_call" : "['android.permission.ACCESS_COARSE_LOCATION', 'android.permission.ACCESS_FINE_LOCATION', 'android.permission.READ_EXTERNAL_STORAGE', 'android.permission.SEND_SMS', 'android.permission.BROADCAST_STICKY', 'android.permission.READ_PHONE_STATE', 'android.permission.CHANGE_NETWORK_STATE', 'android.permission.ACCESS_WIFI_STATE', 'android.permission.WAKE_LOCK', 'android.permission.USE_FINGERPRINT', 'android.permission.MODIFY_AUDIO_SETTINGS', 'android.permission.GET_TASKS', 'android.permission.ACCESS_NETWORK_STATE', 'android.permission.BLUETOOTH']" 
"extra_perms" : "['android.permission.WRITE_EXTERNAL_STORAGE', 'android.permission.ACCESS_COARSE_LOCATION', 'android.permission.ACCESS_FINE_LOCATION', 'android.permission.SEND_SMS', 'android.permission.READ_CONTACTS', 'android.permission.RECEIVE_SMS', 'android.permission.REQUEST_IGNORE_BATTERY_OPTIMIZATIONS', 'android.permission.READ_EXTERNAL_STORAGE', 'android.permission.READ_CALL_LOG', 'android.permission.ANSWER_PHONE_CALLS', 'android.permission.RECORD_AUDIO', 'android.permission.GET_ACCOUNTS', 'android.permission.SYSTEM_ALERT_WINDOW', 'android.permission.WRITE_PROFILE', 'android.permission.WRITE_CONTACTS', 'com.android.vending.BILLING', 'android.permission.INTERNET', 'android.permission.ACCESS_WIFI_STATE', 'android.permission.PROCESS_OUTGOING_CALLS', 'android.permission.ACCESS_NETWORK_STATE']",
}