{
"name" : "TalkU Free Calls +Free Texting +International Call",
"url" : "https://play.google.com/store/apps/details?id=me.talkyou.app.im",
"package" : "me.talkyou.app.im",
"category" : "Communication",
"description" : "Houseparty with TalkU group chat!  Stop paying for expensive cell minutes and text messages!  Stop wasting your money and time using calling cards for international calls!   TalkU let you make free and cheap phone calls to anyone over WiFi and 3G/4G data networks without using any cell minutes. You can save up to 90% comparing to your phone company.  Get local phone numbers for free  Make unlimited calls and SMS messages Save a lot on international calling and texting Turn your tablet into a phone  Quality calls between mobile phone and landline  TalkU, the new way to talk, text, and share.  Why use TalkU?  Free Calls & Text Message Unlimited calling & texting between TalkU users  Make calls and send texts to any phone numbers worldwide without payment!  No roaming costs, even when calling from abroad  Cheap International Calls Call any mobile/landline phone numbers in over 200 countries Super low rates Display your phone number when your friends or family receive your calls.  Crystal Clear Calls Voice calls are transmitted on TalkUs high-quality dedicated VoIP network  HD voice technologies for superior clarity Free calls are no longer low quality!   Free U.S Phone Number A local U.S. phone number that works! Second line to your phone without SIM cards needed Turn your tablet into a phone Receive calls even under bad cellular reception  Amazing Premium Features Visual voicemail with instant listening Block unwanted calls to stop spammers Call screens Call forwarding to any phone numbers  And Many More Record phone conversations for future playback Free group conference calls for up to 8 people Turn your phone into a Walkie Talkie. Push to talk!  TalkU, the best free call & text app ever!   Notes:  Free SMS, texts and international calls are between TalkU users only. You can earn free minutes for cheap international calls. TalkU utilizes Internet call (aka WiFi call, IP call, or VoIP call), which requires data connection. Unlike international calling cards, TalkU does not use your cell minutes. TalkU can be used as a call recorder to record phone calls. You must ensure recording phone call is compliant to local and state laws.  Some of our rates: Calls to United States 0.9 c/min  Calls to Mexico 0.9 c/min Calls to India 1.8 c/min Calls to Pakistan 4.9 c/min Calls to Bangladesh 1.8 c/min Calls to Philippines 7.5 c/min Calls to Jamaica 9.2 c/min Calls to Nepal 7.5 c/min Calls to Saudi Arabia 6.6 c/min Calls to Africa: Egypt, Nigeria, Ghana, etc. From 5 c/min c is TalkU credit.  Learn more at http://www.talkyou.me Need Help? http://talkyou.me/support ",
"desc_perms" : "['android.permission.READ_CONTACTS', 'android.permission.READ_EXTERNAL_STORAGE', 'android.permission.SEND_SMS', 'android.permission.READ_PHONE_STATE', 'android.permission.ACCESS_WIFI_STATE', 'android.permission.MODIFY_AUDIO_SETTINGS', 'android.permission.GET_ACCOUNTS', 'android.permission.CALL_PHONE', 'android.permission.ACCESS_NETWORK_STATE', 'android.permission.INTERNET']",
"manifest_perms" : "['android.permission.ACCESS_COARSE_LOCATION', 'android.permission.ACCESS_FINE_LOCATION', 'android.permission.EXPAND_STATUS_BAR', 'android.permission.CHANGE_NETWORK_STATE', 'com.fede.launcher.permission.READ_SETTINGS', 'com.sec.android.app.twlauncher.settings.WRITE_SETTINGS', 'com.anddoes.launcher.permission.WRITE_SETTINGS', 'android.permission.WRITE_SETTINGS', 'android.permission.RECEIVE_USER_PRESENT', 'android.permission.READ_LOGS', 'com.android.vending.BILLING', 'android.permission.ACCESS_NETWORK_STATE', 'android.permission.READ_EXTERNAL_STORAGE', 'com.google.android.gms.permission.ACTIVITY_RECOGNITION', 'com.android.launcher.permission.WRITE_SETTINGS', 'com.fede.launcher.permission.WRITE_SETTINGS', 'android.permission.ACCESS_GPS', 'android.permission.ACCESS_COARSE_UPDATES', 'android.permission.DISABLE_KEYGUARD', 'android.permission.CAMERA', 'android.permission.INTERNET', 'android.permission.BLUETOOTH', 'com.android.launcher.permission.READ_SETTINGS', 'android.permission.READ_PHONE_STATE', 'com.huawei.launcher2.permission.WRITE_SETTINGS', 'android.permission.READ_PROFILE', 'android.permission.RECEIVE_BOOT_COMPLETED', 'android.permission.CHANGE_CONFIGURATION', 'android.permission.BROADCAST_STICKY', 'com.android.launcher.permission.INSTALL_SHORTCUT', 'com.huawei.launcher3.permission.WRITE_SETTINGS', 'android.permission.GET_ACCOUNTS', 'android.permission.RESTART_PACKAGES', 'android.permission.MOUNT_UNMOUNT_FILESYSTEMS', 'com.android.launcher.permission.UNINSTALL_SHORTCUT', 'org.adw.launcher.permission.WRITE_SETTINGS', 'android.permission.MODIFY_AUDIO_SETTINGS', 'android.permission.ACCESS_LOCATION_EXTRA_COMMANDS', 'com.htc.launcher.permission.WRITE_SETTINGS', 'android.permission.CHANGE_WIFI_STATE', 'android.permission.FLASHLIGHT', 'com.lenovo.launcher.permission.WRITE_SETTINGS', 'com.google.android.finsky.permission.BIND_GET_INSTALL_REFERRER_SERVICE', 'android.permission.WRITE_CALENDAR', 'com.android.launcher3.permission.READ_SETTINGS', 'com.huawei.android.launcher.permission.WRITE_SETTINGS', 'com.android.mylauncher.permission.WRITE_SETTINGS', 'com.lge.launcher.permission.READ_SETTINGS', 'android.permission.MODIFY_PHONE_STATE', 'android.permission.RECORD_AUDIO', 'android.permission.CALL_PHONE', 'android.permission.READ_CALENDAR', 'com.lge.launcher.permission.WRITE_SETTINGS', 'com.android.launcher2.permission.READ_SETTINGS', 'org.adw.launcher.permission.READ_SETTINGS', 'org.adw.launcher_donut.permission.WRITE_SETTINGS', 'com.android.mylauncher.permission.READ_SETTINGS', 'com.google.android.c2dm.permission.RECEIVE', 'com.htc.launcher.permission.READ_SETTINGS', 'android.permission.READ_SYNC_SETTINGS', 'com.android.launcher3.permission.WRITE_SETTINGS', 'me.talkyou.app.im.permission.MAPS_RECEIVE', 'android.permission.VIBRATE', 'android.permission.WRITE_EXTERNAL_STORAGE', 'android.permission.PACKAGE_USAGE_STATS', 'android.permission.REQUEST_INSTALL_PACKAGES', 'org.adwfreak.launcher.permission.WRITE_SETTINGS', 'android.permission.SYSTEM_ALERT_WINDOW', 'android.permission.WRITE_CONTACTS', 'org.adwfreak.launcher.permission.READ_SETTINGS', 'android.permission.FOREGROUND_SERVICE', 'android.permission.WAKE_LOCK', 'com.huawei.launcher3.permission.READ_SETTINGS', 'com.google.android.providers.gsf.permission.READ_GSERVICES', 'org.adw.launcher_donut.permission.READ_SETTINGS', 'android.permission.GET_TASKS', 'com.huawei.launcher2.permission.READ_SETTINGS', 'android.permission.USE_CREDENTIALS', 'android.permission.READ_CONTACTS', 'com.lenovo.launcher.permission.READ_SETTINGS', 'com.anddoes.launcher.permission.READ_SETTINGS', 'com.android.launcher2.permission.WRITE_SETTINGS', 'android.permission.ACCESS_WIFI_STATE', 'com.huawei.android.launcher.permission.READ_SETTINGS', 'com.sec.android.app.twlauncher.settings.READ_SETTINGS']",
"perms_with_call" : "['android.permission.ACCESS_COARSE_LOCATION', 'android.permission.ACCESS_FINE_LOCATION', 'android.permission.BROADCAST_STICKY', 'android.permission.READ_PHONE_STATE', 'android.permission.CHANGE_NETWORK_STATE', 'android.permission.ACCESS_WIFI_STATE', 'android.permission.WAKE_LOCK', 'android.permission.USE_FINGERPRINT', 'android.permission.MODIFY_AUDIO_SETTINGS', 'android.permission.GET_TASKS', 'android.permission.ACCESS_NETWORK_STATE', 'android.permission.BLUETOOTH']" 
"extra_perms" : "['android.permission.WRITE_EXTERNAL_STORAGE', 'android.permission.ACCESS_COARSE_LOCATION', 'android.permission.ACCESS_FINE_LOCATION', 'android.permission.CHANGE_CONFIGURATION', 'android.permission.PACKAGE_USAGE_STATS', 'android.permission.EXPAND_STATUS_BAR', 'com.android.mylauncher.permission.WRITE_SETTINGS', 'org.adwfreak.launcher.permission.WRITE_SETTINGS', 'com.lge.launcher.permission.READ_SETTINGS', 'android.permission.MODIFY_PHONE_STATE', 'com.huawei.launcher3.permission.WRITE_SETTINGS', 'com.fede.launcher.permission.READ_SETTINGS', 'com.sec.android.app.twlauncher.settings.WRITE_SETTINGS', 'android.permission.RECORD_AUDIO', 'android.permission.SYSTEM_ALERT_WINDOW', 'android.permission.RESTART_PACKAGES', 'android.permission.MOUNT_UNMOUNT_FILESYSTEMS', 'com.anddoes.launcher.permission.WRITE_SETTINGS', 'android.permission.WRITE_CONTACTS', 'android.permission.READ_CALENDAR', 'org.adw.launcher.permission.WRITE_SETTINGS', 'org.adwfreak.launcher.permission.READ_SETTINGS', 'android.permission.RECEIVE_USER_PRESENT', 'com.huawei.launcher3.permission.READ_SETTINGS', 'org.adw.launcher_donut.permission.READ_SETTINGS', 'com.lge.launcher.permission.WRITE_SETTINGS', 'android.permission.READ_LOGS', 'com.huawei.launcher2.permission.READ_SETTINGS', 'com.android.vending.BILLING', 'com.android.launcher2.permission.READ_SETTINGS', 'com.lenovo.launcher.permission.READ_SETTINGS', 'android.permission.ACCESS_LOCATION_EXTRA_COMMANDS', 'org.adw.launcher.permission.READ_SETTINGS', 'org.adw.launcher_donut.permission.WRITE_SETTINGS', 'com.android.mylauncher.permission.READ_SETTINGS', 'com.htc.launcher.permission.WRITE_SETTINGS', 'com.anddoes.launcher.permission.READ_SETTINGS', 'com.android.launcher.permission.WRITE_SETTINGS', 'com.fede.launcher.permission.WRITE_SETTINGS', 'android.permission.ACCESS_GPS', 'android.permission.DISABLE_KEYGUARD', 'android.permission.ACCESS_COARSE_UPDATES', 'android.permission.CAMERA', 'com.lenovo.launcher.permission.WRITE_SETTINGS', 'com.android.launcher2.permission.WRITE_SETTINGS', 'android.permission.WRITE_CALENDAR', 'com.android.launcher.permission.READ_SETTINGS', 'com.android.launcher3.permission.READ_SETTINGS', 'com.sec.android.app.twlauncher.settings.READ_SETTINGS', 'com.huawei.launcher2.permission.WRITE_SETTINGS', 'com.android.launcher3.permission.WRITE_SETTINGS', 'me.talkyou.app.im.permission.MAPS_RECEIVE']",
}