{
"name" : "Contacts, Phone Dialer & Caller ID: drupe",
"url" : "https://play.google.com/store/apps/details?id=mobi.drupe.app",
"package" : "mobi.drupe.app",
"category" : "Communication",
"description" : "Want to see Caller ID, spam indications and block spammers, directly from your call screen? drupe is your app. Trusted by over 20 Million users worldwide.  drupe replaces the boring call screen with a fresh look, built and configured exactly for you!  Forget about traditional Phone Book apps! We bring your contacts & apps together to one place, accessible from all your screens. Wish to contact a friend? Dial or text anyone? record calls? Swipe the contact to the app & get in touch! Simple.   drupe app supports: Deutsch, English, Espaol, Franais, Italiano, Nederlands, Portugus, Portugus (Brasil), P, Trke, norsk, ,  , , , , .  Dial, text, record calls or reach anyone on your contact list, using any app!   Smart dialer - Cross app dialing made fast & easy  A built-in call recorder - NEW ACR! Record incoming or outgoing calls!   A smart caller ID tracker & blocker to find out unknown numbers - drupe ID identifier will help you with the search & the tracking of call spammers + with adding them to your blacklist: Show the details of telemarketers or unknown & private mobile numbers who called you. Stop the blindness- Know who is calling me at any given time, see the details of missed unknown calls. Uncover the names of people or businesses who call you, and avoid unwanted calls.    Add animated GIFs to your outgoing calls!- Make animated calls based on the context of your calls.  Organize your address book / Phonebook - solve the duplicate Google contacts issues. No more phone book mess...  All from one place -Dialer, WhatsApp, SMS, walkie talkie, Facebook Messenger, Google Duo, Allo, telephone are all in, and there are more.  Unified recent feed Track your recent communication log - call log, SMS, Walkie -talkie audio messages, WhatsApp, Facebook Messenger and more. Reverse lookup those unknown numbers in your call history  Contact based reminders  Set reminders, time or context related.   Missed calls manager  Get back to your missed calls via call, SMS, whatsapp or else. Snooze for later or set reminders  An integrated call blocker  Trace, discover and block any caller or number whether unknown, spam, scams, robocalls or telemarketers, expose their name and details & immediately move on to blocking them!   A built in call recorder  Record both sides of the voice conversation (caller and receiver), Choose if to record all calls, or turn on the call recorder only when needed.  ________  A true cross app dialer with T9 & dual SIM   A Caller ID ( identification ) finder & anti-spam add on, to always identify the traces and identity of each true caller name behind unknown or private calls. Always know whos calling and control your callers!   Contact based reminders  A built-in auto call recorder for incoming & outgoing calls in your cell (ACR)  Missed calls manager - Answer missed calls or set reminders. + a caller-ID locator.   A unified recent communications log  calls, SMS, messaging and more   An automatic favorites view  A semi-transparent trigger icon is always with you  activated with one swipe to access your dialer or contacts   Works Seamlessly with your native Android functions: Call, SMS, Calendar, Email & More.   Integrated with: WhatsApp, Facebook, Tango, Google Duo, Allo & many more  Choose from a bunch of amazing free themes and customize your drupe and cell phone look  Easy search - Reach all your contacts from the main screen. Search also through typing numbers in the dialer.   Customize your favorites and communication apps by preference   Get help with updating relevant contact info  smart search for your friends on Facebook and more  Follow us for updates and news: Facebook - http://facebook.com/getdrupe/ Twitter - http://twitter.com/getdrupe ",
"desc_perms" : "['android.permission.READ_CONTACTS', 'android.permission.READ_PHONE_STATE', 'android.permission.MODIFY_AUDIO_SETTINGS', 'android.permission.CALL_PHONE', 'android.permission.ACCESS_NETWORK_STATE', 'android.permission.INTERNET']",
"manifest_perms" : "['android.permission.WRITE_EXTERNAL_STORAGE', 'android.permission.ACCESS_COARSE_LOCATION', 'android.permission.ACCESS_FINE_LOCATION', 'android.permission.RECEIVE_BOOT_COMPLETED', 'android.permission.SEND_SMS', 'android.permission.RECEIVE_SMS', 'android.permission.PACKAGE_USAGE_STATS', 'com.android.launcher.permission.INSTALL_SHORTCUT', 'android.permission.READ_CALL_LOG', 'android.permission.MODIFY_PHONE_STATE', 'android.permission.SYSTEM_ALERT_WINDOW', 'android.permission.GET_ACCOUNTS', 'android.permission.RECORD_AUDIO', 'android.permission.CALL_PHONE', 'android.permission.WRITE_CONTACTS', 'android.permission.READ_CALENDAR', 'android.permission.WRITE_SETTINGS', 'mobi.drupe.app.permission.C2D_MESSAGE', 'android.permission.FOREGROUND_SERVICE', 'android.permission.WAKE_LOCK', 'android.permission.MODIFY_AUDIO_SETTINGS', 'android.permission.AUTHENTICATE_ACCOUNTS', 'android.permission.GET_TASKS', 'android.permission.PROCESS_OUTGOING_CALLS', 'android.permission.ACCESS_NETWORK_STATE', 'com.android.vending.BILLING', 'android.permission.READ_CONTACTS', 'android.permission.READ_EXTERNAL_STORAGE', 'android.permission.MANAGE_ACCOUNTS', 'android.permission.BLUETOOTH_ADMIN', 'com.google.android.c2dm.permission.RECEIVE', 'android.permission.WRITE_CALL_LOG', 'com.google.android.gms.permission.ACTIVITY_RECOGNITION', 'android.permission.CHANGE_WIFI_STATE', 'android.permission.DISABLE_KEYGUARD', 'android.permission.CAMERA', 'com.google.android.finsky.permission.BIND_GET_INSTALL_REFERRER_SERVICE', 'android.permission.ACTIVITY_RECOGNITION', 'android.permission.INTERNET', 'android.permission.BLUETOOTH', 'android.permission.WRITE_CALENDAR', 'android.permission.READ_PHONE_STATE', 'android.permission.ACCESS_WIFI_STATE', 'android.permission.WRITE_SYNC_SETTINGS', 'android.permission.VIBRATE', 'android.permission.READ_SMS']",
"perms_with_call" : "['android.permission.ACCESS_COARSE_LOCATION', 'android.permission.ACCESS_FINE_LOCATION', 'android.permission.READ_EXTERNAL_STORAGE', 'android.permission.SEND_SMS', 'android.permission.BROADCAST_STICKY', 'android.permission.CHANGE_NETWORK_STATE', 'android.permission.BLUETOOTH_ADMIN', 'android.permission.ACCESS_WIFI_STATE', 'android.permission.WAKE_LOCK', 'android.permission.CHANGE_WIFI_STATE', 'android.permission.MODIFY_AUDIO_SETTINGS', 'android.permission.GET_TASKS', 'android.permission.ACCESS_NETWORK_STATE', 'android.permission.BLUETOOTH']" 
"extra_perms" : "['android.permission.WRITE_EXTERNAL_STORAGE', 'android.permission.ACCESS_COARSE_LOCATION', 'android.permission.ACCESS_FINE_LOCATION', 'android.permission.SEND_SMS', 'android.permission.READ_EXTERNAL_STORAGE', 'android.permission.RECEIVE_SMS', 'android.permission.PACKAGE_USAGE_STATS', 'android.permission.READ_CALL_LOG', 'android.permission.MODIFY_PHONE_STATE', 'android.permission.WRITE_CALL_LOG', 'android.permission.SYSTEM_ALERT_WINDOW', 'android.permission.GET_ACCOUNTS', 'android.permission.RECORD_AUDIO', 'android.permission.DISABLE_KEYGUARD', 'android.permission.CAMERA', 'android.permission.WRITE_CONTACTS', 'android.permission.READ_CALENDAR', 'com.android.vending.BILLING', 'android.permission.ACTIVITY_RECOGNITION', 'android.permission.WRITE_CALENDAR', 'android.permission.ACCESS_WIFI_STATE', 'android.permission.PROCESS_OUTGOING_CALLS', 'android.permission.READ_SMS']",
}