{
"name" : "BIG SMS for Seniors",
"url" : "https://play.google.com/store/apps/details?id=name.kunes.android.launcher.bigmessages",
"package" : "name.kunes.android.launcher.bigmessages",
"category" : "Communication",
"description" : "Messaging editor with large fonts   large font and different colors used to display the message thread.  reply easily to any message with the easy to use SMS editor.  optional full-screen SMS notifications allow you to rapidly call back or reply to the message (not available on Android 10 or higher)  please note that multimedia messages (MMS) are not supported   BIG Apps Suite Simple apps for seniors and people with vision problems.   Android 10 and Android Go compatible  100% accessible  high contrast color schemes and three different font sizes allow you to use your phone without glasses.  additional color themes and icon packs are available for download  extended support for Talkback screen reader allows legally blind users to use their phone with ease and confidence  all the apps can also be controlled by a hardware keyboard or via the Tecla wheelchair interface, enabling users with paralysis to have full and precise control of the smartphone without touching the screen.  compatible with Android 2.2 or higher. BIG SMS requires Android 4.4 or higher   BIG Launcher - Your new home screen  BIG Phone - Easy to use phone and contacts  BIG SMS - Messaging editor with large fonts  BIG Alarm - Alarm as simple as possible  BIG Notifications - Make all the Android notifications really big   BIG SMS free version limitations - only 5 most recent message threads are visible - after 20 SMS sent a link to biglauncher.com is appended to every SMS   Questions? Problems? See the help and video tutorials. Visit www.biglauncher.com   Winner of the Vodafone Smart Accesibility Awards  52 languages: , Azrbaycan dili,  , , , , hrvatski, esky, dansk, nederlands, english, eesti, suomi, franais, deutsch, , halshen hausa, , magyar, bahasa indonesia, italiano, , basa jawa , Kurd, latvieu, lietuvi, bahasa melayu, norsk, polski, portugus, portugus brasileiro, , romn, , , srpski, slovenina, slovenina, espaol, svenska, , , , trke,  , ting vit,  , , , ,  ",
"desc_perms" : "['android.permission.READ_CONTACTS', 'android.permission.READ_EXTERNAL_STORAGE', 'android.permission.CALL_PHONE', 'android.permission.READ_PHONE_STATE']",
"manifest_perms" : "['android.permission.WRITE_EXTERNAL_STORAGE', 'android.permission.RECEIVE_BOOT_COMPLETED', 'android.permission.SEND_SMS', 'android.permission.RECEIVE_SMS', 'android.permission.CHANGE_NETWORK_STATE', 'android.permission.MODIFY_PHONE_STATE', 'name.kunes.android.provider.badge.permission.WRITE_BADGE', 'android.permission.GET_ACCOUNTS', 'android.permission.CALL_PHONE', 'android.permission.WRITE_CONTACTS', 'android.permission.WRITE_SETTINGS', 'android.permission.FOREGROUND_SERVICE', 'android.permission.RECEIVE_MMS', 'android.permission.WAKE_LOCK', 'android.permission.MODIFY_AUDIO_SETTINGS', 'com.android.vending.BILLING', 'android.permission.ACCESS_NETWORK_STATE', 'android.permission.READ_CONTACTS', 'android.permission.READ_EXTERNAL_STORAGE', 'android.permission.BLUETOOTH_ADMIN', 'android.permission.CHANGE_WIFI_STATE', 'android.permission.WRITE_SMS', 'android.permission.INTERNET', 'android.permission.BLUETOOTH', 'android.permission.READ_PHONE_STATE', 'android.permission.ACCESS_WIFI_STATE', 'android.permission.USE_FULL_SCREEN_INTENT', 'android.permission.WRITE_APN_SETTINGS', 'android.permission.VIBRATE', 'android.permission.READ_PROFILE', 'android.permission.READ_SMS']",
"perms_with_call" : "['android.permission.ACCESS_COARSE_LOCATION', 'android.permission.ACCESS_FINE_LOCATION', 'android.permission.READ_EXTERNAL_STORAGE', 'android.permission.SEND_SMS', 'android.permission.BROADCAST_STICKY', 'android.permission.READ_PHONE_STATE', 'android.permission.BLUETOOTH_ADMIN', 'android.permission.ACCESS_WIFI_STATE', 'android.permission.WAKE_LOCK', 'android.permission.USE_FINGERPRINT', 'android.permission.CHANGE_WIFI_STATE', 'android.permission.MODIFY_AUDIO_SETTINGS', 'android.permission.ACCESS_NETWORK_STATE', 'android.permission.BLUETOOTH']" 
"extra_perms" : "['android.permission.WRITE_EXTERNAL_STORAGE', 'android.permission.ACCESS_COARSE_LOCATION', 'android.permission.ACCESS_FINE_LOCATION', 'android.permission.SEND_SMS', 'android.permission.RECEIVE_SMS', 'android.permission.MODIFY_PHONE_STATE', 'name.kunes.android.provider.badge.permission.WRITE_BADGE', 'android.permission.GET_ACCOUNTS', 'android.permission.WRITE_SMS', 'android.permission.WRITE_CONTACTS', 'android.permission.INTERNET', 'android.permission.RECEIVE_MMS', 'android.permission.ACCESS_WIFI_STATE', 'android.permission.USE_FULL_SCREEN_INTENT', 'android.permission.WRITE_APN_SETTINGS', 'android.permission.MODIFY_AUDIO_SETTINGS', 'com.android.vending.BILLING', 'android.permission.ACCESS_NETWORK_STATE', 'android.permission.READ_SMS']",
}