{
"name" : "BIG Launcher",
"url" : "https://play.google.com/store/apps/details?id=name.kunes.android.launcher.demo",
"package" : "name.kunes.android.launcher.demo",
"category" : "Communication",
"description" : "A fast and simple Android home screen for seniors and people with vision problems.   BIG Launcher makes the smartphone suitable for seniors, children, and people with eye diseases, motor problems or the legally blind.   Visually impaired and technically challenged users can use simple and easy-to-read interface with ease.   There is no fear of making a mistake and losing everything with stress-free navigation.   And it also features the SOS button which can save lives!   replaces the user interface of almost any Android phone or tablet with enlarged buttons and texts.  designed in consideration with seniors and the visually impaired to provide maximum readability and easy use.  controlled by single touches, leaving no room for errors.  easily customizable to match your needs.  put the shortcuts for apps, websites, contacts, widgets and more directly on the home screen.  add more screens and access them by swiping or pushing the buttons.  find the apps quickly with instant search or recent apps list on the top.  hide the apps you dont want to use to protect users from getting lost in the navigation   BIG Apps Suite Simple apps for seniors and people with vision problems.   Android 10 and Android Go compatible  100% accessible  high contrast color schemes and three different font sizes allow you to use your phone without glasses.  additional color themes and icon packs are available for download  extended support for Talkback screen reader allows legally blind users to use their phone with ease and confidence  all the apps can also be controlled by a hardware keyboard or via the Tecla wheelchair interface, enabling users with paralysis to have full and precise control of the smartphone without touching the screen.  compatible with Android 2.2 or higher. BIG SMS requires Android 4.4 or higher   BIG Launcher - Your new home screen  BIG Phone - Easy to use phone and contacts  BIG SMS - Messaging editor with large fonts  BIG Alarm - Alarm as simple as possible  BIG Notifications - Make all the Android notifications really big   BIG Launcher free version limitations - you can customize only the right column of buttons - only 5 additional screens allowed - password protection of the configuration and the preferences is not possible - a screen reminding you to buy the full version is shown from time to time   Winner of the Vodafone Smart Accesibility Awards  52 languages: , Azrbaycan dili,  , , , , hrvatski, esky, dansk, nederlands, english, eesti, suomi, franais, deutsch, , halshen hausa, , magyar, bahasa indonesia, italiano, , basa jawa , Kurd, latvieu, lietuvi, bahasa melayu, norsk, polski, portugus, portugus brasileiro, , romn, , , srpski, slovenina, slovenina, espaol, svenska, , , , trke,  , ting vit,  , , , ,  ",
"desc_perms" : "['android.permission.READ_CONTACTS', 'android.permission.READ_EXTERNAL_STORAGE', 'android.permission.CALL_PHONE', 'android.permission.READ_PHONE_STATE']",
"manifest_perms" : "['android.permission.WRITE_EXTERNAL_STORAGE', 'android.permission.ACCESS_COARSE_LOCATION', 'android.permission.ACCESS_FINE_LOCATION', 'android.permission.RECEIVE_BOOT_COMPLETED', 'android.permission.CHANGE_NETWORK_STATE', 'android.permission.MODIFY_PHONE_STATE', 'name.kunes.android.provider.badge.permission.WRITE_BADGE', 'android.permission.GET_ACCOUNTS', 'android.permission.CALL_PHONE', 'android.permission.WRITE_CONTACTS', 'android.permission.WRITE_SETTINGS', 'android.permission.FOREGROUND_SERVICE', 'android.permission.WAKE_LOCK', 'android.permission.MODIFY_AUDIO_SETTINGS', 'com.android.vending.BILLING', 'android.permission.ACCESS_NETWORK_STATE', 'android.permission.READ_CONTACTS', 'android.permission.READ_EXTERNAL_STORAGE', 'android.permission.BLUETOOTH_ADMIN', 'android.permission.CHANGE_WIFI_STATE', 'android.permission.INTERNET', 'android.permission.BLUETOOTH', 'android.permission.READ_PHONE_STATE', 'android.permission.ACCESS_WIFI_STATE', 'android.permission.USE_FULL_SCREEN_INTENT', 'android.permission.WRITE_APN_SETTINGS', 'android.permission.VIBRATE', 'android.permission.READ_PROFILE']",
"perms_with_call" : "['android.permission.ACCESS_COARSE_LOCATION', 'android.permission.ACCESS_FINE_LOCATION', 'android.permission.READ_EXTERNAL_STORAGE', 'android.permission.SEND_SMS', 'android.permission.BROADCAST_STICKY', 'android.permission.READ_PHONE_STATE', 'android.permission.BLUETOOTH_ADMIN', 'android.permission.ACCESS_WIFI_STATE', 'android.permission.WAKE_LOCK', 'android.permission.USE_FINGERPRINT', 'android.permission.CHANGE_WIFI_STATE', 'android.permission.MODIFY_AUDIO_SETTINGS', 'android.permission.ACCESS_NETWORK_STATE', 'android.permission.BLUETOOTH']" 
"extra_perms" : "['android.permission.WRITE_EXTERNAL_STORAGE', 'android.permission.ACCESS_COARSE_LOCATION', 'android.permission.ACCESS_FINE_LOCATION', 'android.permission.SEND_SMS', 'android.permission.ACCESS_WIFI_STATE', 'android.permission.USE_FULL_SCREEN_INTENT', 'android.permission.WRITE_CONTACTS', 'android.permission.MODIFY_PHONE_STATE', 'android.permission.WRITE_APN_SETTINGS', 'android.permission.MODIFY_AUDIO_SETTINGS', 'name.kunes.android.provider.badge.permission.WRITE_BADGE', 'android.permission.GET_ACCOUNTS', 'com.android.vending.BILLING', 'android.permission.ACCESS_NETWORK_STATE', 'android.permission.INTERNET']",
}