{
"name" : "TorGuard VPN",
"url" : "https://play.google.com/store/apps/details?id=net.torguard.openvpn.client",
"package" : "net.torguard.openvpn.client",
"category" : "Communication",
"description" : "**PLEASE NOTE: This app requires a premium TorGuard VPN account from torguard.net**  TorGuards OpenVPN app has now been officially released allowing seamless integration with our VPN service. This latest version installs with no root required on Android device. Once installed, the app provides easy one click access to TorGuards VPN service in the country of your choosing. Within just a few mintues, you can have military grade OpenVPN encryption guarding your mobile internet connection. Why use TorGuard to hide your IP address?  -Get up to 5 simultaneous connections on all your devices  -Premium VPN Service for as low as $4.99 / month -Access 3000+ Anonymous VPNs in over 50 countries -Automatically Update newest TorGuard Servers  -TorGuard app supports OpenVPN on Android -Unblock censorship anywhere in the world -Fully encrypt your downloads / browsing -Fast connections with 100% Uptime -Unlimited Bandwidth and Speeds -24/7 365 Support For Help  For a step by step guide on how to install our app on previous version of android, visit our Knowledge-base:  http://torguard.net/knowledgebase.php?action=displayarticle&id=34  With TorGuards Anonymous VPN service, you can hide your IP using 3000+ secure VPN servers in 55+ Countries: The United States, United Kingdom, Canada, Netherlands, Norway, Iceland, India, Germany, Turkey, Russia, Romania, Switzerland, Australia, New Zealand, Brazil, Hong Kong, Japan, Singapore and more.  As always, our support team is standing by 24/7 to answer any questions you have  W: TorGuard.net | E: support [at] torguard.net Add us on Twitter: http://www.twitter.com/TorGuard  Dont forget to visit our Knowledgebase for fast answers: http://torguard.net/knowledgebase.php ",
"desc_perms" : "['android.permission.WRITE_EXTERNAL_STORAGE', 'android.permission.ACCESS_WIFI_STATE', 'android.permission.ACCESS_NETWORK_STATE', 'android.permission.INTERNET']",
"manifest_perms" : "['android.permission.REQUEST_IGNORE_BATTERY_OPTIMIZATIONS', 'android.permission.ACCESS_FINE_LOCATION', 'android.permission.RECEIVE_BOOT_COMPLETED', 'android.permission.ACCESS_BACKGROUND_LOCATION', 'android.permission.FOREGROUND_SERVICE', 'android.permission.CHANGE_NETWORK_STATE', 'android.permission.ACCESS_WIFI_STATE', 'android.permission.WAKE_LOCK', 'android.permission.CHANGE_WIFI_STATE', 'android.permission.ACCESS_NETWORK_STATE', 'android.permission.INTERNET']",
"perms_with_call" : "['android.permission.ACCESS_COARSE_LOCATION', 'android.permission.ACCESS_FINE_LOCATION', 'android.permission.BROADCAST_STICKY', 'android.permission.CHANGE_NETWORK_STATE', 'android.permission.ACCESS_WIFI_STATE', 'android.permission.WAKE_LOCK', 'android.permission.ACCESS_NETWORK_STATE']" 
"extra_perms" : "['android.permission.REQUEST_IGNORE_BATTERY_OPTIMIZATIONS', 'android.permission.ACCESS_FINE_LOCATION', 'android.permission.ACCESS_BACKGROUND_LOCATION', 'android.permission.ACCESS_COARSE_LOCATION']",
}