{
"name" : "VNC Viewer",
"url" : "https://play.google.com/store/apps/details?id=nine.viewer",
"package" : "nine.viewer",
"category" : "Communication",
"description" : "Desktop169 is a remote desktop app optimized for text or code editing. Stream your pc on your android device using local Wi-Fi network. .   Four different pointer control options  Screen tabs for jump to location in a snap  Modifiers and arrow keys above keyboard  Full screen high quality pc mirror image  Custom hotkeys with command support   Use any VNC server to connect. Example, RealVNC - https://www.realvnc.com/download/ ",
"desc_perms" : "['android.permission.READ_CONTACTS', 'android.permission.ACCESS_WIFI_STATE', 'android.permission.GET_ACCOUNTS', 'android.permission.ACCESS_NETWORK_STATE', 'android.permission.INTERNET']",
"manifest_perms" : "['android.permission.FOREGROUND_SERVICE', 'android.permission.WAKE_LOCK', 'android.permission.VIBRATE', 'com.android.vending.BILLING', 'android.permission.ACCESS_NETWORK_STATE', 'android.permission.INTERNET']",
"perms_with_call" : "['android.permission.ACCESS_COARSE_LOCATION', 'android.permission.ACCESS_FINE_LOCATION', 'android.permission.BROADCAST_STICKY', 'android.permission.CHANGE_NETWORK_STATE', 'android.permission.ACCESS_WIFI_STATE', 'android.permission.WAKE_LOCK', 'android.permission.USE_FINGERPRINT', 'android.permission.GET_TASKS', 'android.permission.ACCESS_NETWORK_STATE', 'android.permission.BLUETOOTH']" 
"extra_perms" : "['android.permission.ACCESS_COARSE_LOCATION', 'android.permission.ACCESS_FINE_LOCATION', 'android.permission.ACCESS_WIFI_STATE', 'com.android.vending.BILLING']",
}