{
"name" : "Open Chat for WhatsApp - Direct Message & Chat",
"url" : "https://play.google.com/store/apps/details?id=open.chat.whatsapp.directchat.message",
"package" : "open.chat.whatsapp.directchat.message",
"category" : "Communication",
"description" : "Open chat for WhatsApp without saving the number in contacts. Direct chat to anyone including yourself in WhatsApp or WhatsApp Business. Also you can create link for WhatsApp and share.  Do you want to direct chat with someone in WhatsApp, but dont want to save it in contacts?  Do you want to direct message yourself to make some notes? Do you want to create a link for your WhatsApp and share to someone?  Open Chat for WhatsApp  is just for you! It supports to direct chat with WhatsApp & WhatsApp Business.  Open Chat for WhatsApp is based on the official open api of WhatsApp, and help users to send direct message to someone not in your contacts. Its simple & safe to use.  Main features: - Open chat/Direct chat in WhatsApp with a phone number - Chat to yourself if you want to make some notes - Create and share your link of WhatsApp to let people easy to contact you - Support both WhatsApp & WhatsApp business - Light weight and small size - Remember your history numbers and let you find it easily  How to use? 3 simple steps: 1Input phone number 2Enter message if you want 3Open Chat or Share Link Done!   Very simple to use and powerful tool for WhatsApp! Try this  Open Chat for WhatsApp now !  Note: - Open Chat is a tool for WhatsApp and use the open api of WhatsApp - Open Chat will NOT collect any of your personal or private information.  Disclaimer: - Open Chat is not affiliated with sponsored or endorsed by WhatsApp Inc - Please follow local law and rules of WhatsApp to use this app  If you have any suggestions about the app, feel free to give us feedback via the Feedback menu in the app or mail us winterfell.applab@gmail.com If you like this app, please kindly give us 5-star  rating in Google Play Store. It will inspire us a lot!  Enjoy using this app! Thanks for your support! ",
"desc_perms" : "['android.permission.READ_EXTERNAL_STORAGE', 'android.permission.READ_PHONE_STATE', 'android.permission.CALL_PHONE', 'android.permission.ACCESS_NETWORK_STATE', 'android.permission.INTERNET']",
"manifest_perms" : "['android.permission.WRITE_EXTERNAL_STORAGE', 'android.permission.READ_EXTERNAL_STORAGE', 'android.permission.FOREGROUND_SERVICE', 'com.android.launcher.permission.INSTALL_SHORTCUT', 'android.permission.EXPAND_STATUS_BAR', 'android.permission.ACCESS_WIFI_STATE', 'android.permission.WAKE_LOCK', 'com.google.android.c2dm.permission.RECEIVE', 'com.google.android.finsky.permission.BIND_GET_INSTALL_REFERRER_SERVICE', 'android.permission.VIBRATE', 'com.android.vending.BILLING', 'android.permission.ACCESS_NETWORK_STATE', 'android.permission.INTERNET']",
"perms_with_call" : "['android.permission.ACCESS_COARSE_LOCATION', 'android.permission.ACCESS_FINE_LOCATION', 'android.permission.BROADCAST_STICKY', 'android.permission.CHANGE_NETWORK_STATE', 'android.permission.ACCESS_WIFI_STATE', 'android.permission.WAKE_LOCK', 'android.permission.GET_TASKS', 'android.permission.ACCESS_NETWORK_STATE', 'android.permission.BLUETOOTH']" 
"extra_perms" : "['android.permission.WRITE_EXTERNAL_STORAGE', 'android.permission.ACCESS_COARSE_LOCATION', 'android.permission.ACCESS_FINE_LOCATION', 'android.permission.EXPAND_STATUS_BAR', 'android.permission.ACCESS_WIFI_STATE', 'com.android.vending.BILLING']",
}