{
"name" : "Firefox Preview Nightly for Developers",
"url" : "https://play.google.com/store/apps/details?id=org.mozilla.fenix.nightly",
"package" : "org.mozilla.fenix.nightly",
"category" : "Communication",
"description" : "Firefox Preview Nightly is a developmental channel for new Firefox Preview releases. It is intended for advanced users only.  Nightly releases are not tested extensively before being published. They may be unstable; users can expect occasional crashes or data loss.   The Nightly channel allows experienced users and developers to provide feedback on features and performance to help determine what makes the final release.  Please email firefox-preview-feedback@mozilla.com with your comments, or file a bug on : Github.  Firefox Nightly automatically sends feedback to Mozilla. You can read more about telemetry privacy here. ",
"desc_perms" : "[]",
"manifest_perms" : "['android.permission.WRITE_EXTERNAL_STORAGE', 'android.permission.ACCESS_COARSE_LOCATION', 'android.permission.ACCESS_FINE_LOCATION', 'android.permission.RECEIVE_BOOT_COMPLETED', 'com.android.launcher.permission.INSTALL_SHORTCUT', 'android.permission.RECORD_AUDIO', 'android.permission.DOWNLOAD_WITHOUT_NOTIFICATION', 'android.permission.FOREGROUND_SERVICE', 'android.permission.WAKE_LOCK', 'android.permission.MODIFY_AUDIO_SETTINGS', 'android.permission.ACCESS_NETWORK_STATE', 'android.permission.READ_EXTERNAL_STORAGE', 'com.google.android.c2dm.permission.RECEIVE', 'android.permission.USE_BIOMETRIC', 'android.permission.USE_FINGERPRINT', 'android.permission.CAMERA', 'com.google.android.finsky.permission.BIND_GET_INSTALL_REFERRER_SERVICE', 'android.permission.INTERNET', 'android.permission.ACCESS_WIFI_STATE', 'android.permission.VIBRATE']",
"perms_with_call" : "['android.permission.ACCESS_COARSE_LOCATION', 'android.permission.ACCESS_FINE_LOCATION', 'android.permission.BROADCAST_STICKY', 'android.permission.CHANGE_NETWORK_STATE', 'android.permission.ACCESS_WIFI_STATE', 'android.permission.WAKE_LOCK', 'android.permission.USE_FINGERPRINT', 'android.permission.CHANGE_WIFI_STATE', 'android.permission.MODIFY_AUDIO_SETTINGS', 'android.permission.GET_TASKS', 'android.permission.ACCESS_NETWORK_STATE', 'android.permission.BLUETOOTH']" 
"extra_perms" : "['android.permission.WRITE_EXTERNAL_STORAGE', 'android.permission.ACCESS_COARSE_LOCATION', 'android.permission.ACCESS_FINE_LOCATION', 'android.permission.READ_EXTERNAL_STORAGE', 'android.permission.ACCESS_WIFI_STATE', 'android.permission.MODIFY_AUDIO_SETTINGS', 'android.permission.RECORD_AUDIO', 'android.permission.DOWNLOAD_WITHOUT_NOTIFICATION', 'android.permission.CAMERA', 'android.permission.ACCESS_NETWORK_STATE', 'android.permission.INTERNET']",
}