{
"name" : "Nava",
"url" : "https://play.google.com/store/apps/details?id=org.qtproject.example.navamessenger",
"package" : "org.qtproject.example.navamessenger",
"category" : "Communication",
"description" : "Call your contacts for free  You can call your contacts for free. All you need is an internet connection. Anyone in your contacts who has Nava appears in your contact list on the application. You can also invite everyone from your phone contact list directly from Nava. For that, go to the All tab in your contact list in the application where there is an Invite+ button for the contact who doesnt have Nava application installed. All of them can be easily invited by using that option.   Nava out: Call your contacts mobile network by internet  Navas outstanding feature is that you can use your internet service (not your mobile phone network), to call your contacts mobile phone network in foreign countries. Instead of paying high fees to the telecommunication company for calling foreign mobile networks, you can charge your account in the application with a much cheaper price, and enjoy the same advantages of mobile networks. With this feature, you are actually calling your contacts phone network with your internet service, so there wont be any charge from your mobile network provider or telecommunication company. call support for more information.   Exclusive DID number   By dialing a specific DID number from anywhere in Iran, it calls on the Nava Messenger on the other side at your destination in the foreign country. With paying a certain fee every month, youll be able to call to foreign countries unlimitedly, using phone or mobile phone networks in Iran and Nava Messenger as your destination in foreign countries. That means you dont need an internet connection in Iran since you call by telecommunication networks, without charge from your phone network provider for foreign calls. call support for more information.   Send messages with Nava messenger  You can type and send text messages, emoticons, photos and locations to your contacts. Youll also be able to send videos, files and documents up to 250 mb. For that, tap on the attachment icon. You can send all the mentioned multimedia from there instantly. To send voice messages, tap on the microphone icon. For calling your contact from text message screen, tap on the call icon on top of the action bar. ",
"desc_perms" : "['android.permission.READ_CONTACTS', 'android.permission.SEND_SMS', 'android.permission.READ_EXTERNAL_STORAGE', 'android.permission.READ_PHONE_STATE', 'android.permission.ACCESS_WIFI_STATE', 'android.permission.GET_ACCOUNTS', 'android.vending.BILLING', 'android.permission.CALL_PHONE', 'android.permission.ACCESS_NETWORK_STATE', 'android.permission.INTERNET']",
"manifest_perms" : "['android.permission.WRITE_EXTERNAL_STORAGE', 'android.permission.ACCESS_COARSE_LOCATION', 'android.permission.ACCESS_FINE_LOCATION', 'android.permission.RECEIVE_BOOT_COMPLETED', 'android.permission.READ_APP_BADGE', 'com.android.launcher.permission.INSTALL_SHORTCUT', 'com.sonyericsson.home.permission.BROADCAST_BADGE', 'android.permission.RECORD_AUDIO', 'android.permission.SYSTEM_ALERT_WINDOW', 'android.permission.WRITE_CONTACTS', 'com.android.launcher.permission.UNINSTALL_SHORTCUT', 'com.anddoes.launcher.permission.UPDATE_COUNT', 'android.permission.FOREGROUND_SERVICE', 'android.permission.WAKE_LOCK', 'android.permission.MODIFY_AUDIO_SETTINGS', 'com.majeur.launcher.permission.UPDATE_BADGE', 'android.permission.READ_LOGS', 'android.permission.GET_TASKS', 'android.permission.ACCESS_NETWORK_STATE', 'android.permission.READ_CONTACTS', 'android.permission.READ_EXTERNAL_STORAGE', 'android.permission.NFC', 'com.google.android.c2dm.permission.RECEIVE', 'com.sec.android.provider.badge.permission.WRITE', 'com.android.launcher.permission.WRITE_SETTINGS', 'com.htc.launcher.permission.READ_SETTINGS', 'android.permission.CAMERA', 'android.permission.DISABLE_KEYGUARD', 'com.google.android.finsky.permission.BIND_GET_INSTALL_REFERRER_SERVICE', 'android.permission.INTERNET', 'android.permission.BLUETOOTH', 'com.oppo.launcher.permission.WRITE_SETTINGS', 'com.android.launcher.permission.READ_SETTINGS', 'com.htc.launcher.permission.UPDATE_SHORTCUT', 'android.permission.READ_PHONE_STATE', 'com.oppo.launcher.permission.READ_SETTINGS', 'com.huawei.android.launcher.permission.READ_SETTINGS', 'com.huawei.android.launcher.permission.WRITE_SETTINGS', 'com.huawei.android.launcher.permission.CHANGE_BADGE', 'android.permission.VIBRATE', 'com.sec.android.provider.badge.permission.READ']",
"perms_with_call" : "['android.permission.ACCESS_COARSE_LOCATION', 'android.permission.ACCESS_FINE_LOCATION', 'android.permission.BROADCAST_STICKY', 'android.permission.ACCESS_WIFI_STATE', 'android.permission.WAKE_LOCK', 'android.permission.USE_FINGERPRINT', 'android.permission.MODIFY_AUDIO_SETTINGS', 'android.permission.GET_TASKS', 'android.permission.ACCESS_NETWORK_STATE', 'android.permission.BLUETOOTH']" 
"extra_perms" : "['android.permission.WRITE_EXTERNAL_STORAGE', 'android.permission.ACCESS_COARSE_LOCATION', 'android.permission.ACCESS_FINE_LOCATION', 'com.android.launcher.permission.READ_SETTINGS', 'android.permission.CAMERA', 'android.permission.NFC', 'android.permission.ACCESS_WIFI_STATE', 'android.permission.MODIFY_AUDIO_SETTINGS', 'com.android.launcher.permission.WRITE_SETTINGS', 'android.permission.SYSTEM_ALERT_WINDOW', 'android.permission.RECORD_AUDIO', 'android.permission.READ_LOGS', 'android.permission.DISABLE_KEYGUARD', 'android.permission.WRITE_CONTACTS']",
}