{
"name" : "Plus Messenger",
"url" : "https://play.google.com/store/apps/details?id=org.telegram.plus",
"package" : "org.telegram.plus",
"category" : "Communication",
"description" : "Plus Messenger is an unofficial messaging app that uses Telegrams API.  # One of the best rated messaging apps on Play Store # # More than 20 million downloads # # Translated into more than 20 languages # # Many support groups in different languages #  Plus Messenger adds some extra features to official Telegram app:    Separated tabs for chats: users, groups, channels, bots, favorites, unread, admin/creator.  Many options to cutomize tabs.  Multi-account (up to 10).  Categories. Create custom groups of chats (family, work, sports...).  Categories can be saved and restored.  Change default app folder.  Different sorting methods for chats.  Increased limit of pinned chats to 100.  Increased favorite stickers limit to 20.  Show floating notifications when users are online/writing.  Select all chats and apply different options (read, mute/unmute, archive...).  Forward messages without quoting. Edit message/caption before forwarding.  Save documents using original name.   Copy selection of text message.  Set photo quality before sending.  Show users bio in chat.  Add time to floating date in chat.  Start round video using main camera.  Show download progress.  Quick switch between chats through the quick bar.  Show user messages and media in group chat.  Show/hide mute/unmute button from channels.  More than 10 different bubbles and checks designs.  Hide mobile number from navigation menu drawer and settings menu.  Show username instead of mobile number in navigation menu.  Easily switch to night mode from navigation menu.  Show/hide options from navigation menu.  Use phone emojis.  Use phone font.  Save and restore Plus settings.  Chat counter.  And many more options!!  Channel: https://t.me/plusmsgr Support group: https://t.me/plusmsgrchat Twitter: https://twitter.com/plusmsgr Web: https://plusmessenger.org  Plus themes app: https://play.google.com/store/apps/details?id=es.rafalense.themes Telegram themes app: https://play.google.com/store/apps/details?id=es.rafalense.telegram.themes ",
"desc_perms" : "['android.permission.WRITE_EXTERNAL_STORAGE', 'android.permission.READ_PHONE_STATE', 'android.permission.ACCESS_WIFI_STATE', 'android.permission.CAMERA', 'android.permission.CALL_PHONE', 'android.permission.ACCESS_NETWORK_STATE', 'android.permission.INTERNET']",
"manifest_perms" : "['android.permission.WRITE_EXTERNAL_STORAGE', 'android.permission.ACCESS_COARSE_LOCATION', 'android.permission.ACCESS_FINE_LOCATION', 'android.permission.RECEIVE_BOOT_COMPLETED', 'android.permission.READ_APP_BADGE', 'android.permission.REQUEST_INSTALL_PACKAGES', 'com.android.launcher.permission.INSTALL_SHORTCUT', 'com.sonyericsson.home.permission.BROADCAST_BADGE', 'android.permission.MANAGE_OWN_CALLS', 'android.permission.RECORD_AUDIO', 'android.permission.GET_ACCOUNTS', 'android.permission.SYSTEM_ALERT_WINDOW', 'android.permission.INSTALL_SHORTCUT', 'me.everything.badger.permission.BADGE_COUNT_WRITE', 'android.permission.DOWNLOAD_WITHOUT_NOTIFICATION', 'android.permission.CALL_PHONE', 'android.permission.WRITE_CONTACTS', 'com.android.launcher.permission.UNINSTALL_SHORTCUT', 'com.anddoes.launcher.permission.UPDATE_COUNT', 'android.permission.FOREGROUND_SERVICE', 'android.permission.WAKE_LOCK', 'com.google.android.providers.gsf.permission.READ_GSERVICES', 'com.sonymobile.home.permission.PROVIDER_INSERT_BADGE', 'android.permission.MODIFY_AUDIO_SETTINGS', 'android.permission.AUTHENTICATE_ACCOUNTS', 'com.majeur.launcher.permission.UPDATE_BADGE', 'android.permission.ACCESS_NETWORK_STATE', 'android.permission.READ_CONTACTS', 'android.permission.READ_EXTERNAL_STORAGE', 'android.permission.MANAGE_ACCOUNTS', 'me.everything.badger.permission.BADGE_COUNT_READ', 'com.google.android.c2dm.permission.RECEIVE', 'org.telegram.plus.permission.MAPS_RECEIVE', 'android.permission.USE_BIOMETRIC', 'android.permission.USE_FINGERPRINT', 'com.sec.android.provider.badge.permission.WRITE', 'com.htc.launcher.permission.READ_SETTINGS', 'android.permission.CAMERA', 'android.permission.INTERNET', 'android.permission.BLUETOOTH', 'com.oppo.launcher.permission.WRITE_SETTINGS', 'com.htc.launcher.permission.UPDATE_SHORTCUT', 'android.permission.READ_PHONE_STATE', 'com.oppo.launcher.permission.READ_SETTINGS', 'android.permission.ACCESS_WIFI_STATE', 'android.permission.READ_SYNC_SETTINGS', 'com.huawei.android.launcher.permission.READ_SETTINGS', 'com.huawei.android.launcher.permission.WRITE_SETTINGS', 'android.permission.WRITE_SYNC_SETTINGS', 'com.huawei.android.launcher.permission.CHANGE_BADGE', 'android.permission.VIBRATE', 'android.permission.READ_PROFILE', 'com.sec.android.provider.badge.permission.READ']",
"perms_with_call" : "['android.permission.ACCESS_COARSE_LOCATION', 'android.permission.ACCESS_FINE_LOCATION', 'android.permission.BROADCAST_STICKY', 'android.permission.READ_PHONE_STATE', 'android.permission.CHANGE_NETWORK_STATE', 'android.permission.ACCESS_WIFI_STATE', 'android.permission.WAKE_LOCK', 'android.permission.USE_FINGERPRINT', 'android.permission.MODIFY_AUDIO_SETTINGS', 'android.permission.GET_TASKS', 'android.permission.ACCESS_NETWORK_STATE', 'android.permission.BLUETOOTH']" 
"extra_perms" : "['android.permission.READ_CONTACTS', 'android.permission.ACCESS_COARSE_LOCATION', 'android.permission.ACCESS_FINE_LOCATION', 'android.permission.READ_EXTERNAL_STORAGE', 'org.telegram.plus.permission.MAPS_RECEIVE', 'android.permission.MODIFY_AUDIO_SETTINGS', 'android.permission.MANAGE_OWN_CALLS', 'android.permission.RECORD_AUDIO', 'android.permission.GET_ACCOUNTS', 'android.permission.SYSTEM_ALERT_WINDOW', 'android.permission.INSTALL_SHORTCUT', 'android.permission.DOWNLOAD_WITHOUT_NOTIFICATION', 'android.permission.WRITE_CONTACTS']",
}