{
"name" : "10 Sticker Packs for WA",
"url" : "https://play.google.com/store/apps/details?id=org.telegram.wastickers.bestof",
"package" : "org.telegram.wastickers.bestof",
"category" : "Communication",
"description" : "Enjoy 10 free sticker packs for WA.   Developers looking to publish other Telegram stickers as apps for WA are welcome to contact us at stickers@telegram.org ",
"desc_perms" : "[]",
"manifest_perms" : "['android.permission.INTERNET']",
"perms_with_call" : "['android.permission.ACCESS_COARSE_LOCATION', 'android.permission.USE_FINGERPRINT', 'android.permission.WAKE_LOCK', 'android.permission.ACCESS_NETWORK_STATE', 'android.permission.ACCESS_FINE_LOCATION']" 
"extra_perms" : "['android.permission.INTERNET', 'android.permission.ACCESS_COARSE_LOCATION', 'android.permission.ACCESS_FINE_LOCATION', 'android.permission.ACCESS_NETWORK_STATE']",
}