{
"name" : "Email App for Any Mail",
"url" : "https://play.google.com/store/apps/details?id=park.outlook.sign.in.client",
"package" : "park.outlook.sign.in.client",
"category" : "Communication",
"description" : "Beautiful design, Intuitive actions, Lightning speed, Advanced security  In a new powerful email app for Outlook & others!  Quick and easy access to Outlook and Hotmail accounts on the go! Check email, read, reply, send photos, add and view attachments  stay in touch with friends, family and colleagues. Experience new features to manage your Outlook email on your phone, tablet, or smartwatch in the most efficient manner.  Why choose us?  Timely custom push notifications for each individual email account, e.g. Work email address set to Do not Disturb mode from 21:00 to 7:00  User-friendly design: you do not have to think twice, whether you want to Flag, Mark as spam, Delete just one or multiple emails at once  Clean and tidy inbox with contact avatars and an option to enable email threads (all conversations displayed neatly together)  Convenient search by Date, Recipient, Subject, in Unread, Flagged messages or Attachments to help you find emails in a flash  Personalized filters to automatically move incoming emails to specific folders or Mark them as read  Enhanced security to protect your mobile app against unauthorized access by setting up a PIN password  The application also supports all major email services that you can add to have all your mail in one place, whether it is a Microsoft Outlook, Hotmail, MSN Mail, Gmail, Yahoo, AOL, GMX or any POP/ IMAP/ SMTP-enabled mailbox.  If you encounter any problems, send us an email at outlook@mailapps.me and we will try our best to help you in a timely manner.  IMPORTANT: We are a free unofficial Outlook email application with a goal to provide an excellent mail management product. ",
"desc_perms" : "['android.permission.READ_CONTACTS', 'android.permission.ACCESS_WIFI_STATE', 'android.permission.WRITE_CONTACTS', 'android.permission.GET_ACCOUNTS', 'android.permission.ACCESS_NETWORK_STATE', 'android.permission.INTERNET']",
"manifest_perms" : "['android.permission.WRITE_EXTERNAL_STORAGE', 'android.permission.REQUEST_INSTALL_PACKAGES', 'com.google.android.gallery3d.permission.GALLERY_PROVIDER', 'android.permission.GET_ACCOUNTS', 'android.permission.WRITE_CONTACTS', 'android.permission.WRITE_SETTINGS', 'android.permission.FOREGROUND_SERVICE', 'android.permission.WAKE_LOCK', 'android.permission.READ_SYNC_STATS', 'com.google.android.providers.gsf.permission.READ_GSERVICES', 'android.permission.AUTHENTICATE_ACCOUNTS', 'android.permission.USE_CREDENTIALS', 'android.permission.ACCESS_NETWORK_STATE', 'android.permission.READ_CONTACTS', 'android.permission.READ_EXTERNAL_STORAGE', 'android.permission.MANAGE_ACCOUNTS', 'com.google.android.c2dm.permission.RECEIVE', 'android.permission.USE_FINGERPRINT', 'com.google.android.finsky.permission.BIND_GET_INSTALL_REFERRER_SERVICE', 'android.permission.INTERNET', 'com.android.gallery3d.permission.GALLERY_PROVIDER', 'android.permission.READ_SYNC_SETTINGS', 'android.permission.WRITE_SYNC_SETTINGS', 'android.permission.VIBRATE', 'park.outlook.sign.in.client.permission.C2D_MESSAGE']",
"perms_with_call" : "['android.permission.ACCESS_COARSE_LOCATION', 'android.permission.ACCESS_FINE_LOCATION', 'android.permission.BROADCAST_STICKY', 'android.permission.READ_PHONE_STATE', 'android.permission.CHANGE_NETWORK_STATE', 'android.permission.ACCESS_WIFI_STATE', 'android.permission.WAKE_LOCK', 'android.permission.USE_FINGERPRINT', 'android.permission.GET_TASKS', 'android.permission.ACCESS_NETWORK_STATE', 'android.permission.BLUETOOTH']" 
"extra_perms" : "['android.permission.WRITE_EXTERNAL_STORAGE', 'android.permission.ACCESS_COARSE_LOCATION', 'android.permission.ACCESS_FINE_LOCATION', 'android.permission.READ_EXTERNAL_STORAGE', 'com.android.gallery3d.permission.GALLERY_PROVIDER', 'android.permission.READ_PHONE_STATE', 'android.permission.ACCESS_WIFI_STATE', 'com.google.android.gallery3d.permission.GALLERY_PROVIDER']",
}