{
"name" : "Call Recorder",
"url" : "https://play.google.com/store/apps/details?id=polis.app.callrecorder",
"package" : "polis.app.callrecorder",
"category" : "Communication",
"description" : "Simple Call Recorder application that has an ability to: - Records all your phone calls. - Playback recordings. - Delete recordings. - Lock recordings to prevent from deleting. - Share recordings (only in Premium version). - Uploadall recordings to your Dropbox account(only in Premium version). - Uploadall recordings to your Google Driveaccount(only in Premium version). - Manage storage for your recordings. - Protect your recordings by passcode.  IF IT DOES NOT WORK ON YOUR PHONE AT ALL OR IT DOES NOT RECORD OPPOSITE SIDE VOICE CLEARLY: 1. Try to mix different recording settings as it described here: http://clevermobile.net/products/call-recorder/call-recorder-settings-configuration-instructions/ 2. There is a limitation for some phones that dont support recording from phone line or bluetooth. Its audio driver problem made by manufacturer of the phone. List of known supported devices and configurations for them is here: http://clevermobile.net/products/call-recorder/call-recorder-supported-phones-and-configurations-for-them/ Please, not give bad marks for that. Thank you!  If you have some suggestions or comments, please visit our site http://clevermobile.net and feel free to contact us. ",
"desc_perms" : "[]",
"manifest_perms" : "['android.permission.WRITE_EXTERNAL_STORAGE', 'android.permission.RECORD_AUDIO', 'com.android.vending.BILLING', 'com.google.android.finsky.permission.BIND_GET_INSTALL_REFERRER_SERVICE', 'android.permission.RECEIVE_BOOT_COMPLETED', 'android.permission.MODIFY_AUDIO_SETTINGS', 'com.google.android.c2dm.permission.RECEIVE', 'android.permission.ACCESS_NETWORK_STATE', 'android.permission.WAKE_LOCK', 'android.permission.READ_CONTACTS', 'android.permission.FOREGROUND_SERVICE', 'android.permission.INTERNET', 'android.permission.BLUETOOTH', 'android.permission.READ_PHONE_STATE', 'android.permission.GET_ACCOUNTS']",
"perms_with_call" : "['android.permission.ACCESS_COARSE_LOCATION', 'android.permission.BROADCAST_STICKY', 'android.permission.MODIFY_AUDIO_SETTINGS', 'android.permission.WAKE_LOCK', 'android.permission.ACCESS_NETWORK_STATE', 'android.permission.GET_TASKS', 'android.permission.ACCESS_FINE_LOCATION']" 
"extra_perms" : "['android.permission.WRITE_EXTERNAL_STORAGE', 'android.permission.RECORD_AUDIO', 'com.android.vending.BILLING', 'android.permission.ACCESS_COARSE_LOCATION', 'android.permission.MODIFY_AUDIO_SETTINGS', 'android.permission.ACCESS_NETWORK_STATE', 'android.permission.READ_CONTACTS', 'android.permission.INTERNET', 'android.permission.READ_PHONE_STATE', 'android.permission.GET_ACCOUNTS', 'android.permission.ACCESS_FINE_LOCATION']",
}