{
"name" : "Web Browser - Fast, Privacy & Light Web Explorer",
"url" : "https://play.google.com/store/apps/details?id=privacy.explorer.fast.safe.browser",
"package" : "privacy.explorer.fast.safe.browser",
"category" : "Communication",
"description" : " Security & Privacy: All-around protection. Private Browsing with Tracking Protection blocks parts of Web pages that may track your browsing activity.  Fast & Smart: Browsing speed acceleration, fast loading speed, better video watching experience and web connection.  Web Browser is a fast, secure, lightweight and smart Mobile Browser. It is designed for both phone and tablet with fast loading speed, quick search, HTML5 video player, tab bar, notification bar, incognito browsing and flash player, brings you an amazing Premium web and fast browsing experience.  Key Features: - Secure browser. Private browse the web without leaving any browser history data - Supports Adobe Flash Player  - Fast Start-up & browsing & fast download files - Offline mode to browse the downloaded web page - Popular quick search engine: Google, Yahoo, Bing, and other default search engine - Notification bar quick search - Voice quick search - Multi Tab Internet Browsing - Real-time & accurate weather forecast - Bookmarks & History manager, easy to edit and review - Homepage practical navigation - Desktop & Mobile version browsing - Night mode & Auto switch setting supported - No image mode when browsing - Customize gorgeous themes - User Agent settings - Advanced Gesture feature - Sharing - Super easy and intuitive ways to share mobile contents through Facebook, Twitter, Email, SMS and other social media channels - More Advanced Settings  - Uses the Native JavaScript and WebKit Engine, so file size is smaller  Web Browser is a high-performance lightweight Internet browser built for those who dont want the cumbersome size of other browser. Web Browser with the latest security and privacy features to help you stay safe on the internet. FREE download this stylish designed, Fast, Secure, Smart Web Browser to start your Fast browsing & Quick search experience! ",
"desc_perms" : "['android.permission.WRITE_EXTERNAL_STORAGE', 'android.permission.READ_EXTERNAL_STORAGE', 'android.permission.ACCESS_WIFI_STATE', 'android.permission.ACCESS_NETWORK_STATE', 'android.permission.INTERNET']",
"manifest_perms" : "['android.permission.WRITE_EXTERNAL_STORAGE', 'android.permission.ACCESS_COARSE_LOCATION', 'android.permission.ACCESS_FINE_LOCATION', 'android.permission.READ_EXTERNAL_STORAGE', 'com.android.browser.permission.READ_HISTORY_BOOKMARKS', 'android.permission.REQUEST_INSTALL_PACKAGES', 'com.android.browser.permission.WRITE_HISTORY_BOOKMARKS', 'android.permission.CHANGE_NETWORK_STATE', 'android.permission.ACCESS_WIFI_STATE', 'android.permission.SET_WALLPAPER', 'android.permission.WAKE_LOCK', 'com.google.android.gms.permission.ACTIVITY_RECOGNITION', 'android.permission.CHANGE_WIFI_STATE', 'android.permission.MOUNT_UNMOUNT_FILESYSTEMS', 'android.permission.GET_TASKS', 'android.permission.VIBRATE', 'android.permission.ACCESS_NETWORK_STATE', 'android.permission.INTERNET']",
"perms_with_call" : "['android.permission.ACCESS_COARSE_LOCATION', 'android.permission.ACCESS_FINE_LOCATION', 'android.permission.BROADCAST_STICKY', 'android.permission.ACCESS_WIFI_STATE', 'android.permission.SET_WALLPAPER', 'android.permission.WAKE_LOCK', 'android.permission.GET_TASKS', 'android.permission.ACCESS_NETWORK_STATE']" 
"extra_perms" : "['android.permission.ACCESS_COARSE_LOCATION', 'android.permission.ACCESS_FINE_LOCATION', 'com.android.browser.permission.READ_HISTORY_BOOKMARKS', 'android.permission.MOUNT_UNMOUNT_FILESYSTEMS', 'com.android.browser.permission.WRITE_HISTORY_BOOKMARKS']",
}