{
"name" : "Pure Web Browser-Ad Blocker,Video Download,Private",
"url" : "https://play.google.com/store/apps/details?id=pure.lite.browser",
"package" : "pure.lite.browser",
"category" : "Communication",
"description" : "Pure Browser is a small size, fast and lightweight browser with powerful Ad Blocker and Video Downloader, especially useful for Android user phones that feature lower specifications and less storage space.  Pure Browser does not support YouTube video sites or video downloads of any copyrighted sites.  Main Features  Tiny Size  Ad Blocker  Video Downloader  Incognito Browsing & Night Mode  Screenshot  QR-Code Scaner  Offline Webpages  Bookmarks & History  Page Translate  Find In Page  Minimalistic & Super Fast   Various Colorful Themes   Minimalistic & Super Fast Only 3M in size, takes up less resources, is lightweight and very fast.  Security & privacy Doesnt collect user data, protects your data security and privacy.  Ad Blocker Powerful ad blocking feature that automatically filters ad content and push notifications during browsing. It helps you block most unwanted ads.  Video Download Powerful video download capabilities to help you easily download most website videos.  Incognito Mode Browse webpages in privacy mode without leaving any history, completely protecting your privacy.   Night Mode Protect your eyes with a unique nighttime browsing mode when browsing a webpage in low light.   More features QR Code,Save Page,Text-Only,Screenshot,Full Screen,Find In Page,Page Translate,Bookmarks Import/Export.  Help us improve our products: If you have any questions or suggestions, please contact me via email pureminibrowser@gmail.com or telegram https://t.me/PureBrowser ,I will try my best to solve any problems for you. ",
"desc_perms" : "['android.permission.WRITE_EXTERNAL_STORAGE', 'android.permission.READ_EXTERNAL_STORAGE', 'android.permission.ACCESS_WIFI_STATE', 'android.permission.RECORD_AUDIO', 'android.permission.CAMERA', 'android.permission.ACCESS_NETWORK_STATE', 'android.permission.INTERNET']",
"manifest_perms" : "['android.permission.WRITE_EXTERNAL_STORAGE', 'android.permission.ACCESS_COARSE_LOCATION', 'android.permission.ACCESS_FINE_LOCATION', 'android.permission.READ_EXTERNAL_STORAGE', 'android.permission.REQUEST_INSTALL_PACKAGES', 'android.permission.FOREGROUND_SERVICE', 'com.android.launcher.permission.INSTALL_SHORTCUT', 'android.permission.ACCESS_WIFI_STATE', 'android.permission.WAKE_LOCK', 'android.permission.CAMERA', 'android.permission.MOUNT_UNMOUNT_FILESYSTEMS', 'android.permission.ACCESS_NETWORK_STATE', 'android.permission.INTERNET']",
"perms_with_call" : "['android.permission.ACCESS_COARSE_LOCATION', 'android.permission.ACCESS_FINE_LOCATION', 'android.permission.BROADCAST_STICKY', 'android.permission.WAKE_LOCK', 'android.permission.USE_FINGERPRINT', 'android.permission.ACCESS_NETWORK_STATE', 'android.permission.BLUETOOTH']" 
"extra_perms" : "['android.permission.ACCESS_COARSE_LOCATION', 'android.permission.ACCESS_FINE_LOCATION', 'android.permission.MOUNT_UNMOUNT_FILESYSTEMS']",
}