{
"name" : "Browser",
"url" : "https://play.google.com/store/apps/details?id=quick.browser.secure",
"package" : "quick.browser.secure",
"category" : "Communication",
"description" : "Browser is an lightweight mobile browser which provides you a fast and secure surfing experience. Freely download Quick Browser; try the best experience of android browser.    Fast Browsing: Optimized for web browsing to make a great browsing experience!  Light-weight: Quick Browser is small at only 2MB large.  Secure: Incognito browsing protects your privacy.  QR Code: Support Scan QR Code.   FEATURES  Simple and elegant UI Design  Bookmarks Import & Export  Multi-Tabs Manage  Disabled Javascript Mode  Best Support HTML5 & Flash  Font Size Customized  Output JS log to logcat ",
"desc_perms" : "['android.permission.ACCESS_NETWORK_STATE', 'android.permission.INTERNET']",
"manifest_perms" : "['android.permission.WRITE_EXTERNAL_STORAGE', 'android.permission.ACCESS_COARSE_LOCATION', 'android.permission.READ_EXTERNAL_STORAGE', 'com.seal.permissions.services.ADDONS', 'android.permission.ACCESS_WIFI_STATE', 'android.permission.FLASHLIGHT', 'android.permission.CAMERA', 'android.permission.MOUNT_UNMOUNT_FILESYSTEMS', 'android.permission.VIBRATE', 'android.permission.ACCESS_NETWORK_STATE', 'android.permission.INTERNET']",
"perms_with_call" : "['android.permission.ACCESS_COARSE_LOCATION', 'android.permission.ACCESS_FINE_LOCATION', 'android.permission.BROADCAST_STICKY', 'android.permission.ACCESS_WIFI_STATE', 'android.permission.WAKE_LOCK', 'android.permission.USE_FINGERPRINT', 'android.permission.GET_TASKS', 'android.permission.ACCESS_NETWORK_STATE', 'android.permission.BLUETOOTH']" 
"extra_perms" : "['android.permission.WRITE_EXTERNAL_STORAGE', 'android.permission.ACCESS_COARSE_LOCATION', 'android.permission.ACCESS_FINE_LOCATION', 'android.permission.READ_EXTERNAL_STORAGE', 'com.seal.permissions.services.ADDONS', 'android.permission.ACCESS_WIFI_STATE', 'android.permission.CAMERA', 'android.permission.MOUNT_UNMOUNT_FILESYSTEMS']",
}