{
"name" : "MyAccount Telekom",
"url" : "https://play.google.com/store/apps/details?id=ro.telekom.myaccount",
"package" : "ro.telekom.myaccount",
"category" : "Communication",
"description" : "Cu noua aplicaie Telekom ai toate informaiile despre consum i serviciile tale ntr-un singur loc  cel mai bun instrument pentru monitorizarea costurilor i serviciilor Telekom.  Ai acces simplu i rapid la sumar profil ca s monitorizezi costurile tuturor serviciilor tale. De asemenea, noua aplicaie Telekom i ofer cea mai rapid i sigur metod pentru plat facturilor i rencrcarea numerelor prepaid cu un singur click folosind plata cu cardul. Gestioneaz serviciile tale i ale celor dragi oricnd i oriunde. O experien rapid, cursiv i robust reprezint nucleul noii aplicaii Telekom, ca s ai puterea de a gestiona toate serviciile tale. With the new Telekom app you have all your consumer and service information in one place - the best tool for monitoring Telekoms costs and services. You have simple and quick access to profile summary to monitor the costs of all your services. Also, the new Telekom app offers you the fastest and safest way to pay bills and recharge prepaid numbers with one click using card payment. Manage your services and your loved ones anytime, anywhere. A fast, cursory and robust experience is the core of Telekoms new application to have the power to manage all of your services. ",
"desc_perms" : "[]",
"manifest_perms" : "['android.permission.WRITE_SETTINGS', 'android.permission.ACCESS_FINE_LOCATION', 'android.permission.CHANGE_WIFI_STATE', 'android.permission.WRITE_EXTERNAL_STORAGE', 'android.permission.ACCESS_COARSE_LOCATION', 'com.google.android.finsky.permission.BIND_GET_INSTALL_REFERRER_SERVICE', 'android.permission.CAMERA', 'com.google.android.c2dm.permission.RECEIVE', 'android.permission.ACCESS_NETWORK_STATE', 'android.permission.USE_FINGERPRINT', 'android.permission.CHANGE_NETWORK_STATE', 'android.permission.READ_CONTACTS', 'com.google.android.gms.permission.ACTIVITY_RECOGNITION', 'android.permission.INTERNET', 'android.permission.READ_PHONE_STATE', 'android.permission.VIBRATE', 'android.permission.CALL_PHONE', 'android.permission.RECEIVE_BOOT_COMPLETED', 'android.permission.WAKE_LOCK', 'android.permission.FOREGROUND_SERVICE', 'android.permission.ACCESS_WIFI_STATE', 'android.permission.ACCESS_BACKGROUND_LOCATION', 'android.permission.READ_EXTERNAL_STORAGE']",
"perms_with_call" : "['android.permission.ACCESS_COARSE_LOCATION', 'android.permission.BROADCAST_STICKY', 'android.permission.CHANGE_NETWORK_STATE', 'android.permission.USE_FINGERPRINT', 'android.permission.ACCESS_FINE_LOCATION', 'android.permission.ACCESS_NETWORK_STATE', 'android.permission.WAKE_LOCK', 'android.permission.INTERNET', 'android.permission.BLUETOOTH_ADMIN', 'android.permission.GET_TASKS', 'android.permission.BLUETOOTH', 'android.permission.ACCESS_WIFI_STATE', 'android.permission.READ_PHONE_STATE', 'android.permission.CHANGE_WIFI_STATE']" 
"extra_perms" : "['android.permission.WRITE_EXTERNAL_STORAGE', 'android.permission.ACCESS_COARSE_LOCATION', 'android.permission.CALL_PHONE', 'android.permission.CAMERA', 'android.permission.ACCESS_NETWORK_STATE', 'android.permission.READ_CONTACTS', 'android.permission.INTERNET', 'android.permission.ACCESS_WIFI_STATE', 'android.permission.READ_PHONE_STATE', 'android.permission.ACCESS_BACKGROUND_LOCATION', 'android.permission.READ_EXTERNAL_STORAGE', 'android.permission.ACCESS_FINE_LOCATION']",
}