{
"name" : "Auto Redial",
"url" : "https://play.google.com/store/apps/details?id=ru.lithiums.autodialer",
"package" : "ru.lithiums.autodialer",
"category" : "Communication",
"description" : "A simple program (dialer) to automatically make calls (auto dial) to a specified number.  The program is designed for automatic dialing to city, long-distance, international numbers, as well as SIP and IP .  The application supports 2 (two) SIM cards (dual sim).  The application has support for scheduled calls. You can specify a schedule for automatic redial with different options.  The program has the following types of schedule: - once at a specified time and date; - recurring daily or on certain days of the week at a specified time; - recurring calls after a specified period of time.  In the application settings, you can enable or disable the speakerphone during a call. (By default, it is enabled). Also in the settings you can turn on the alert with a sound alert before the start of the call on a schedule.  All required permissions are needed for work the application. The data will not be sent, not collected and are not processed, and used for making calls. ",
"desc_perms" : "['android.permission.MODIFY_AUDIO_SETTINGS', 'android.permission.CALL_PHONE', 'android.permission.READ_PHONE_STATE']",
"manifest_perms" : "['android.permission.READ_CONTACTS', 'android.permission.RECEIVE_BOOT_COMPLETED', 'android.permission.READ_PHONE_STATE', 'com.google.android.c2dm.permission.RECEIVE', 'android.permission.WAKE_LOCK', 'android.permission.MODIFY_AUDIO_SETTINGS', 'android.permission.SYSTEM_ALERT_WINDOW', 'com.google.android.finsky.permission.BIND_GET_INSTALL_REFERRER_SERVICE', 'android.permission.CALL_PHONE', 'android.permission.ACCESS_NETWORK_STATE', 'com.android.vending.BILLING', 'android.permission.INTERNET']",
"perms_with_call" : "['android.permission.ACCESS_COARSE_LOCATION', 'android.permission.ACCESS_FINE_LOCATION', 'android.permission.BROADCAST_STICKY', 'android.permission.READ_PHONE_STATE', 'android.permission.WAKE_LOCK', 'android.permission.MODIFY_AUDIO_SETTINGS', 'android.permission.GET_TASKS', 'android.permission.ACCESS_NETWORK_STATE', 'android.permission.BLUETOOTH']" 
"extra_perms" : "['android.permission.READ_CONTACTS', 'android.permission.ACCESS_COARSE_LOCATION', 'android.permission.ACCESS_FINE_LOCATION', 'android.permission.SYSTEM_ALERT_WINDOW', 'com.android.vending.BILLING', 'android.permission.ACCESS_NETWORK_STATE', 'android.permission.INTERNET']",
}