{
"name" : "TamTam Messenger - free chats & video calls",
"url" : "https://play.google.com/store/apps/details?id=ru.ok.messages",
"package" : "ru.ok.messages",
"category" : "Communication",
"description" : "TamTam is a simple but powerful Messenger available on any platform. Whatever communication you like; texting, voice or video calls, TamTam Messenger will keep you connected even when theres a slow Internet connection. We have created thousands of fun stickers to help you share your emotions, and if you are not in the mood to chat; we have channels too!  Here are some cool reasons to try TamTam Messenger:  CHATS: add friends, family or colleagues into group chats. You can do it either privately or publicly, its up to you.   STICKERS: sometimes words are just not enough; our designers have created thousands of cool stickers, including fun animated ones.  FREE CALLS: TamTam Messenger is more than just texting. Start video & audio calls with your friends for FREE!  SECURITY: All messages in TamTam are encrypted and stored in distributed network of servers. We have designed our own protocol to transmit any private data, while also using well-known protection algorithms, like TLS cryptographic protocol.  CHANNELS: find and read channels that share your interests or start your own.  WEB-VERSION & PC CLIENT: Even if your smartphone is unavailable, TamTam Messenger is accessible through a dedicated PC client or a web browser on any operating system  NO PASSWORD NEEDED: All you need to start chatting is your phone number, easy-peasy.  OFFLINE ACCESS: No Internet connection? You can still read chat history and watch media files. Messages not sent during an outage will be queued and sent once a connection is restored  FREE AND NO ADS: TamTam Messenger is free. Yep, this is how we do it.  More coming soon! We are cooking some great new features for you right now, use TamTam Messenger and stay tuned. ",
"desc_perms" : "['android.permission.READ_CONTACTS', 'android.permission.WRITE_EXTERNAL_STORAGE', 'android.permission.READ_EXTERNAL_STORAGE', 'android.permission.READ_PHONE_STATE', 'android.permission.ACCESS_WIFI_STATE', 'android.permission.WRITE_CONTACTS', 'android.permission.MODIFY_AUDIO_SETTINGS', 'android.permission.CALL_PHONE', 'android.permission.ACCESS_NETWORK_STATE', 'android.permission.INTERNET']",
"manifest_perms" : "['android.permission.WRITE_EXTERNAL_STORAGE', 'android.permission.ACCESS_COARSE_LOCATION', 'android.permission.ACCESS_FINE_LOCATION', 'android.permission.RECEIVE_BOOT_COMPLETED', 'android.permission.READ_APP_BADGE', 'android.permission.REQUEST_INSTALL_PACKAGES', 'com.sonyericsson.home.permission.BROADCAST_BADGE', 'android.permission.CHANGE_NETWORK_STATE', 'android.permission.SYSTEM_ALERT_WINDOW', 'android.permission.GET_ACCOUNTS', 'android.permission.RECORD_AUDIO', 'me.everything.badger.permission.BADGE_COUNT_WRITE', 'android.permission.WRITE_CONTACTS', 'com.anddoes.launcher.permission.UPDATE_COUNT', 'android.permission.FOREGROUND_SERVICE', 'android.permission.WAKE_LOCK', 'com.sonymobile.home.permission.PROVIDER_INSERT_BADGE', 'android.permission.MODIFY_AUDIO_SETTINGS', 'android.permission.AUTHENTICATE_ACCOUNTS', 'com.majeur.launcher.permission.UPDATE_BADGE', 'android.permission.USE_CREDENTIALS', 'android.permission.ACCESS_NETWORK_STATE', 'android.permission.READ_CONTACTS', 'android.permission.READ_EXTERNAL_STORAGE', 'android.permission.MANAGE_ACCOUNTS', 'me.everything.badger.permission.BADGE_COUNT_READ', 'android.permission.BLUETOOTH_ADMIN', 'com.google.android.c2dm.permission.RECEIVE', 'android.permission.USE_BIOMETRIC', 'com.sec.android.provider.badge.permission.WRITE', 'android.permission.USE_FINGERPRINT', 'android.permission.CHANGE_WIFI_STATE', 'com.htc.launcher.permission.READ_SETTINGS', 'android.permission.CAMERA', 'android.permission.DISABLE_KEYGUARD', 'com.google.android.finsky.permission.BIND_GET_INSTALL_REFERRER_SERVICE', 'android.permission.BLUETOOTH', 'android.permission.INTERNET', 'com.oppo.launcher.permission.WRITE_SETTINGS', 'com.htc.launcher.permission.UPDATE_SHORTCUT', 'android.permission.READ_PHONE_STATE', 'com.oppo.launcher.permission.READ_SETTINGS', 'android.permission.ACCESS_WIFI_STATE', 'com.huawei.android.launcher.permission.READ_SETTINGS', 'com.huawei.android.launcher.permission.WRITE_SETTINGS', 'com.huawei.android.launcher.permission.CHANGE_BADGE', 'android.permission.VIBRATE', 'com.sec.android.provider.badge.permission.READ']",
"perms_with_call" : "['android.permission.ACCESS_COARSE_LOCATION', 'android.permission.ACCESS_FINE_LOCATION', 'android.permission.BROADCAST_STICKY', 'android.permission.READ_PHONE_STATE', 'android.permission.CHANGE_NETWORK_STATE', 'android.permission.BLUETOOTH_ADMIN', 'android.permission.ACCESS_WIFI_STATE', 'android.permission.WAKE_LOCK', 'android.permission.USE_FINGERPRINT', 'android.permission.MODIFY_AUDIO_SETTINGS', 'android.permission.GET_TASKS', 'android.permission.ACCESS_NETWORK_STATE', 'android.permission.BLUETOOTH']" 
"extra_perms" : "['android.permission.DISABLE_KEYGUARD', 'android.permission.ACCESS_COARSE_LOCATION', 'android.permission.ACCESS_FINE_LOCATION', 'android.permission.RECORD_AUDIO', 'android.permission.GET_ACCOUNTS', 'android.permission.SYSTEM_ALERT_WINDOW', 'android.permission.CAMERA']",
}