{
"name" : "Yandex.Mail",
"url" : "https://play.google.com/store/apps/details?id=ru.yandex.mail",
"package" : "ru.yandex.mail",
"category" : "Communication",
"description" : "Take advantage of all Yandex.Mail features with your phone. Send messages no matter where you are. Get push notifications about new mail.  With the Yandex Mail app you can: - send and receive messages with attachments; - use push notifications so you no longer have to check your mail manually; - search your messages; - group messages by subject; - filter messages by label, for example Unread or Flagged; - manage your Yandex Mail for domain mailboxes. ",
"desc_perms" : "['android.permission.READ_EXTERNAL_STORAGE', 'android.permission.ACCESS_NETWORK_STATE', 'android.permission.INTERNET']",
"manifest_perms" : "['android.permission.WRITE_EXTERNAL_STORAGE', 'android.permission.ACCESS_COARSE_LOCATION', 'android.permission.ACCESS_FINE_LOCATION', 'android.permission.RECEIVE_BOOT_COMPLETED', 'android.permission.READ_APP_BADGE', 'android.permission.REQUEST_INSTALL_PACKAGES', 'com.sonyericsson.home.permission.BROADCAST_BADGE', 'ru.yandex.mail.permission.C2D_MESSAGE', 'android.permission.DOWNLOAD_WITHOUT_NOTIFICATION', 'android.permission.GET_ACCOUNTS', 'me.everything.badger.permission.BADGE_COUNT_WRITE', 'com.anddoes.launcher.permission.UPDATE_COUNT', 'android.permission.WAKE_LOCK', 'android.permission.SEND_DOWNLOAD_COMPLETED_INTENTS', 'com.yandex.permission.READ_CREDENTIALS', 'com.sonymobile.home.permission.PROVIDER_INSERT_BADGE', 'com.majeur.launcher.permission.UPDATE_BADGE', 'android.permission.AUTHENTICATE_ACCOUNTS', 'ru.yandex.mail.permission.read', 'ru.yandex.mail.permission.PUSH_PROVIDER', 'android.permission.USE_CREDENTIALS', 'android.permission.ACCESS_NETWORK_STATE', 'android.permission.READ_CONTACTS', 'android.permission.READ_EXTERNAL_STORAGE', 'android.permission.MANAGE_ACCOUNTS', 'me.everything.badger.permission.BADGE_COUNT_READ', 'com.google.android.c2dm.permission.RECEIVE', 'android.permission.USE_FINGERPRINT', 'com.sec.android.provider.badge.permission.WRITE', 'com.htc.launcher.permission.READ_SETTINGS', 'com.sec.android.provider.badge.permission.READ', 'ru.yandex.mail.permission.PROCESS_PUSH_MSG', 'android.permission.INTERNET', 'com.oppo.launcher.permission.WRITE_SETTINGS', 'com.htc.launcher.permission.UPDATE_SHORTCUT', 'com.oppo.launcher.permission.READ_SETTINGS', 'android.permission.READ_SYNC_SETTINGS', 'ru.yandex.mail.permission.COURIER_MESSAGE', 'com.yandex.permission.AM_COMMUNICATION', 'com.huawei.android.launcher.permission.READ_SETTINGS', 'ru.yandex.mail.permission.write', 'com.huawei.android.launcher.permission.WRITE_SETTINGS', 'com.huawei.appmarket.service.commondata.permission.GET_COMMON_DATA', 'com.huawei.android.launcher.permission.CHANGE_BADGE', 'android.permission.VIBRATE', 'ru.yandex.mail.permission.read_attach']",
"perms_with_call" : "['android.permission.ACCESS_COARSE_LOCATION', 'android.permission.ACCESS_FINE_LOCATION', 'android.permission.BROADCAST_STICKY', 'android.permission.READ_PHONE_STATE', 'android.permission.CHANGE_NETWORK_STATE', 'android.permission.BLUETOOTH_ADMIN', 'android.permission.ACCESS_WIFI_STATE', 'android.permission.WAKE_LOCK', 'android.permission.USE_FINGERPRINT', 'android.permission.MODIFY_AUDIO_SETTINGS', 'android.permission.GET_TASKS', 'android.permission.ACCESS_NETWORK_STATE', 'android.permission.BLUETOOTH']" 
"extra_perms" : "['android.permission.WRITE_EXTERNAL_STORAGE', 'android.permission.ACCESS_COARSE_LOCATION', 'android.permission.ACCESS_FINE_LOCATION', 'android.permission.READ_CONTACTS', 'android.permission.DOWNLOAD_WITHOUT_NOTIFICATION', 'android.permission.GET_ACCOUNTS', 'ru.yandex.mail.permission.PROCESS_PUSH_MSG', 'android.permission.READ_PHONE_STATE', 'android.permission.ACCESS_WIFI_STATE', 'ru.yandex.mail.permission.COURIER_MESSAGE', 'android.permission.SEND_DOWNLOAD_COMPLETED_INTENTS', 'com.yandex.permission.AM_COMMUNICATION', 'com.huawei.appmarket.service.commondata.permission.GET_COMMON_DATA', 'com.yandex.permission.READ_CREDENTIALS', 'ru.yandex.mail.permission.write', 'android.permission.MODIFY_AUDIO_SETTINGS', 'ru.yandex.mail.permission.read', 'ru.yandex.mail.permission.PUSH_PROVIDER', 'ru.yandex.mail.permission.read_attach']",
}