{
"name" : "Messenger SMS & MMS",
"url" : "https://play.google.com/store/apps/details?id=sms.mms.messages.text.free",
"package" : "sms.mms.messages.text.free",
"category" : "Communication",
"description" : "Messenger SMS & MMS is an instant messaging app for android. Its a great Messaging app. Fully customizable by you! Send 3000+ new emojis, funny faces, stickers, GIFs &text messages via SMS messages. Sending funny SMS messages. Sending picture, audio, video MMS messages to share the amazing moment. Sending GIFs and emoji messages to express yourself better. A funny SMS messages app to replace stock messages app!  Messenger SMS & MMS: Send messages safely with private box, SMS blocker, even SMS backup & restore and schedule SMS. Texting SMS messages has never been so great with countless emoji, GIF, sticker, theme, private box, SMS blocker, SMS backup & restore and schedule SMS! Enjoy sending & blocking text messages with funny SMS messages.  Messenger SMS & MMS Key Features: -Backup & Restore + Backup SMS & MMS messages to cloud, messages never get lost + Restore deleted or lost SMS & MMS message whenever - Caller ID + Identify numbers in real time - even those not in your contact list + Get warnings for more than 1 million spam numbers worldwide - Calls with Messages + One click text a contact after each call. No need to input number again + Access other Messages features directly from caller ID screen - Schedule SMS + Delayed SMS message give opportunity to correct the wrong message + Never miss any big moment with schedule SMS Messages - Private Box + Encrypt messages or contacts & lock down with private box + Hide private box icon to protect privacy from being snooped - SMS Blocker + No worry about spam messages consume storage space with blocker + Block text messages via adding to SMS blocker - Free Funny sms collection + 20+ categories SMS messages you can choose + Love SMS, flirt SMS, romantic SMS, friendship SMS, greeting SMS and more - Funny Emoji Message + Fast text 5000+ funny face, emoji & emoticons from messages directly + Great display of funny face, emoji & emoticons in text message - Funny Messages: + Messages support all new funny emoji & funny face in SMS + Support update multiple emoji in SMS + Support Unicorn, Middle Finger, Taco Rainbow and more funny emoji - Free Animated GIF & Emoji ART + Share thousands of trending hot GIFs MMS via MMS + Share unique Emoji Art & funny face with friends via SMS - Customization SMS Themes + Tons of amazing messaging themes + Customize SMS background as you wish - Messages Customization + Customize texting bubble, SMS bubble, color, font & wallpaper + Take photo as wallpaper or choose wallpaper from photo gallery - Auto reply messages: + Driving Mode disable message notifications from messages or stock messages except phone call + Auto Reply when Driving Mode is turned on, keep distractions to a minimum - MORE FEATURES + Send picture, audio, video MMS messages to more than one friends for once time + Clipboard for multiple fast copy and paste text messages + Pop up new message for a quick view and quick reply + Quick search to find exactly what you are looking for in free text messages + Custom bubble themes. + Support all emojis, send and receive emoji with your friend. + Custom font for conversation list, thread, popup message dialog. + Beautiful popup message dialog, support more pages popup dialog. + Blink LED when new message arrived. ",
"desc_perms" : "['android.permission.ACCESS_COARSE_LOCATION', 'android.permission.READ_EXTERNAL_STORAGE', 'android.permission.ACCESS_NETWORK_STATE', 'android.permission.ACCESS_WIFI_STATE', 'android.permission.READ_PHONE_STATE', 'android.permission.CAMERA', 'android.permission.INTERNET', 'android.permission.GET_ACCOUNTS', 'android.permission.SEND_SMS', 'android.permission.MODIFY_AUDIO_SETTINGS', 'android.permission.CALL_PHONE', 'android.permission.WRITE_CONTACTS', 'android.permission.RECORD_AUDIO', 'android.permission.READ_CONTACTS', 'android.permission.WRITE_EXTERNAL_STORAGE']",
"manifest_perms" : "['com.google.android.finsky.permission.BIND_GET_INSTALL_REFERRER_SERVICE', 'android.permission.VIBRATE', 'android.permission.RECEIVE_SMS', 'me.everything.badger.permission.BADGE_COUNT_READ', 'android.permission.READ_PHONE_STATE', 'android.permission.WRITE_SMS', 'android.permission.READ_CONTACTS', 'android.permission.WRITE_EXTERNAL_STORAGE', 'com.google.android.c2dm.permission.RECEIVE', 'android.permission.WRITE_SETTINGS', 'com.huawei.android.launcher.permission.WRITE_SETTINGS', 'com.htc.launcher.permission.UPDATE_SHORTCUT', 'com.majeur.launcher.permission.UPDATE_BADGE', 'android.permission.WAKE_LOCK', 'android.permission.CALL_PHONE', 'com.android.vending.BILLING', 'com.sec.android.provider.badge.permission.WRITE', 'com.sonymobile.home.permission.PROVIDER_INSERT_BADGE', 'com.huawei.android.launcher.permission.READ_SETTINGS', 'com.anddoes.launcher.permission.UPDATE_COUNT', 'me.everything.badger.permission.BADGE_COUNT_WRITE', 'android.permission.READ_APP_BADGE', 'android.permission.SEND_SMS', 'com.android.alarm.permission.SET_ALARM', 'com.oppo.launcher.permission.READ_SETTINGS', 'com.sonyericsson.home.permission.BROADCAST_BADGE', 'android.permission.ACCESS_NETWORK_STATE', 'android.permission.RECEIVE_BOOT_COMPLETED', 'android.permission.INTERNET', 'android.permission.FOREGROUND_SERVICE', 'com.huawei.android.launcher.permission.CHANGE_BADGE', 'android.permission.RECEIVE_MMS', 'com.oppo.launcher.permission.WRITE_SETTINGS', 'com.sec.android.provider.badge.permission.READ', 'com.htc.launcher.permission.READ_SETTINGS', 'android.permission.READ_SMS']",
"perms_with_call" : "['android.permission.ACCESS_COARSE_LOCATION', 'android.permission.READ_EXTERNAL_STORAGE', 'android.permission.ACCESS_WIFI_STATE', 'android.permission.ACCESS_NETWORK_STATE', 'android.permission.CHANGE_NETWORK_STATE', 'android.permission.WAKE_LOCK', 'android.permission.SEND_SMS', 'android.permission.BROADCAST_STICKY', 'android.permission.ACCESS_FINE_LOCATION', 'android.permission.GET_TASKS', 'android.permission.RECEIVE_MMS']" 
"extra_perms" : "['android.permission.ACCESS_COARSE_LOCATION', 'android.permission.READ_EXTERNAL_STORAGE', 'android.permission.RECEIVE_SMS', 'android.permission.ACCESS_WIFI_STATE', 'android.permission.ACCESS_FINE_LOCATION', 'android.permission.RECEIVE_MMS', 'android.permission.WRITE_SMS', 'com.android.vending.BILLING', 'android.permission.READ_SMS']",
}