{
"name" : "Sticker Make for WhatsApp",
"url" : "https://play.google.com/store/apps/details?id=stickerwhatsapp.com.stickers",
"package" : "stickerwhatsapp.com.stickers",
"category" : "Communication",
"description" : "Create stickers for WAStickerApps  Make your own custom sticker in a few steps: 1. Add photo or image (jpg, webp, png) 2. Remove background automatically or remove background with free hand crop feature  3. Add Text on sticker with many fonts choices 4. Add Emoji and funny decoration on sticker 5. Add border around sticker 6. Save to your own sticker packs 7. Share stickers with friends and make fun   -You can reuse all the cropped imagges to create another sticker -Magnifying glass support ",
"desc_perms" : "['android.permission.READ_CONTACTS', 'android.permission.WRITE_EXTERNAL_STORAGE', 'android.permission.CAMERA', 'android.permission.WRITE_CONTACTS']",
"manifest_perms" : "['android.permission.ACCESS_COARSE_LOCATION', 'android.permission.READ_EXTERNAL_STORAGE', 'com.google.android.finsky.permission.BIND_GET_INSTALL_REFERRER_SERVICE', 'android.permission.ACCESS_NETWORK_STATE', 'android.permission.INTERNET', 'android.permission.WAKE_LOCK', 'android.permission.ACCESS_FINE_LOCATION', 'com.android.vending.BILLING', 'android.permission.WRITE_EXTERNAL_STORAGE', 'com.google.android.c2dm.permission.RECEIVE', 'com.google.android.providers.gsf.permission.READ_GSERVICES']",
"perms_with_call" : "['android.permission.ACCESS_COARSE_LOCATION', 'android.permission.ACCESS_NETWORK_STATE', 'android.permission.WAKE_LOCK', 'android.permission.BROADCAST_STICKY', 'android.permission.ACCESS_FINE_LOCATION', 'android.permission.GET_TASKS']" 
"extra_perms" : "['android.permission.ACCESS_COARSE_LOCATION', 'android.permission.READ_EXTERNAL_STORAGE', 'android.permission.ACCESS_NETWORK_STATE', 'com.android.vending.BILLING', 'android.permission.INTERNET', 'android.permission.ACCESS_FINE_LOCATION']",
}