{
"name" : "Sticker Maker - Sticker Studio",
"url" : "https://play.google.com/store/apps/details?id=stickermaker.android.stickermaker",
"package" : "stickermaker.android.stickermaker",
"category" : "Communication",
"description" : "Sticker Studio is the best app to create personal WhatsApp and Gboard stickers. Easily cut out the part of an image you would like make a sticker of and share them with your friends.  Features:  Create unlimited sticker packs for WhatsApp and Gboard  Use your camera to capture photos or select from your library  Draw the outline of the sticker with your finger  Add text and drawings to your stickers  Scale stickers to the perfect size  Add stickers to WhatsApp  Add stickers to Gboard and use them everywhere  Cut out fixed shapes  Combine stickers for the ultimate laugh ",
"desc_perms" : "['android.permission.READ_EXTERNAL_STORAGE', 'android.permission.ACCESS_WIFI_STATE', 'android.permission.ACCESS_NETWORK_STATE', 'android.permission.CAMERA', 'android.permission.INTERNET', 'android.permission.WRITE_CONTACTS', 'android.permission.READ_CONTACTS', 'android.permission.WRITE_EXTERNAL_STORAGE']",
"manifest_perms" : "['android.permission.ACCESS_COARSE_LOCATION', 'android.permission.READ_EXTERNAL_STORAGE', 'com.google.android.finsky.permission.BIND_GET_INSTALL_REFERRER_SERVICE', 'android.permission.ACCESS_NETWORK_STATE', 'android.permission.CAMERA', 'android.permission.INTERNET', 'android.permission.WAKE_LOCK', 'com.whatsapp.sticker.READ', 'android.permission.ACCESS_FINE_LOCATION', 'android.permission.FOREGROUND_SERVICE', 'com.android.vending.BILLING', 'android.permission.WRITE_EXTERNAL_STORAGE', 'com.google.android.c2dm.permission.RECEIVE']",
"perms_with_call" : "['android.permission.ACCESS_COARSE_LOCATION', 'android.permission.ACCESS_NETWORK_STATE', 'android.permission.WAKE_LOCK', 'android.permission.BROADCAST_STICKY', 'android.permission.ACCESS_FINE_LOCATION', 'android.permission.GET_TASKS']" 
"extra_perms" : "['android.permission.ACCESS_COARSE_LOCATION', 'com.whatsapp.sticker.READ', 'com.android.vending.BILLING', 'android.permission.ACCESS_FINE_LOCATION']",
}