{
"name" : "PingMe - Second Phone Number Call & Text",
"url" : "https://play.google.com/store/apps/details?id=tel.pingme",
"package" : "tel.pingme",
"category" : "Communication",
"description" : "Grow your global connections! Call anyone living anywhere in the world by using your virtual number. Create as many social accounts as you want, run your business like a pro or travel the world without any interruption! Make cheap international calls and manage your contact information by using a 2nd phone number. Get international number from dozens of countries spread globally.   Try PingMe today!  Get Your Private Number  Take a break from the hassle of managing everything using a single phone number. Now, you can get a 2nd sim number on second sim and use it for various purposes. Enjoy flowy connections and make impressive international today!  Cheap International Calls  Use our cloud based sim to get your international number and use it to make affordable international calls. We are offering exceptionally low calling rates for dozens of countries in the world. Call your friends and family and enjoy the best quality VOIP calling without risking your budget or privacy.  Multiple Uses  Are you an entrepreneur willing to expand your global network? How about managing queries and calls sourced from multiple viewers on classified ads from a single app? Want to travel the world without losing connectivity? Or would you rather keep your dating partners phone number connected to your virtual sim? No matter what kind of desire you have, this stellar app is versatile enough to meet your 2nd phone number needs. Grow your connections and become a pro at managing connections with this amazing app.  How to Use PingMe  Second Phone Number:  Download and launch the app  Choose a private number package to get your 2nd phone number  Use your international number to make cheap international calls  Use your virtual sim for OTP authentication  Manage calls, SMS and MMS from within the app  Make local calls at cheap pricing  Grow your connectivity without any hassle!  Features of PingMe  Second Phone Number:  Simple and easy virtual sim number app UI/UX  Clean layout and smooth app controls  Get your virtual phone number to make international calls  Protect your safety and privacy by using the private number  Make as many social accounts as you want using multiple numbers  Use virtual phone number to for OTP verification and receive calls  Customized voice call messages and greetings available for every number  Cloud based virtual number app for smooth connectivity  Best call connection  no interruption and no voice jitter  Safe and discrete phone number app for lots of different users  Extremely affordable pricing for new and old users  Occasional promos to make foreign calls cheaply  Manage calls, send SMS and MMS on multiple number lines from a single app  Round the clock caller and customer support  100% transparent pricing  No hidden fees and no extra caller charges  Highly moderated multiple phone number app for entrepreneurs, dating partners and advertisers etc.  Would you like to enjoy unlimited calls and connectivity across the world using multiple numbers? If your answer is yes, this app is the perfect solution for you. Make calls locally and internationally and manage everything right from a single app. Download and use PingMe  Second Phone Number today! ",
"desc_perms" : "['android.permission.READ_EXTERNAL_STORAGE', 'android.permission.ACCESS_NETWORK_STATE', 'android.permission.ACCESS_WIFI_STATE', 'android.permission.READ_PHONE_STATE', 'android.permission.GET_ACCOUNTS', 'android.permission.INTERNET', 'android.permission.MODIFY_AUDIO_SETTINGS', 'android.permission.CALL_PHONE', 'android.permission.RECORD_AUDIO', 'android.permission.READ_CONTACTS', 'android.permission.WRITE_EXTERNAL_STORAGE']",
"manifest_perms" : "['com.google.android.finsky.permission.BIND_GET_INSTALL_REFERRER_SERVICE', 'android.permission.READ_EXTERNAL_STORAGE', 'android.permission.VIBRATE', 'android.permission.SYSTEM_ALERT_WINDOW', 'tel.pingme.push.permission.MESSAGE', 'android.permission.CHANGE_NETWORK_STATE', 'android.permission.READ_PHONE_STATE', 'tel.pingme.permission.PROCESS_PUSH_MSG', 'android.permission.CHANGE_WIFI_STATE', 'android.permission.RESTART_PACKAGES', 'android.permission.BROADCAST_PACKAGE_INSTALL', 'android.permission.GET_TASKS', 'android.permission.LOCAL_MAC_ADDRESS', 'android.permission.READ_CONTACTS', 'android.permission.WRITE_EXTERNAL_STORAGE', 'com.google.android.c2dm.permission.RECEIVE', 'android.permission.DISABLE_KEYGUARD', 'com.meizu.flyme.push.permission.RECEIVE', 'tel.pingme.permission.CONFIGURE_SIP', 'android.permission.WRITE_SETTINGS', 'android.permission.ACCESS_WIFI_STATE', 'android.permission.BROADCAST_PACKAGE_ADDED', 'android.permission.REQUEST_INSTALL_PACKAGES', 'android.permission.WAKE_LOCK', 'android.permission.BROADCAST_PACKAGE_CHANGED', 'android.permission.MODIFY_AUDIO_SETTINGS', 'android.permission.BLUETOOTH', 'android.permission.READ_PROFILE', 'android.permission.BROADCAST_PACKAGE_REPLACED', 'com.android.vending.BILLING', 'android.permission.ACCESS_COARSE_LOCATION', 'android.permission.GET_ACCOUNTS', 'tel.pingme.permission.USE_SIP', 'android.permission.RECORD_AUDIO', 'tel.pingme.permission.C2D_MESSAGE', 'android.permission.BLUETOOTH_ADMIN', 'android.permission.ACCESS_NETWORK_STATE', 'android.permission.RECEIVE_BOOT_COMPLETED', 'android.permission.INTERNET', 'android.permission.BROADCAST_STICKY', 'android.permission.FOREGROUND_SERVICE', 'android.permission.MEDIA_CONTENT_CONTROL', 'com.meizu.c2dm.permission.RECEIVE', 'android.permission.SYSTEM_OVERLAY_WINDOW']",
"perms_with_call" : "['android.permission.ACCESS_COARSE_LOCATION', 'android.permission.ACCESS_NETWORK_STATE', 'android.permission.ACCESS_WIFI_STATE', 'android.permission.CHANGE_NETWORK_STATE', 'android.permission.READ_PHONE_STATE', 'android.permission.WAKE_LOCK', 'android.permission.CHANGE_WIFI_STATE', 'android.permission.BROADCAST_STICKY', 'android.permission.ACCESS_FINE_LOCATION', 'android.permission.MODIFY_AUDIO_SETTINGS', 'android.permission.GET_TASKS', 'android.permission.BLUETOOTH', 'android.permission.DISABLE_KEYGUARD', 'android.permission.USE_SIP']" 
"extra_perms" : "['android.permission.ACCESS_COARSE_LOCATION', 'android.permission.SYSTEM_ALERT_WINDOW', 'tel.pingme.push.permission.MESSAGE', 'tel.pingme.permission.PROCESS_PUSH_MSG', 'android.permission.RESTART_PACKAGES', 'tel.pingme.permission.USE_SIP', 'android.permission.BROADCAST_PACKAGE_INSTALL', 'android.permission.ACCESS_FINE_LOCATION', 'android.permission.LOCAL_MAC_ADDRESS', 'android.permission.DISABLE_KEYGUARD', 'com.meizu.flyme.push.permission.RECEIVE', 'tel.pingme.permission.CONFIGURE_SIP', 'android.permission.BROADCAST_PACKAGE_ADDED', 'android.permission.BROADCAST_PACKAGE_CHANGED', 'android.permission.MEDIA_CONTENT_CONTROL', 'android.permission.BROADCAST_PACKAGE_REPLACED', 'com.android.vending.BILLING', 'com.meizu.c2dm.permission.RECEIVE', 'android.permission.SYSTEM_OVERLAY_WINDOW', 'android.permission.USE_SIP']",
}