{
"name" : "Thuraya WE",
"url" : "https://play.google.com/store/apps/details?id=thuraya.cioffi",
"package" : "thuraya.cioffi",
"category" : "Communication",
"description" : "Staying connected is a priority. Its at the heart of your social identity and self-expression. Its how you reach out to your family and closest friends, to share with them your experiences and news. We at Thuraya understand this fundamental need, and thats why we have been evolving and advancing our data products throughout the years to meet this ever-growing global demand for wireless data connectivity. Thuraya WE was developed to converge satellite with terrestrial communications. It is the worlds first dual mode Satellite & LTE hotspot that keeps you in contact with your family and friends all the time, no matter where you are.  Thuraya WE allows you to automatically switch between Satellite and GSM networks with a click of a button using the Thuraya WE mobile app and web interface. With Thuraya WE, you can transform any area into a Wi-Fi hotspot, and allow up to 10 smart devices to connect and share internet within a range of 30m or more. ",
"desc_perms" : "['android.permission.ACCESS_COARSE_LOCATION', 'android.permission.ACCESS_WIFI_STATE', 'android.permission.ACCESS_NETWORK_STATE', 'android.permission.INTERNET', 'android.permission.GET_ACCOUNTS', 'android.permission.READ_CONTACTS']",
"manifest_perms" : "['android.permission.VIBRATE', 'android.permission.ACCESS_WIFI_STATE', 'android.permission.ACCESS_NETWORK_STATE', 'android.permission.READ_CONTACTS', 'android.permission.CHANGE_NETWORK_STATE', 'android.permission.REQUEST_IGNORE_BATTERY_OPTIMIZATIONS', 'android.permission.INTERNET', 'android.permission.WAKE_LOCK', 'android.permission.CHANGE_WIFI_STATE', 'android.permission.MODIFY_AUDIO_SETTINGS', 'android.permission.BLUETOOTH', 'android.permission.RECORD_AUDIO', 'android.permission.WRITE_EXTERNAL_STORAGE']",
"perms_with_call" : "['android.permission.ACCESS_COARSE_LOCATION', 'android.permission.ACCESS_NETWORK_STATE', 'android.permission.ACCESS_WIFI_STATE', 'android.permission.WAKE_LOCK', 'android.permission.CHANGE_WIFI_STATE', 'android.permission.BROADCAST_STICKY', 'android.permission.ACCESS_FINE_LOCATION', 'android.permission.BLUETOOTH', 'android.permission.GET_TASKS', 'android.permission.MODIFY_AUDIO_SETTINGS', 'android.permission.USE_FINGERPRINT']" 
"extra_perms" : "['android.permission.ACCESS_COARSE_LOCATION', 'android.permission.MODIFY_AUDIO_SETTINGS', 'android.permission.REQUEST_IGNORE_BATTERY_OPTIMIZATIONS', 'android.permission.WRITE_EXTERNAL_STORAGE', 'android.permission.RECORD_AUDIO', 'android.permission.ACCESS_FINE_LOCATION']",
}