{
"name" : "AutoResponder for WA - Auto Reply Bot",
"url" : "https://play.google.com/store/apps/details?id=tkstudio.autoresponderforwa",
"package" : "tkstudio.autoresponderforwa",
"category" : "Communication",
"description" : "Automatically respond to custom received WhatsApp or WA Business messages with this chat bot. You have a lot of settings to customize each auto reply for your needs. Download now for free and amaze your friends or clients with your own bot!  FEATURES & ADVANTAGES:  Auto-reply to WhatsApp or WA Business  Individually customizable  Many automation tools included  React to all messages when youre busy  Send replies to specific messages  Welcome message for new chats *  Live answer replacements (location*, time, name...)  Multiple replies in one rule *  Works with contacts, groups and unknown numbers  Ignore and specify contacts and groups  Automatic scheduler with delay  AI with Dialogflow.com (formerly api.ai) *  Working as a Tasker plugin (Tasker is an automation tool) *  Backup rules for easy recovery  Not updating your last seen / online status  Personal agent for your small business  Almost everything is possible with this bot!  This tool is still in beta, many more features will follow!  COMING SOON:  Font styles (bold, italic, strikethrough)  Widget  Driving mode   tkstudio@web.de  Download NOW for free - Create the BEST EXPERIENCE for your contacts!  This app is NO fake. Just try it!  Tips & tricks: Emojis can be used by copying them from WhatsApp or adding them with your keyboard directly. Pictures and sticker, videos or any other media files cant be sent.  Note: Update WhatsApp messenger to the latest version if the bot doesnt work for you. In case the beta update doesnt work anymore, please contact me. Doesnt work with WhatsApp web and tablet apps. Dual/Clone WA apps can work, depending on how they operate. Works with WhatsApp Business.  Notification access: This tool doesnt directly access WA, it replies to notifications. Location permission: Possibility to auto reply with current location.  * Pro required  Since this tool only uses a native Android API, errors can never be completely ruled out.  This app is NOT affiliated with WhatsApp. WhatsApp is a registered Trademark of WhatsApp Inc.  Legal notice: goo.gl/8qQ7DG ",
"desc_perms" : "['android.permission.READ_EXTERNAL_STORAGE', 'android.permission.INTERNET', 'android.permission.ACCESS_NETWORK_STATE']",
"manifest_perms" : "['android.permission.ACCESS_COARSE_LOCATION', 'android.permission.READ_EXTERNAL_STORAGE', 'com.google.android.finsky.permission.BIND_GET_INSTALL_REFERRER_SERVICE', 'android.permission.ACCESS_NETWORK_STATE', 'android.permission.ACCESS_BACKGROUND_LOCATION', 'android.permission.INTERNET', 'android.permission.WAKE_LOCK', 'android.permission.ACCESS_FINE_LOCATION', 'com.huawei.permission.external_app_settings.USE_COMPONENT', 'com.android.vending.BILLING', 'android.permission.WRITE_EXTERNAL_STORAGE', 'com.google.android.c2dm.permission.RECEIVE', 'oppo.permission.OPPO_COMPONENT_SAFE']",
"perms_with_call" : "['android.permission.ACCESS_COARSE_LOCATION', 'android.permission.ACCESS_NETWORK_STATE', 'android.permission.WAKE_LOCK', 'android.permission.BROADCAST_STICKY', 'android.permission.ACCESS_FINE_LOCATION', 'android.permission.BLUETOOTH', 'android.permission.GET_TASKS', 'android.permission.USE_FINGERPRINT']" 
"extra_perms" : "['android.permission.ACCESS_COARSE_LOCATION', 'oppo.permission.OPPO_COMPONENT_SAFE', 'com.android.vending.BILLING', 'com.huawei.permission.external_app_settings.USE_COMPONENT', 'android.permission.WRITE_EXTERNAL_STORAGE', 'android.permission.ACCESS_BACKGROUND_LOCATION', 'android.permission.ACCESS_FINE_LOCATION']",
}