{
"name" : "NateOn UC",
"url" : "https://play.google.com/store/apps/details?id=Uxpp.UC",
"package" : "Uxpp.UC",
"category" : "Communication",
"description" : "NateOn UC is all about mobile life. You can send instant messages, SMS, e-mail, whatever you want to send. Moreover, you can manage your scattered contact list simply at one point.  NateOn UC is free to download. Copyright  SK Communications. All rights reserved. ",
"desc_perms" : "['android.permission.ACCESS_NETWORK_STATE', 'android.permission.INTERNET', 'android.permission.SEND_SMS', 'android.permission.READ_EXTERNAL_STORAGE']",
"manifest_perms" : "['com.google.android.finsky.permission.BIND_GET_INSTALL_REFERRER_SERVICE', 'android.permission.VIBRATE', 'android.permission.SYSTEM_ALERT_WINDOW', 'android.permission.READ_PHONE_STATE', 'android.permission.CHANGE_WIFI_STATE', 'android.permission.GET_TASKS', 'android.permission.READ_CONTACTS', 'android.permission.WRITE_EXTERNAL_STORAGE', 'com.google.android.c2dm.permission.RECEIVE', 'android.permission.DISABLE_KEYGUARD', 'com.android.launcher.permission.INSTALL_SHORTCUT', 'android.permission.ACCESS_WIFI_STATE', 'com.motorola.launcher.permission.INSTALL_SHORTCUT', 'android.permission.WAKE_LOCK', 'android.permission.USE_FINGERPRINT', 'android.permission.RECORD_AUDIO', 'com.android.launcher.permission.UNINSTALL_SHORTCUT', 'com.samsung.android.providers.context.permission.WRITE_USE_APP_FEATURE_SURVEY', 'android.permission.ACCESS_NETWORK_STATE', 'android.permission.RECEIVE_BOOT_COMPLETED', 'android.permission.CAMERA', 'android.permission.INTERNET', 'Uxpp.UC.permission.C2D_MESSAGE', 'android.permission.WRITE_CONTACTS']",
"perms_with_call" : "['android.permission.ACCESS_COARSE_LOCATION', 'android.permission.ACCESS_NETWORK_STATE', 'android.permission.ACCESS_WIFI_STATE', 'android.permission.CHANGE_NETWORK_STATE', 'android.permission.WAKE_LOCK', 'android.permission.BROADCAST_STICKY', 'android.permission.ACCESS_FINE_LOCATION', 'android.permission.BLUETOOTH', 'android.permission.GET_TASKS', 'android.permission.USE_FINGERPRINT']" 
"extra_perms" : "['android.permission.ACCESS_COARSE_LOCATION', 'com.samsung.android.providers.context.permission.WRITE_USE_APP_FEATURE_SURVEY', 'android.permission.SYSTEM_ALERT_WINDOW', 'android.permission.ACCESS_WIFI_STATE', 'android.permission.READ_PHONE_STATE', 'android.permission.CAMERA', 'com.motorola.launcher.permission.INSTALL_SHORTCUT', 'android.permission.ACCESS_FINE_LOCATION', 'android.permission.WRITE_CONTACTS', 'android.permission.RECORD_AUDIO', 'android.permission.READ_CONTACTS', 'android.permission.WRITE_EXTERNAL_STORAGE', 'android.permission.DISABLE_KEYGUARD']",
}