{
"name" : "Phone + Contacts and Calls",
"url" : "https://play.google.com/store/apps/details?id=v.d.d.answercall",
"package" : "v.d.d.answercall",
"category" : "Communication",
"description" : "Phone + a simple contact management and personalization of incoming and outgoing calls. We have developed and are constantly adding threads to replace the boring, standard calls.  PROTECT YOUR CONTACTS In addition to the fact that your calls will become more attractive, Phone + protects your data thanks to an integrated system backup and synchronization. Easily backup your contacts and call history, so that they always remain with you!  CUSTOMISATION In addition, Phone + is something that belongs to you and that you can adjust by itself. Your contacts will never be disclosed or sent to a third party. You can choose different themes and options that are convenient for you!  PROPERTIES + ID subscriber + Backup Contacts and Call History + Fast action with calls + Compound double contacts + Fast Set + Photos contact is displayed on the screen. (HD) Support + select the standard picture of the unknown phone number. + Now you can set the phone previously recorded video greeting! + If you are not satisfied with the standard size photo of the contact, do not install any problem from the gallery or take a picture of a camera. + Flash when calling  CONTACT US: We would like to know what you think: caller.fug@gmail.com ",
"desc_perms" : "['android.permission.CAMERA', 'android.permission.WRITE_EXTERNAL_STORAGE', 'android.permission.READ_EXTERNAL_STORAGE']",
"manifest_perms" : "['android.permission.READ_EXTERNAL_STORAGE', 'android.permission.VIBRATE', 'android.permission.SYSTEM_ALERT_WINDOW', 'android.permission.ANSWER_PHONE_CALLS', 'android.permission.READ_PHONE_STATE', 'android.permission.ANSWER_PHONE', 'android.permission.AUTHENTICATE_ACCOUNTS', 'android.permission.CHANGE_WIFI_STATE', 'android.permission.READ_CALL_LOG', 'android.permission.READ_CONTACTS', 'android.permission.WRITE_EXTERNAL_STORAGE', 'android.permission.DISABLE_KEYGUARD', 'android.intent.action.HEADSET_PLUG', 'android.permission.ACCESS_WIFI_STATE', 'android.permission.MANAGE_ACCOUNTS', 'android.permission.WRITE_SETTINGS', 'android.permission.MODIFY_PHONE_STATE', 'android.permission.WAKE_LOCK', 'android.permission.CAPTURE_AUDIO_OUTPUT', 'android.permission.PROCESS_OUTGOING_CALLS', 'android.permission.MODIFY_AUDIO_SETTINGS', 'android.permission.CALL_PHONE', 'android.permission.BLUETOOTH', 'android.permission.CALL_PRIVILEGED', 'android.permission.USE_FINGERPRINT', 'com.android.vending.BILLING', 'android.permission.WRITE_CALL_LOG', 'android.permission.GET_ACCOUNTS', 'android.permission.BIND_NOTIFICATION_LISTENER_SERVICE', 'android.permission.SEND_SMS', 'android.permission.RECORD_AUDIO', 'android.permission.FLASHLIGHT', 'com.samsung.android.providers.context.permission.WRITE_USE_APP_FEATURE_SURVEY', 'android.permission.ACCESS_NETWORK_STATE', 'android.permission.RECEIVE_BOOT_COMPLETED', 'android.permission.CAMERA', 'android.permission.INTERNET', 'android.permission.BROADCAST_STICKY', 'android.permission.FOREGROUND_SERVICE', 'android.permission.WRITE_CONTACTS']",
"perms_with_call" : "['android.permission.ACCESS_COARSE_LOCATION', 'android.permission.ACCESS_NETWORK_STATE', 'android.permission.ACCESS_WIFI_STATE', 'android.permission.CHANGE_NETWORK_STATE', 'android.permission.WAKE_LOCK', 'android.permission.BROADCAST_STICKY', 'android.permission.ACCESS_FINE_LOCATION', 'android.permission.MODIFY_AUDIO_SETTINGS', 'android.permission.GET_TASKS', 'android.permission.BLUETOOTH', 'android.permission.USE_FINGERPRINT']" 
"extra_perms" : "['android.permission.ACCESS_COARSE_LOCATION', 'android.permission.SYSTEM_ALERT_WINDOW', 'android.permission.ANSWER_PHONE_CALLS', 'android.permission.READ_PHONE_STATE', 'android.permission.ANSWER_PHONE', 'android.permission.WRITE_CALL_LOG', 'android.permission.GET_ACCOUNTS', 'android.permission.BIND_NOTIFICATION_LISTENER_SERVICE', 'android.permission.SEND_SMS', 'android.permission.ACCESS_FINE_LOCATION', 'android.permission.READ_CALL_LOG', 'android.permission.WRITE_CONTACTS', 'android.permission.RECORD_AUDIO', 'android.permission.READ_CONTACTS', 'android.permission.DISABLE_KEYGUARD', 'android.intent.action.HEADSET_PLUG', 'com.samsung.android.providers.context.permission.WRITE_USE_APP_FEATURE_SURVEY', 'android.permission.ACCESS_WIFI_STATE', 'android.permission.ACCESS_NETWORK_STATE', 'android.permission.MODIFY_PHONE_STATE', 'android.permission.INTERNET', 'android.permission.CAPTURE_AUDIO_OUTPUT', 'android.permission.MODIFY_AUDIO_SETTINGS', 'android.permission.PROCESS_OUTGOING_CALLS', 'android.permission.CALL_PHONE', 'android.permission.CALL_PRIVILEGED', 'com.android.vending.BILLING']",
}