{
"name" : "Copiosus P2P Chat",
"url" : "https://play.google.com/store/apps/details?id=verbosus.copiosus",
"package" : "verbosus.copiosus",
"category" : "Communication",
"description" : "Copiosus is just another P2P chat application.  This software is provided as is without warranties or conditions of any kind, either expressed or implied.  Please download this app only if: - You care about security. - You dont care about a beautiful UI. - You like to try alternative chat apps.  Lame features: - Send messages. - Send files and images. - Block users.  Other features: - End-to-end encryption using an asymmetric key. - Improved end-to-end security using a security key as a second factor which encrypts data using a shared symmetric key. - Minimal privileges required. - No in app purchases. - No ads.  How does end-to-end encryption work in this app: 1. Whenever you send a message M a random symmetric key R is generated 2. R is encrypted using the asymmetric (public) key of the other user resulting in A 3. M is encrypted with R resulting in N 4. If security key S is set: N is encrypted by S 5. N and A is sent to the destination ",
"desc_perms" : "['android.permission.READ_EXTERNAL_STORAGE', 'android.permission.ACCESS_WIFI_STATE', 'android.permission.ACCESS_NETWORK_STATE', 'android.permission.INTERNET', 'android.permission.WRITE_EXTERNAL_STORAGE']",
"manifest_perms" : "['com.google.android.finsky.permission.BIND_GET_INSTALL_REFERRER_SERVICE', 'android.permission.READ_EXTERNAL_STORAGE', 'android.permission.ACCESS_NETWORK_STATE', 'android.permission.INTERNET', 'android.permission.WAKE_LOCK', 'android.permission.FOREGROUND_SERVICE', 'android.permission.MODIFY_AUDIO_SETTINGS', 'android.permission.RECORD_AUDIO', 'android.permission.WRITE_EXTERNAL_STORAGE', 'com.google.android.c2dm.permission.RECEIVE', 'android.permission.DISABLE_KEYGUARD']",
"perms_with_call" : "['android.permission.ACCESS_COARSE_LOCATION', 'android.permission.ACCESS_NETWORK_STATE', 'android.permission.WAKE_LOCK', 'android.permission.BROADCAST_STICKY', 'android.permission.ACCESS_FINE_LOCATION', 'android.permission.MODIFY_AUDIO_SETTINGS', 'android.permission.GET_TASKS', 'android.permission.BLUETOOTH', 'android.permission.USE_FINGERPRINT']" 
"extra_perms" : "['android.permission.ACCESS_COARSE_LOCATION', 'android.permission.MODIFY_AUDIO_SETTINGS', 'android.permission.RECORD_AUDIO', 'android.permission.DISABLE_KEYGUARD', 'android.permission.ACCESS_FINE_LOCATION']",
}