{
"name" : "Translator Women's Voice",
"url" : "https://play.google.com/store/apps/details?id=br.com.escolhatecnologia.voztradutor",
"package" : "br.com.escolhatecnologia.voztradutor",
"category" : "Comics",
"description" : "Application that makes reading using the voice of the translator woman, generating an audio voice that can be shared with your friends. For example you can send the audio with the voice of the translators woman to your friends on WhatsApp   Best and funny text to voice tts app  Very fast  You can share audio with your friends  Unlimited text/voice  Male and Female voices  Text to Speech for books, texts, article, news.  Share audio with all your family and friends ",
"desc_perms" : "['android.permission.INTERNET', 'android.permission.ACCESS_WIFI_STATE', 'android.permission.WRITE_CONTACTS', 'android.permission.READ_CONTACTS', 'android.permission.SEND_SMS', 'android.permission.ACCESS_NETWORK_STATE', 'android.permission.GET_ACCOUNTS']",
"manifest_perms" : "['com.huawei.android.launcher.permission.WRITE_SETTINGS', 'com.sec.android.provider.badge.permission.WRITE', 'com.amazon.device.messaging.permission.RECEIVE', 'br.com.escolhatecnologia.voztradutor.permission.C2D_MESSAGE', 'com.anddoes.launcher.permission.UPDATE_COUNT', 'android.permission.READ_APP_BADGE', 'com.majeur.launcher.permission.UPDATE_BADGE', 'com.sonyericsson.home.permission.BROADCAST_BADGE', 'com.sonymobile.home.permission.PROVIDER_INSERT_BADGE', 'android.permission.ACCESS_NETWORK_STATE', 'com.google.android.c2dm.permission.RECEIVE', 'android.permission.VIBRATE', 'com.sec.android.provider.badge.permission.READ', 'android.permission.MODIFY_AUDIO_SETTINGS', 'android.permission.RECORD_AUDIO', 'android.permission.READ_PHONE_STATE', 'android.permission.WRITE_EXTERNAL_STORAGE', 'com.huawei.android.launcher.permission.CHANGE_BADGE', 'com.htc.launcher.permission.READ_SETTINGS', 'com.oppo.launcher.permission.READ_SETTINGS', 'com.oppo.launcher.permission.WRITE_SETTINGS', 'android.permission.WAKE_LOCK', 'android.permission.INTERNET', 'android.permission.READ_EXTERNAL_STORAGE', 'me.everything.badger.permission.BADGE_COUNT_READ', 'android.permission.ACCESS_COARSE_LOCATION', 'com.htc.launcher.permission.UPDATE_SHORTCUT', 'android.permission.ACCESS_FINE_LOCATION', 'com.huawei.android.launcher.permission.READ_SETTINGS', 'br.com.escolhatecnologiavozmulherdotradutor.permission.RECEIVE_ADM_MESSAGE', 'android.permission.RECEIVE_BOOT_COMPLETED', 'me.everything.badger.permission.BADGE_COUNT_WRITE']",
"perms_with_call" : "['android.permission.WAKE_LOCK', 'android.permission.BROADCAST_STICKY', 'android.permission.BLUETOOTH', 'android.permission.USE_FINGERPRINT', 'android.permission.GET_TASKS', 'android.permission.ACCESS_NETWORK_STATE']" 
"extra_perms" : "['android.permission.RECORD_AUDIO', 'android.permission.READ_PHONE_STATE', 'android.permission.READ_EXTERNAL_STORAGE', 'android.permission.ACCESS_COARSE_LOCATION', 'android.permission.ACCESS_FINE_LOCATION', 'br.com.escolhatecnologiavozmulherdotradutor.permission.RECEIVE_ADM_MESSAGE', 'android.permission.MODIFY_AUDIO_SETTINGS', 'android.permission.WRITE_EXTERNAL_STORAGE']",
}