{
"name" : "Free Hindi Comics- рдкреНрд░рддрд┐рд▓рд┐рдкрд┐ рдХреЙрдорд┐рдХреНрд╕",
"url" : "https://play.google.com/store/apps/details?id=com.pratilipi.comics",
"package" : "com.pratilipi.comics",
"category" : "Comics",
"description" : "Pratilipi, Indias largest digital storytelling platform presents Pratilipi Comics.  Pratilipi Comics is the most popular comic-reading platform in India.   Find thousands of Hindi Comic Books across all genres - science fiction, fantasy, action/adventure, horror, humor, romance on the app. Download it today to start reading for free   Read Anywhere. Anytime.  On your way to the office, on your break, in your bed Pratilipi Comics App puts millions of comics in Indian languages at your fingertips. Pratilipi Comics has the perfect blend of classic old and the new-age Comics.   There is no need to go on a hunt for all your favorite classic comic strips now when you can find them at the tap of your finger on the Pratilipi Comics app. Install the app and take a trip back to your past, reading Chacha Chaudhary, Billoo, Pinki, Tenaliram, Motu Patlu, Shaktiman a lot more.   Yes, all this is free!  Curate a collection of the comics you have read. Download the comics on your Android phones to read anywhere and anytime without the worry of carrying books or paying a single paisa...Yes all this is free!  Awesome Features  1. Read on the go - anytime anywhere 2. Download and read offline 3. Subscribe for the next episodes 4. Share a story with friends - build community 5. Continue reading from where you left off - seamless experience 6. Get personalised recommendations to read everyday 7. Rate and review a story after reading - make the community better   Top Comics Available  Chacha Chaudhary -   Billoo -  Pinki -  Tenaliram -  Shaktiman -  Motu Patlu -   13 Days - 13  Rikshawale -  Yug -  Footsteps -  The Adventures of Chudail -     Agniputra Abhay -   Dashavatar -  Vikram Betal -    How to get started with Pratilipi Comics  Download the free Pratilipi Comics app  Read popular genres. Save your favourites in your own library  This is completely FREE, no payment details required  Join Pratilipi - Make the world a better place, one read at a time. ",
"desc_perms" : "['android.permission.READ_PHONE_STATE', 'android.vending.BILLING', 'android.permission.WRITE_CONTACTS', 'android.permission.ACCESS_NETWORK_STATE', 'android.permission.ACCESS_WIFI_STATE', 'android.permission.WRITE_EXTERNAL_STORAGE', 'android.permission.INTERNET']",
"manifest_perms" : "['com.google.android.finsky.permission.BIND_GET_INSTALL_REFERRER_SERVICE', 'android.permission.READ_PHONE_STATE', 'android.permission.READ_EXTERNAL_STORAGE', 'com.google.android.c2dm.permission.RECEIVE', 'android.permission.ACCESS_NETWORK_STATE', 'android.permission.WAKE_LOCK', 'android.permission.WRITE_EXTERNAL_STORAGE', 'android.permission.FOREGROUND_SERVICE', 'android.permission.INTERNET']",
"perms_with_call" : "['android.permission.BROADCAST_STICKY', 'android.permission.ACCESS_COARSE_LOCATION', 'android.permission.ACCESS_FINE_LOCATION', 'android.permission.ACCESS_NETWORK_STATE', 'android.permission.BLUETOOTH', 'android.permission.GET_TASKS', 'android.permission.WAKE_LOCK']" 
"extra_perms" : "['android.permission.READ_EXTERNAL_STORAGE', 'android.permission.ACCESS_COARSE_LOCATION', 'android.permission.ACCESS_FINE_LOCATION']",
}