{
"name" : "CLZ Comics - Comic Database",
"url" : "https://play.google.com/store/apps/details?id=com.collectorz.javamobile.android.comics",
"package" : "com.collectorz.javamobile.android.comics",
"category" : "Comics",
"description" : "Catalog your comic collection with ease. Just scan barcodes with your camera and automatically get full comic details and cover art.  Subscription: $14.99 per year / free 7-day trial  Use our CLZ Core service to easily add comics, either by: 1. scanning comic barcodes with your device camera. 2. searching our online comic database by series title. * CLZ Core will automatically give you cover art and full comic details, like Series, Issue Nr, Publisher, creator lists, character lists, etc...   Use our CLZ Cloud service to: * Share your app subscription to other mobile devices, without paying again. * Sync your comic database between devices (e.g. your phones and tablets). * View and share your comic list online, using the CLZ Cloud viewer website. * Always have an online cloud-backup of your collection database. * Sync data to/from our Comic Collector or Comic Connect software (separate subscription).  Other app features: * Get comic prices from GoCollect.com (values based on slabbed & graded comics!) * Keep track of your collection and your wish list. * Edit comics to add more details, like storage box, grade, grader notes, etc.. * Cant find your comic in CLZ Core? No problem, just use Add Manually from the menu. * Group comics into folders, e.g. by series, publisher, grade, etc... * Sort comic lists by series, issue number, value, purchase date, etc... * View your collection as a list or as a cover wall.   * Questions or concerns? Just contact us! *  We love to hear your feedback, we are here to help with any problems or concerns. In the app, tap the menu icon top left, then choose Contact Support.   * Subscription pricing *  CLZ Comics is a subscription app: * $1.49 per month, when paying monthly or * $14.99 per year, when paying yearly (~ $1.25 per month)  The subscription lets you: * use the app on multiple phones and tablets * access our CLZ Core online comic database, for comic details and cover art * use our CLZ Cloud system, for syncing between devices, backups and online sharing * use our excellent customer support by email, 7 days a week * download our regular app updates with new features and improvements  You can start a 7-day free trial from the apps start-up screen. The free trial automatically continues into the subscription of your choice (monthly or yearly). You can cancel your subscription anytime through the App Store. ",
"desc_perms" : "['android.permission.CALL_PHONE', 'android.permission.WRITE_EXTERNAL_STORAGE', 'android.vending.BILLING', 'android.permission.ACCESS_NETWORK_STATE', 'android.permission.CAMERA', 'android.permission.INTERNET', 'android.permission.ACCESS_WIFI_STATE', 'android.permission.READ_PHONE_STATE']",
"manifest_perms" : "['android.permission.VIBRATE', 'android.permission.READ_EXTERNAL_STORAGE', 'android.permission.WRITE_EXTERNAL_STORAGE', 'android.permission.WAKE_LOCK', 'android.permission.CAMERA', 'android.permission.ACCESS_NETWORK_STATE', 'com.android.vending.BILLING', 'android.permission.INTERNET', 'android.permission.ACCESS_WIFI_STATE', 'android.permission.CHANGE_WIFI_STATE']",
"perms_with_call" : "['android.permission.BROADCAST_STICKY', 'android.permission.ACCESS_COARSE_LOCATION', 'android.permission.ACCESS_FINE_LOCATION', 'android.permission.WAKE_LOCK', 'android.permission.ACCESS_NETWORK_STATE', 'android.permission.ACCESS_WIFI_STATE', 'android.permission.CHANGE_WIFI_STATE']" 
"extra_perms" : "['android.permission.ACCESS_COARSE_LOCATION', 'com.android.vending.BILLING', 'android.permission.READ_EXTERNAL_STORAGE', 'android.permission.ACCESS_FINE_LOCATION']",
}