{
"name" : "Counter Terrorist Attack",
"url" : "https://play.google.com/store/apps/details?id=com.bb.counter.terrorist.strike",
"package" : "com.bb.counter.terrorist.strike",
"category" : "Comics",
"description" : "Fps shooting games are arranging new anti terrorist missions for players to make them ready to deal with such kind of counter terrorist attack 2019 in an effective manner. Get all real incidents by assuming the real role of counter terrorist gun shooter to control all activities of terrorists of offline shooting games. This new gun shoot strike is real test of your bravery in which you have to make show of shooting skills to win all levels of current shooter terrorist game. Prepare yourself for free elite shooting games by going through all levels of this new part of commando shooting games in convincing and commanding manner of extreme gun shooting games.  Try to make advance movements of fps fighter games to teach all terror agents of army shooting games real lesson during your progress in anti terrorism shooter strike. Take this special strike more than formal police gun strike of gun attack games as you have to come across with large number of severe terrorists of fire shooting games at this new junction of best shooting games. Take all possible cares to save your life in critical gun shoot strike of frontline shooting games by using all basic safety measures of sniper shooter & 3d game. Make quick and bold decisions of survival games offline to be in commanding position over your rival forces in critical police strike. Make sure that you are at right spot in present military commando strike of sniper shooting games. Dont leave any doubt in bringing desired results of current police counter terrorist strike of sniper games. Make most of this new occasion of top sniper games 2019 to launch you as top level contester of fps action games by acting more than an expert fps shooter of shooting games. Chase your enemies deep to their hideouts in military attack gun battle to take this novel shooting strike toward its ultimate ending of terrorist shooting games. Be brave as you have tough and tiring tasks of FPS gun games to carry out which demand heavy toll from the lover of killing games during this adventurous campaign of free shooting games. Counter Terrorist Attack features: Real killing missions. Practical gun shooter. New counter terrorist attack. Free shooting missions. Action packed adventure. Crucial sniper shooting. Anti terror sensations. Easy game controls.  Become professional trained swat gun shooter to make your name in shooting circles of action shooting games. ",
"desc_perms" : "['android.permission.WRITE_EXTERNAL_STORAGE']",
"manifest_perms" : "['android.permission.WAKE_LOCK', 'android.permission.INTERNET', 'android.permission.READ_EXTERNAL_STORAGE', 'android.permission.ACCESS_WIFI_STATE', 'com.bb.counter.terrorist.strike.permission.C2D_MESSAGE', 'com.google.android.finsky.permission.BIND_GET_INSTALL_REFERRER_SERVICE', 'android.permission.ACCESS_NETWORK_STATE', 'com.google.android.c2dm.permission.RECEIVE', 'android.permission.READ_LOGS', 'android.permission.WRITE_EXTERNAL_STORAGE']",
"perms_with_call" : "['android.permission.READ_PHONE_STATE', 'android.permission.WAKE_LOCK', 'android.permission.ACCESS_WIFI_STATE', 'android.permission.ACCESS_COARSE_LOCATION', 'android.permission.ACCESS_FINE_LOCATION', 'android.permission.USE_FINGERPRINT', 'android.permission.GET_TASKS', 'android.permission.ACCESS_NETWORK_STATE', 'android.permission.CHANGE_NETWORK_STATE']" 
"extra_perms" : "['android.permission.READ_PHONE_STATE', 'android.permission.INTERNET', 'android.permission.READ_EXTERNAL_STORAGE', 'android.permission.ACCESS_WIFI_STATE', 'android.permission.ACCESS_COARSE_LOCATION', 'android.permission.ACCESS_FINE_LOCATION', 'android.permission.ACCESS_NETWORK_STATE', 'android.permission.READ_LOGS']",
}