{
"name" : "Comic Trim",
"url" : "https://play.google.com/store/apps/details?id=com.comic.trim",
"package" : "com.comic.trim",
"category" : "Comics",
"description" : "A simple and easy comics and Manga reader which analyzes single page, identifies frames and displays them full-size   Not all types of comics allow the division into cartoons: they must have a uniform board and isolate from other images.   Compatible with CBZ, CBR, ZIP, RAR, image folders and PDF (PDF only from Android L or higher)  A simple and light comics viewer and Manga that analyzes the pages and allows you to view a vignette after another in full screen.   Not all types of comics allow the division into vignettes, must have a uniform edge and be isolated from other vignettes.   Supported formats: CBZ, CBR, RAR, ZIP, Image folders and PDF (PDF only for Android L or higher).   Exchange of comics with other registered users (all anonymously)   FREE version:  - organization in folders - download metadata from www.goodreads.com - access to the Golden Age Comics sites - possibility to hide folders - night mode - magnifying glass mode - personalization of blackout panels - cartoon exchange animation - various gesture - double page management - cartoon options: - regular, irregular vignettes, 4 quadrants - standard mode, Manga, 4koma   PRO version:  - No advertising - favorites - image improvement - dark theme - sort by title, file name, date   Community Translations:  - English - Italian - German - French - Spanish - Brazilian - Russian - Persian - Chinese   Keywords: comic, comic, reader, view, read, manga, 4koma, viewer, cbr, cbz, pdf, vignette, cutout, cut out ",
"desc_perms" : "['android.permission.WRITE_EXTERNAL_STORAGE']",
"manifest_perms" : "['com.google.android.c2dm.permission.RECEIVE', 'android.permission.READ_EXTERNAL_STORAGE', 'android.permission.WRITE_EXTERNAL_STORAGE', 'android.permission.WAKE_LOCK', 'com.google.android.finsky.permission.BIND_GET_INSTALL_REFERRER_SERVICE', 'android.permission.ACCESS_NETWORK_STATE', 'com.android.vending.BILLING', 'android.permission.INTERNET']",
"perms_with_call" : "['android.permission.BROADCAST_STICKY', 'android.permission.ACCESS_COARSE_LOCATION', 'android.permission.ACCESS_FINE_LOCATION', 'android.permission.GET_TASKS', 'android.permission.WAKE_LOCK', 'android.permission.BLUETOOTH', 'android.permission.ACCESS_NETWORK_STATE']" 
"extra_perms" : "['android.permission.READ_EXTERNAL_STORAGE', 'android.permission.ACCESS_NETWORK_STATE', 'android.permission.ACCESS_COARSE_LOCATION', 'android.permission.INTERNET', 'android.permission.ACCESS_FINE_LOCATION', 'com.android.vending.BILLING']",
}