{
"name" : "NateComics",
"url" : "https://play.google.com/store/apps/details?id=com.nate.android.cartoon",
"package" : "com.nate.android.cartoon",
"category" : "Comics",
"description" : "NateComics and Android meet together!  The newest popular Comics to be composed various genres and more interesting NateComics into one! Pure love, Chivalrous, Action, Comic, Fantasy, Japan and so on, You can easily find the Comics of various genre everywhere.  NateComics application can take charge of your free time. Put yourself in nate cartton. NateComics Never stop, Never Boring! ",
"desc_perms" : "[]",
"manifest_perms" : "['android.permission.WRITE_EXTERNAL_STORAGE', 'com.google.android.finsky.permission.BIND_GET_INSTALL_REFERRER_SERVICE', 'android.permission.INTERNET', 'com.google.android.c2dm.permission.RECEIVE', 'android.permission.ACCESS_NETWORK_STATE', 'android.permission.READ_PHONE_STATE', 'android.permission.WAKE_LOCK']",
"perms_with_call" : "['android.permission.GET_TASKS', 'android.permission.ACCESS_COARSE_LOCATION', 'android.permission.BLUETOOTH', 'android.permission.ACCESS_FINE_LOCATION', 'android.permission.ACCESS_NETWORK_STATE', 'android.permission.BROADCAST_STICKY', 'android.permission.WAKE_LOCK']" 
"extra_perms" : "['android.permission.READ_PHONE_STATE', 'android.permission.ACCESS_COARSE_LOCATION', 'android.permission.WRITE_EXTERNAL_STORAGE', 'android.permission.ACCESS_NETWORK_STATE', 'android.permission.INTERNET', 'android.permission.ACCESS_FINE_LOCATION']",
}