{
"name" : "Bike Stunt Racer",
"url" : "https://play.google.com/store/apps/details?id=com.offroad.bike.stunts.racing.beach.bike.simulator",
"package" : "com.offroad.bike.stunts.racing.beach.bike.simulator",
"category" : "Comics",
"description" : "Offroad bike stunts racing - beach bike simulator is all set for the lovers of offroad bike racing in which you have to ride your super bike on tricky and adventurous tracks of bike racing games. Drive with unimaginable speeds of bike stunt games by showing your grand driving and stunt controls in current bike driving game. This new bike riding game takes you into the depths of sensational and thrilling episodes of beach bike racing games where you confront with futuristic features of beach racing games. Go through all check points in professional style by availing this luxurious chance to become number one player of top bike racing games. The easy and smooth driving and stunt commands of motorcycle racing games offer you a comprehensive chance to enjoy almost all basic bike stunts of moto bike games for kids. Different game modes of this one of the best moto racing game prepare you to drive in all kinds of severe conditions with all kinds of perfectness and ease. Realistic guidelines empower the player of bike riding game to be very accurate and on track without spending his time in aimless pursuits during his stay in present bike offroad game. the perfectly organized camera angles give play natural atmosphere in offroad bike Stunts racing - beach bike simulator in which he feels himself in real like situation of offroad bike racing. Lovely weather and floating skies of bike stunt games keep you engaged for a long period of time in which you enjoy your every move of bike driving game in an ideal way. Make the most of this luxurious chance to enlist yourself as top level contender of upcoming top bike racing games. Offroad Bike Stunts Racing - Beach Bike Simulator features: Interesting and tricky bike tracks. Easy and smooth bike controls. Toning bike running sound effects. Guiding curser for player at all levels. Buffer free high speeds of bike. Perfect camera angles for better stunt effects. Matchless HD graphical presentation. Different game playing modes. Install this new app to learn to meet real challenging levels of offroad bike stunt racing in professional style. To make this application all issue free, tell us about anything which you think, is in need to be readdressed. ",
"desc_perms" : "['android.permission.ACCESS_WIFI_STATE', 'android.permission.ACCESS_NETWORK_STATE', 'android.permission.WRITE_EXTERNAL_STORAGE', 'android.permission.INTERNET']",
"manifest_perms" : "['com.android.vending.BILLING', 'android.permission.ACCESS_WIFI_STATE', 'android.permission.ACCESS_NETWORK_STATE', 'com.google.android.finsky.permission.BIND_GET_INSTALL_REFERRER_SERVICE', 'android.permission.ACCESS_FINE_LOCATION', 'android.permission.INTERNET']",
"extra_perms" : "['com.android.vending.BILLING', 'android.permission.ACCESS_FINE_LOCATION']",
"perms_with_call" : "['android.permission.ACCESS_COARSE_LOCATION', 'android.permission.BLUETOOTH', 'android.permission.BROADCAST_STICKY', 'android.permission.BLUETOOTH_ADMIN', 'android.permission.READ_PHONE_STATE', 'android.permission.ACCESS_NETWORK_STATE', 'android.permission.ACCESS_WIFI_STATE', 'android.permission.WAKE_LOCK', 'android.permission.ACCESS_FINE_LOCATION', 'android.permission.GET_TASKS', 'android.permission.CHANGE_NETWORK_STATE', 'android.permission.USE_FINGERPRINT']" 
}