{
"name" : "ComicCafe - C/S Comic Viewer",
"url" : "https://play.google.com/store/apps/details?id=com.burton999.cc.client",
"package" : "com.burton999.cc.client",
"category" : "Comics",
"description" : "*** This app is just to read your comic collections. You need to prepare comic files by yourself. This app does not provide feature to download comics via internet. ***  ComicCafe is image/comic streaming viewer that adopts the C/S model. This application is for a person who has many book files. ComicCafe can read books that saved on your server directly. You can save storage space because any file is not saved your android device.  The ComicCafe has feature that be able to manage book files. You can categorize book according to authors, publishers, and tags. ComicCafe works even on low spec device comfortably because all processing to image are processed by server side.  The usage is as follows.  1.install server application into your PC(windows or Mac OSX or Linux). *requires the JRE 1.7 to run server. 2.access the management screen and import your comic file(zip or rar or etc..). 3.install this application into your android device and configure server setting. 4.you can search comic and read it.  You cannot use this application, if applicable following.  1.dont have WIFI at home. 2.dont have PC to use as the server. 3.cannot set up the JRE and server application properly.  Support archive file format: CBZ/ZIP,CBR/RAR,7Z/CB7,LZH,PDF Support image file format: JPEG,PNG,GIF  If you have many many book files, I think this application is very useful.  You can read books from internet via 3G/4G connection, If you publish a server to the internet. Im not sure it is legal. Please follow the laws of the your country.  This application is a version of beta. If you find bugs, please send me mail.  Currently, following features are implemented.  --Server *Account management *Scan ISBN from image *Search books information from web service by ISBN. *Basic Authentication  --Client *Bookshelf *Search books by directory *Search books by author *Search books by publisher *Search books by tag *Search books by keyword *categorize books by tag *Support zip in zip *Display cover image *Support password zip *Auto single page (split page) *Auto dual page (merge pages) *Trim whitespace *Adjusts image contrast *Sharpen image *Reading History *Bookmark *Slideshow *Management reading history *Show book at random *Download a file for reading book by other viewer. *Assign function to touching screen. *Assign function to hardware key.  Download ComicCafe Server https://box.yahoo.co.jp/guest/viewer?sid=box-l-x72s75qsq7lhxe6c5j76x6dmiu-1001&uniqid=b62bb530-12a5-4564-b28d-f2385c51bdfe  How To Use Description http://w.livedoor.jp/comiccafe/  I am using following comics for the screenshot.  Title:Give My Regards to Black Jack Author:SHUHO SATO Site:Manga on Web - http://mangaonweb.com/  Please submit your review for Motivate Me. Thanks ",
"desc_perms" : "['android.permission.INTERNET', 'android.permission.ACCESS_WIFI_STATE', 'android.permission.CAMERA', 'android.permission.ACCESS_NETWORK_STATE', 'android.permission.WRITE_EXTERNAL_STORAGE']",
"manifest_perms" : "['android.permission.INTERNET', 'android.permission.ACCESS_WIFI_STATE', 'android.permission.ACCESS_NETWORK_STATE', 'android.permission.CHANGE_WIFI_STATE', 'android.permission.CHANGE_NETWORK_STATE', 'android.permission.WRITE_EXTERNAL_STORAGE']",
"perms_with_call" : "['android.permission.READ_PHONE_STATE', 'android.permission.ACCESS_WIFI_STATE', 'android.permission.ACCESS_COARSE_LOCATION', 'android.permission.ACCESS_NETWORK_STATE', 'android.permission.RECEIVE_BOOT_COMPLETED', 'android.permission.CHANGE_WIFI_STATE']" 
"extra_perms" : "['android.permission.READ_PHONE_STATE', 'android.permission.ACCESS_COARSE_LOCATION']",
}