{
"name" : "Astonishing Comic Reader",
"url" : "https://play.google.com/store/apps/details?id=com.aerilys.acr.android",
"package" : "com.aerilys.acr.android",
"category" : "Comics",
"description" : "Astonishing Comic Reader is a next-gen comic reader full of stunning features! With an elegant and simple interface, this app allows you to browse and read all your comics on your device. Reading a comic has never been so easy, thanks to a simple navigation system and a powerful zoom feature.  Organize all your comics in customizable collections, or use the powerful search feature to find what to read. Use the intelligent suggestions system to quickly fill your collections with related comics, or jump directly to the next issue when you have finished to read one.  Astonishing Comic Reader is able to generate awesome wallpapers if youre using Muzei app, and have a Cast support, so you can read your comics everywhere, on any screen! Discover Snapshots, an amazing way to store and share all moments parts you love in your comics. And thanks to our synchronization system, you can get your comics from your Cloud storage provider!  Add the comics you like to your favorites list, and share the pages which amazed you the most with your friends in a few touches! Its that easy to use! Astonishing Comic Reader is fully compatible with CBZ and CBR comics! And its ad free!  Join our community on G+: https://plus.google.com/communities/113176077772826564350   Feel free to send any suggestions or feedback you may have heroic reader! ",
"desc_perms" : "['android.permission.ACCESS_NETWORK_STATE', 'android.permission.READ_CONTACTS', 'android.permission.INTERNET', 'android.permission.ACCESS_WIFI_STATE', 'android.permission.GET_ACCOUNTS', 'android.permission.WRITE_CONTACTS']",
"manifest_perms" : "['android.permission.GET_ACCOUNTS', 'android.permission.WRITE_EXTERNAL_STORAGE', 'com.android.vending.BILLING', 'android.permission.USE_CREDENTIALS', 'com.google.android.finsky.permission.BIND_GET_INSTALL_REFERRER_SERVICE', 'com.google.android.c2dm.permission.RECEIVE', 'android.permission.ACCESS_NETWORK_STATE', 'android.permission.WAKE_LOCK', 'android.permission.INTERNET', 'android.permission.SET_WALLPAPER', 'android.permission.ACCESS_WIFI_STATE', 'android.permission.MANAGE_ACCOUNTS', 'com.aerilys.acr.android.permission.C2D_MESSAGE', 'android.permission.READ_EXTERNAL_STORAGE']",
"perms_with_call" : "['android.permission.ACCESS_COARSE_LOCATION', 'android.permission.USE_FINGERPRINT', 'android.permission.BROADCAST_STICKY', 'android.permission.ACCESS_NETWORK_STATE', 'android.permission.WAKE_LOCK', 'android.permission.SET_WALLPAPER', 'android.permission.GET_TASKS', 'android.permission.BLUETOOTH', 'android.permission.ACCESS_WIFI_STATE', 'android.permission.ACCESS_FINE_LOCATION']" 
"extra_perms" : "['android.permission.WRITE_EXTERNAL_STORAGE', 'com.android.vending.BILLING', 'android.permission.ACCESS_COARSE_LOCATION', 'android.permission.READ_EXTERNAL_STORAGE', 'android.permission.ACCESS_FINE_LOCATION']",
}