{
"name" : "Incredible Monster: Superhero Frog War",
"url" : "https://play.google.com/store/apps/details?id=com.froghulck.superhero",
"package" : "com.froghulck.superhero",
"category" : "Comics",
"description" : "Incredible Monster: Superhero Frog War: *Exciting 3D action game! Warlike atmosphere. fighting game play. Fully tuned and planned missions. Unimaginable robot powers. Endless powers and awesome controls. Nothing hidden or ambiguous. Beautiful scenes and levels. ",
"desc_perms" : "[]",
"manifest_perms" : "['android.permission.INTERNET', 'android.permission.ACCESS_NETWORK_STATE']",
"perms_with_call" : "['android.permission.ACCESS_COARSE_LOCATION', 'android.permission.USE_FINGERPRINT', 'android.permission.BROADCAST_STICKY', 'android.permission.WAKE_LOCK', 'android.permission.ACCESS_NETWORK_STATE', 'android.permission.GET_TASKS', 'android.permission.BLUETOOTH', 'android.permission.READ_PHONE_STATE']" 
"extra_perms" : "['android.permission.READ_PHONE_STATE', 'android.permission.INTERNET', 'android.permission.ACCESS_COARSE_LOCATION', 'android.permission.ACCESS_NETWORK_STATE']",
}