{
"name" : "Crunchyroll Manga",
"url" : "https://play.google.com/store/apps/details?id=com.crunchyroll.crmanga",
"package" : "com.crunchyroll.crmanga",
"category" : "Comics",
"description" : "Crunchyroll, the leader in streaming Anime and Asian content, is set to emerge as the digitally distribution Manga leader, starting with its brand new mobile app!  The Crunchyroll Manga app provides users with unlimited access to a variety of the hottest manga emerging from Japan! As soon as it hits newsstands in Japan, Crunchyroll Manga users can read the latest from hit titles like Attack on Titan, Fairy Tail, and Space Brothers.   Premium users will be able to:  * Access the latest manga as it becomes available in Japan! * Full mobile support (iOS and Android), including Koma-View, which allows maximum scale per panel.  * View the entire series catalog anytime, anywhere. * Unlimited reading access.  This will be any Manga enthusiasts one-stop-shop for all their Manga needs. So what are you waiting for? Take advantage of the free trial today:   Still have questions? Then check out our tutorial showcasing the full manga viewing experience:    Check back with us for the latest updates and additions, here: www.crunchyroll.com/manga www.facebook.com/crunchyroll www.twitter.com/crunchyroll ",
"desc_perms" : "[]",
"manifest_perms" : "['android.permission.WRITE_EXTERNAL_STORAGE', 'android.permission.VIBRATE', 'com.crunchyroll.android.pushtest.permission.C2D_MESSAGE', 'com.google.android.c2dm.permission.RECEIVE', 'android.permission.WAKE_LOCK', 'android.permission.ACCESS_NETWORK_STATE', 'android.permission.INTERNET', 'android.permission.GET_ACCOUNTS']",
"perms_with_call" : "['android.permission.ACCESS_COARSE_LOCATION', 'android.permission.BROADCAST_STICKY', 'android.permission.ACCESS_NETWORK_STATE', 'android.permission.WAKE_LOCK', 'android.permission.GET_TASKS', 'android.permission.ACCESS_FINE_LOCATION']" 
"extra_perms" : "['android.permission.WRITE_EXTERNAL_STORAGE', 'android.permission.ACCESS_COARSE_LOCATION', 'com.crunchyroll.android.pushtest.permission.C2D_MESSAGE', 'android.permission.ACCESS_NETWORK_STATE', 'android.permission.INTERNET', 'android.permission.GET_ACCOUNTS', 'android.permission.ACCESS_FINE_LOCATION']",
}