{
"name" : "Quad ATV Traffic Racer",
"url" : "https://play.google.com/store/apps/details?id=com.gcd.atv.traffic.racer",
"package" : "com.gcd.atv.traffic.racer",
"category" : "Comics",
"description" : "Enjoy high definition graphical visual presentations as quad ATV traffic racer to start your new career as professionally trained and skilled quad ATV traffic racer 2019. Race with extremely high speeds of quad bike ATV traffic racing games and go through extreme traffic of busy roads of quad ATV racing games in commanding and persuasive manner. Enjoy your new quad ATV traffic ride to feel real and innovative changes in ever changing world of modern quad bike racing games 2019. You have plenty of actions and thrills of quad ATV traffic 3d games to enjoy here at this new point of extreme quad ATV bike free racing games. with many innovative features in it for player. Be more than traditional bike racer as you have many more novel features of quad bike racing games to explore. Feel more sensations than endless quad bike racing as you have unimaginable features of quad ATV traffic racer 2019 with all modern tangs of 3d quad ATV traffic racing free games. You have several quad ATV traffic racer bikes in front of your eyes from where you can make an open choice to meet your set tasks of ATV bike racing games. Open traffic racing mode and adventurous rides of new bike traffic racing games give you comprehensive chances to enjoy your long ride in best possible mode of modern ATV bike racing games 2019. Play quad ATV traffic racer 3d free new game to enjoy your spare time in agreeable way of all quad ATV bike racing games 2019.  Quad ATV Traffic Racer features: Modern quad bike to drive. Practical driving simulation. Open air quad bike driving mode. Real quad bike sound effects. Smooth and easy quad bike controls. Tricky and well arranged hurdles. Practical quad bike racing mode. Novelty of all game actions and thrills. Dodge all hurdles by attesting the great authorities of your racing aptitudes as professionally trained quad bike traffic racer 2019. ",
"desc_perms" : "[]",
"manifest_perms" : "['android.permission.WRITE_EXTERNAL_STORAGE', 'com.google.android.finsky.permission.BIND_GET_INSTALL_REFERRER_SERVICE', 'com.android.vending.BILLING', 'com.google.android.c2dm.permission.RECEIVE', 'android.permission.ACCESS_NETWORK_STATE', 'android.permission.WAKE_LOCK', 'android.permission.INTERNET', 'android.permission.ACCESS_WIFI_STATE', 'com.gcd.atv.traffic.racer.permission.C2D_MESSAGE', 'android.permission.READ_EXTERNAL_STORAGE']",
"perms_with_call" : "['android.permission.ACCESS_COARSE_LOCATION', 'android.permission.CHANGE_NETWORK_STATE', 'android.permission.USE_FINGERPRINT', 'android.permission.ACCESS_NETWORK_STATE', 'android.permission.WAKE_LOCK', 'android.permission.GET_TASKS', 'android.permission.ACCESS_WIFI_STATE', 'android.permission.READ_PHONE_STATE', 'android.permission.ACCESS_FINE_LOCATION']" 
"extra_perms" : "['android.permission.WRITE_EXTERNAL_STORAGE', 'com.android.vending.BILLING', 'android.permission.ACCESS_COARSE_LOCATION', 'android.permission.ACCESS_NETWORK_STATE', 'android.permission.INTERNET', 'android.permission.ACCESS_WIFI_STATE', 'android.permission.READ_PHONE_STATE', 'android.permission.READ_EXTERNAL_STORAGE', 'android.permission.ACCESS_FINE_LOCATION']",
}