{
"name" : "Comics",
"url" : "https://play.google.com/store/apps/details?id=com.iconology.comics",
"package" : "com.iconology.comics",
"category" : "Comics",
"description" : "Are you ready to explore over 100,000 digital comics, graphic novels and manga from Marvel, DC, Image, and more? By downloading the comiXology app, you can buy books in-app and get instant access to all your titles on all your devices.   Need help finding something to read? Start a 30-Day Free Trial of ComiXology Unlimited and choose from over 10,000 comics, graphic novels and manga (currently available only to US-based customers).  Whether this is your first experience with comics or youe been a fan for years, get ready, because comiXology is going to change the way you explore the world of super heroes, sci-fi, crime noir, horror, and more!  Here just a small peek at what makes us your digital comics hub:  ComiXology Unlimited is a subscription service that allows fans to read thousands of comics, graphic novels and manga, like Civil War, Guardians of the Galaxy: Cosmic Avengers, Ms. Marvel: No Normal, Attack on Titan, Adventure Time, Peanuts, Buffy the Vampire Slayer, Lumberjanes, Saga, Transformers. These are just a few of the great titles from Marvel, Image Comics, Dark Horse Comics, IDW Publishing, BOOM! Studios, Dynamite Entertainment, Kodansha Comics, Oni Press, Valiant Entertainment, Archie Comics, Fantagraphics Books, Humanoids, and so many more than we can name in this limited space.  - NEW: SD card support! Save your downloaded books to removable storage and never run out of space. - Buy in-app and read all of your comiXology books on all your devices. Every. Single. One.  - Going off the grid? ComiXology has offline reading so your books will always be with you. - Guided View! Experience comics in a whole new way with our cinematic and immersive reading options on any device. - Log in with Amazon and read many of your Kindle comic, graphic novel & manga purchases inside of comiXology!  Library ComiXology 100,000+ strong comics, graphic novels & manga library includes:  - Marvel Comics: The Avengers, Ms. Marvel, Iron Man, Jessica Jones, Captain America, Spider-Man, Black Widow, The Hulk, The Fantastic Four, Thor, Wolverine, and more - DC Comics: Batman, Harley Quinn, Justice League, Wonder Woman, Superman, The Flash, Arrow, Green Lantern, Batgirl, The Dark Knight, Watchmen, Fables, V for Vendetta, Sandman, iZombie and more - Image Comics: Saga, Black Science, Spawn, and more - Dark Horse: Buffy the Vampire Slayer, Alien, Fear Agent, The Strain, Avatar: The Last Airbender, B.P.R.D and more - IDW: Teenage Mutant Ninja Turtles, Transformers, Star Trek, Judge Dredd, G.I. Joe, Angel, Ghostbusters, My Little Pony, and more - Manga: Attack on Titan, Naruto, Fairy Tail, One Piece, Dragon Ball, One-Punch Man, and more - Also find Dynamite James Bond, Boom! Studios Mighty Morphin Power Rangers, Valiant Faith, and thousands of great indie titles coming out of comiXology Submit including: Wolves, Leaving Megalopolis, Doc Unknown, Silver, and (you guessed it) many more!  FIND US ------------------------------- Web: comixology.com Twitter: @comixology  Facebook: facebook.com/comixology Tumblr: http://comixology.tumblr.com  If youe having trouble signing in with an Amazon account, please update your browsers before trying again.  * If you are on Android 4.4 through Android 6, please update your Webview browser at https://play.google.com/store/apps/details?id=com.google.android.webview&hl=en  * If you are on Android 7 or later, please update your Chrome browser at https://play.google.com/store/apps/details?id=com.android.chrome&hl=en  For more details, please refer to the official Symantec announcement at https://www.symantec.com/connect/blogs/update-chrome-53-bug-affecting-symantec-ssltls-certificates.  If you need additional help, please reach out to support@comixology.com. ",
"desc_perms" : "['android.permission.READ_EXTERNAL_STORAGE', 'android.permission.ACCESS_NETWORK_STATE', 'android.permission.ACCESS_WIFI_STATE', 'android.permission.WRITE_EXTERNAL_STORAGE', 'android.permission.INTERNET']",
"manifest_perms" : "['com.google.android.finsky.permission.BIND_GET_INSTALL_REFERRER_SERVICE', 'com.android.vending.BILLING', 'android.permission.READ_EXTERNAL_STORAGE', 'android.permission.ACCESS_COARSE_LOCATION', 'com.amazon.dcp.sso.permission.MANAGE_COR_PFM', 'android.permission.ACCESS_NETWORK_STATE', 'android.permission.WAKE_LOCK', 'android.permission.WRITE_EXTERNAL_STORAGE', 'android.permission.INTERNET']",
"perms_with_call" : "['android.permission.BROADCAST_STICKY', 'android.permission.ACCESS_COARSE_LOCATION', 'android.permission.ACCESS_NETWORK_STATE', 'android.permission.BLUETOOTH', 'android.permission.ACCESS_FINE_LOCATION', 'android.permission.ACCESS_WIFI_STATE', 'android.permission.GET_TASKS', 'android.permission.USE_FINGERPRINT', 'android.permission.WAKE_LOCK']" 
"extra_perms" : "['android.permission.ACCESS_WIFI_STATE', 'com.android.vending.BILLING', 'android.permission.ACCESS_COARSE_LOCATION', 'com.amazon.dcp.sso.permission.MANAGE_COR_PFM', 'android.permission.ACCESS_FINE_LOCATION']",
}