{
"name" : "Army Cars Wash Simulator",
"url" : "https://play.google.com/store/apps/details?id=com.army.cars.wash.simulator",
"package" : "com.army.cars.wash.simulator",
"category" : "Comics",
"description" : "US army car dry wash games want to share their method of army cars washing with all lovers of army car parking games through the medium of this newly designed episode of military car wash games. Make detailed know how of automatic car wash games to get better idea washing your cars at home. Perform all tasks of car games after completing your desired driving throughout your city of car driving games. After finishing al your set and planned issues of army car wash games, enter into new valley of car cleaning games where you can refresh your army car to make it ready for all kinds of driving activities of military car driving games.  Here, at this new army wash station of car cleaner games, you have all kinds of necessary army car wash services of US army car driving games available for you with zero cost of car washing games. Execute all available services of carwash near me games and bring revolution in the world of modern car wash service games. Take full access of all automated services of futuristic smart car wash service games to brighten the face and body of your special army car of car washing and detailing games.  Through pressure water to remove dust from inner parts of your army vehicle of US military pressure washing service games and train you with all present luxuries of modern car wash station games. After receiving comprehensive washing of car service station games, move a little bit for other available services of military car service simulator games which are ready for you at a small distance at the same washing station of car washing station nearby you games.   Army Cars Wash Simulator features: New Army Wash service. Smart car wash system. Gas station facility. Puncture facility. Oil change facility. No security risk at all. Detailed washing adventure. Easy and smooth game play.  Make best use of this new occasion of highway gas station games to deal with all troubling issues of army car customization games. Present real model of army car washing for upcoming players of smart car wash games. ",
"desc_perms" : "['android.permission.INTERNET', 'android.permission.ACCESS_NETWORK_STATE', 'android.permission.READ_EXTERNAL_STORAGE']",
"manifest_perms" : "['android.permission.INTERNET', 'android.permission.ACCESS_WIFI_STATE', 'android.permission.ACCESS_FINE_LOCATION', 'com.google.android.finsky.permission.BIND_GET_INSTALL_REFERRER_SERVICE', 'com.android.vending.BILLING', 'android.permission.ACCESS_NETWORK_STATE']",
"perms_with_call" : "['android.permission.READ_PHONE_STATE', 'android.permission.WAKE_LOCK', 'android.permission.BROADCAST_STICKY', 'android.permission.ACCESS_WIFI_STATE', 'android.permission.ACCESS_COARSE_LOCATION', 'android.permission.ACCESS_FINE_LOCATION', 'android.permission.BLUETOOTH', 'android.permission.USE_FINGERPRINT', 'android.permission.BLUETOOTH_ADMIN', 'android.permission.GET_TASKS', 'android.permission.ACCESS_NETWORK_STATE', 'android.permission.CHANGE_NETWORK_STATE']" 
"extra_perms" : "['android.permission.READ_PHONE_STATE', 'android.permission.ACCESS_WIFI_STATE', 'android.permission.ACCESS_COARSE_LOCATION', 'android.permission.ACCESS_FINE_LOCATION', 'com.android.vending.BILLING']",
}