{
"name" : "Dark Horse Comics",
"url" : "https://play.google.com/store/apps/details?id=com.darkhorse.digital",
"package" : "com.darkhorse.digital",
"category" : "Comics",
"description" : "Have your favorite Dark Horse comics at your fingertips--anytime, anywhere!  The Dark Horse app offers access to the most exciting tales from Hellboy, The Umbrella Academy, Black Hammer, Mass Effect, Avatar: The Last Airbender and more! Looking for Manga? Weve got it! How about Halo, Dragon Age, Sin City, Criminal Macabre, Tomb Raider and Empowered? Yup! Its all there and more! Single-issue comics are priced as low as just $0.99 and we also offer an extensive list of free introductory #1 issues, with plenty of new titles being added every week.  And through our cloud-based technology, purchases made on our Digital Store can be read and enjoyed on your laptop, desktop, tablet or mobile browser!  Please Note: If you run into any problems an uninstall/reinstall can fix many issues caused by strange upgrade scenarios. Please use the in-app send feedback tool to send us your feedback or if you encounter any bugs. ",
"desc_perms" : "['android.permission.READ_EXTERNAL_STORAGE']",
"manifest_perms" : "['com.android.vending.BILLING', 'android.permission.ACCESS_NETWORK_STATE', 'android.permission.WAKE_LOCK', 'android.permission.WRITE_EXTERNAL_STORAGE', 'android.permission.INTERNET']",
"perms_with_call" : "['android.permission.ACCESS_COARSE_LOCATION', 'android.permission.ACCESS_NETWORK_STATE', 'android.permission.ACCESS_FINE_LOCATION', 'android.permission.GET_TASKS', 'android.permission.USE_FINGERPRINT', 'android.permission.WAKE_LOCK']" 
"extra_perms" : "['com.android.vending.BILLING', 'android.permission.ACCESS_NETWORK_STATE', 'android.permission.ACCESS_COARSE_LOCATION', 'android.permission.WRITE_EXTERNAL_STORAGE', 'android.permission.ACCESS_FINE_LOCATION', 'android.permission.INTERNET']",
}