{
"name" : "Bee Robot Car Transformation Game: Robot Car Games",
"url" : "https://play.google.com/store/apps/details?id=com.cradley.bee.robot.games",
"package" : "com.cradley.bee.robot.games",
"category" : "Comics",
"description" : "New car robot game is here for the lovers of robot transforming games and flying robot games. Enjoy the multi robot transform war in bee robot car transformation game. Being one of the best car transforming games, this flying bee robot car transforming game brings up the unique evolution in robot shooting games and robot transforming games. What kind of flying things do you like to play in flying robot games or robot car games? For sure it would be some kind of multi robot transforming that occurs in the robot car game i.e. car, bike, helicopters or the animals like tiger, lion, and elephant. Robot flying games and car transforming games also contains a lot of diversity with flying robot transforming into eagle, pigeon, dragon, bee games and much more. But this bee robot game give you the unconditional fun of playing city battle in robot simulator against alien robots. Car robot games will double the joy of robot shooting when it will turn into flying bee game. If you are fan of robot transformations in popular robot war games & robot fighting games, it is the best time to play this robot car simulator & perform amazing multi robot car transform.   Thrilling robot wars within bee robot shooting game  Many robotic enemies and their spaceships are spotted at some locations inside car robot game play. City battle is going to be start against criminal robots in car robot games where you have to fight as a robot. Utilize your superpowers and weapons to accomplish robot wars mission in flying bee robot game. Unlike other robot shooting games or flying robot games, this bee robot car war provides you the extreme robot wars experience with multiple car robot transforming into helicopter robot. All in one package of new multi robot transforming games in one robot car game will make you addictive for the wide variety of transforming in car transforming games. This flying robot game is not just about to perform grand robot battle in robot war, it also allows you to do ultimate robot fighting and robot car transform into helicopter robot.  Multi robot transformation in flying bee robot game  Do you want to know what the incredible robot transformations, this car robot game providing you? Join the future robot battle and enjoy transforming in robot war games. Unending fun of car robot transforming games & robot car games never feel you bore with the robot car transforming into bee, helicopter, and in car robot simulator. Grab this action-packed combination of car transforming games and car robot games. Explore the not-stop robot car war and multi robot transformation in new future robot game. Its time to play furious robot wars between bee robots and gang robots to get the finest robot car transforming in this robot car game. Let yourself entertain with car robot transforming and futuristic robot wars in this car robot game with new concept of robot game. Do fight with mafia robots in transforming robot games free and survive in the shooting fury of car robot transformation game! ",
"desc_perms" : "['android.permission.WRITE_EXTERNAL_STORAGE', 'android.permission.READ_EXTERNAL_STORAGE']",
"manifest_perms" : "['com.sonyericsson.home.permission.BROADCAST_BADGE', 'com.huawei.android.launcher.permission.READ_SETTINGS', 'com.sec.android.provider.badge.permission.READ', 'com.anddoes.launcher.permission.UPDATE_COUNT', 'android.permission.WRITE_EXTERNAL_STORAGE', 'com.majeur.launcher.permission.UPDATE_BADGE', 'android.permission.READ_APP_BADGE', 'com.google.android.c2dm.permission.RECEIVE', 'android.permission.ACCESS_NETWORK_STATE', 'android.permission.READ_EXTERNAL_STORAGE', 'com.htc.launcher.permission.UPDATE_SHORTCUT', 'android.permission.INTERNET', 'com.oppo.launcher.permission.READ_SETTINGS', 'me.everything.badger.permission.BADGE_COUNT_READ', 'com.android.vending.BILLING', 'com.huawei.android.launcher.permission.CHANGE_BADGE', 'com.huawei.android.launcher.permission.WRITE_SETTINGS', 'com.htc.launcher.permission.READ_SETTINGS', 'com.sec.android.provider.badge.permission.WRITE', 'android.permission.WAKE_LOCK', 'com.oppo.launcher.permission.WRITE_SETTINGS', 'android.permission.ACCESS_WIFI_STATE', 'me.everything.badger.permission.BADGE_COUNT_WRITE', 'com.sonymobile.home.permission.PROVIDER_INSERT_BADGE']",
"perms_with_call" : "['android.permission.ACCESS_COARSE_LOCATION', 'android.permission.CHANGE_NETWORK_STATE', 'android.permission.USE_FINGERPRINT', 'android.permission.BROADCAST_STICKY', 'android.permission.ACCESS_NETWORK_STATE', 'android.permission.WAKE_LOCK', 'android.permission.GET_TASKS', 'android.permission.BLUETOOTH', 'android.permission.ACCESS_WIFI_STATE', 'android.permission.READ_PHONE_STATE', 'android.permission.ACCESS_FINE_LOCATION']" 
"extra_perms" : "['android.permission.INTERNET', 'com.android.vending.BILLING', 'android.permission.ACCESS_COARSE_LOCATION', 'android.permission.ACCESS_WIFI_STATE', 'android.permission.READ_PHONE_STATE', 'android.permission.ACCESS_FINE_LOCATION', 'android.permission.ACCESS_NETWORK_STATE']",
}