{
"name" : "Offroad Jeep Driving â€“ Real Jeep Driving Game",
"url" : "https://play.google.com/store/apps/details?id=com.offroad.jeep.driving.car.simulator.games.racing",
"package" : "com.offroad.jeep.driving.car.simulator.games.racing",
"category" : "Comics",
"description" : "Offroad paths are the unusual dazzling rough terrains, difficult to explore, and once they are explored its difficult to forget their adventurous tracks. Driving on such difficult tracks require considerable knowledge and sound driving expertise. Its not wise to do offroad driving without having a proper prior knowledge of offroad tracks, but its quite accommodable to experience all the hooks and nooks of off-road treks virtually before driving car on them through the offroad driving simulator. These off-road jeep/cars driving games give you VR exposure of driving at various mountains, deserts, hills, snow and full of dirt or mud, off road tracks. Mountain driving adventure becomes easier in real life after experiencing SUV driving simulator. Whether it is a matter of off road driving in mud, offroad desert driving or offroad jeep mountain drive. Offroad jeep driving is always prepared to guide you. It is an off road extreme jeep driving game full of impossible track stunts or one may say crazy offroad stunts, which makes it an awesome offroad jeep driving simulator.  Offroad jeep driving is a wonderful jaunt filled with overwhelming jeep adventure.Smooth jeep driving is the output of learned jeep driver who makes mountain tracks, snow tracks, hence all of the offroad tracks exciting through his advance jeep driving skills.  Best offroad jeep driver is the one who knows all the mechanics of jeep, from traction control to 4WD high, 4WD low, proper suspension,strong front &rear bull bar bumpers, maxtrax, winch, snatch straps, snorkel and right set of tires. Offroad jeep hill climbing, 4x4 four-Wheeler smooth rapid movement is just an offroad driving adventure for him. Thus, he knows the art of offroad 4x4 car driving to make offroad jeep driving a fun.  Off road driving jeep, is the one that is equipped with complete generic and tactical auto parts to deal with all types of off-road paths. 4x4 jeep rally thrill with them is just like another tricky stunt racing. Extreme 4x4 driving games usually gives you a chance to prove yourself uphill climb racer by Mud Hummer driving. Offroad Jeep Driving  offroad driving games is where a real offroad simulator.It is at the same time providing along list of jeeps driving experience, whether its about the experience of offroad driving g-class Mercedes, luxury Prado or tough Land Cruiser.This all makes our game stand at the topmost position in the category of best off-road jeep games and offroad games.  Offroad jeep driving game might not be one of the impossible offroad games, but it is in the group of super car driving game/s. Offroad jeep prado driving and even jeep race in real life becomes easily understandable after playing our game.So, it will not be wrong to call our game, a modern off road jeep adventure 2020 celestial or anew driving games 2020 iconic figure.  Brief review of Offroad Jeep Driving offroad driving games features are:  Real offroad jeep driving experience   Introduce players with all auto parts of offroad jeeps and their usage  Display various offroad path in every level with different background setting  Huge variety of offroad jeeps with aftermarket parts availability   Realistic 3d graphics  Advancement in a jeep driving mechanics with every new stage  Clear commands  Cool sound and music effects  If you want to become askilled tourist jeep driver or an off-road jeep racing expert, then download our app now and enjoy realistic car driving fun. And please dont forget to rate and review our game. For it is all for you! ",
"desc_perms" : "['android.permission.INTERNET', 'android.permission.ACCESS_WIFI_STATE', 'android.permission.WRITE_EXTERNAL_STORAGE', 'android.permission.ACCESS_NETWORK_STATE']",
"manifest_perms" : "['android.permission.INTERNET', 'android.permission.ACCESS_NETWORK_STATE', 'com.android.vending.BILLING']",
"perms_with_call" : "['android.permission.WAKE_LOCK', 'android.permission.ACCESS_NETWORK_STATE', 'android.permission.READ_PHONE_STATE', 'android.permission.GET_TASKS', 'android.permission.ACCESS_WIFI_STATE', 'android.permission.USE_FINGERPRINT', 'android.permission.CHANGE_NETWORK_STATE', 'android.permission.BLUETOOTH', 'android.permission.ACCESS_COARSE_LOCATION', 'android.permission.BROADCAST_STICKY']" 
"extra_perms" : "['android.permission.ACCESS_COARSE_LOCATION', 'android.permission.READ_PHONE_STATE', 'android.permission.ACCESS_WIFI_STATE', 'com.android.vending.BILLING']",
}