{
"name" : "Toomics - Read Comics, Webtoons, Manga for Free",
"url" : "https://play.google.com/store/apps/details?id=com.toomics.global.google",
"package" : "com.toomics.global.google",
"category" : "Comics",
"description" : "All your favorite readings contained in one place for both hardcore fans and first-time comic readers!  Toomics is the top premium subscription webtoon service with every genre and fantasy imaginable!  > Find Only on Toomics Exclusive titles from professional artists in the industry! Set your eyes on the jaw-dropping, full-color artwork and stories! You wont be able to find this new addiction anywhere else!  > Keep Track of our Daily Updates  New episodes updated weekly for all series so you can read your favorite comics everyday! Delve deeper and deeper everyday with endless updates and new series!   > Check Out your Favorite Genres! Action, Romance, BL, Drama, Thriller and everything in between! If youre an avid reader and youre looking for something new, then look no more others! Explore all our best and hottest titles, and experience the best quality you deserve!  > Sign up for a free account and get Trial Episodes! Sign up a Toomics account and discover your new favorite stories! Get a taste of what we have for free!  > Binge Read All with One Click! Upgrade to VIP membership to read all webtoons ad free!  Why wait when you can read it all with the click of a button? Youll never want to stop scrolling!  > Manage your own Favorites Fill your own personal favorites with comics of your selection so you can keep track of your favorites!  Dont forget our personalized recommendations if you ever need more!   Web: https://www.toomics.site/en Facebook: https://www.facebook.com/ToomicsEnglish/ Instagram : https://www.instagram.com/toomics.en/ customer service email : en.help@toomicsglobal.com (Operation time : 10:00am~6:00pm (KST))   Privacy Privacy : https://www.toomics.site/en/help/private_terms Terms of Use : https://www.toomics.site/en/help/access_terms ",
"desc_perms" : "[]",
"manifest_perms" : "['com.android.vending.BILLING', 'com.google.android.finsky.permission.BIND_GET_INSTALL_REFERRER_SERVICE', 'com.google.android.c2dm.permission.RECEIVE', 'android.permission.WAKE_LOCK', 'android.permission.ACCESS_NETWORK_STATE', 'android.permission.INTERNET', 'android.permission.READ_EXTERNAL_STORAGE']",
"perms_with_call" : "['android.permission.ACCESS_COARSE_LOCATION', 'android.permission.BROADCAST_STICKY', 'android.permission.ACCESS_NETWORK_STATE', 'android.permission.WAKE_LOCK', 'android.permission.GET_TASKS', 'android.permission.ACCESS_FINE_LOCATION']" 
"extra_perms" : "['android.permission.INTERNET', 'com.android.vending.BILLING', 'android.permission.ACCESS_COARSE_LOCATION', 'android.permission.READ_EXTERNAL_STORAGE', 'android.permission.ACCESS_FINE_LOCATION', 'android.permission.ACCESS_NETWORK_STATE']",
}