{
"name" : "Save The Kitten",
"url" : "https://play.google.com/store/apps/details?id=com.wavemining.kittens",
"package" : "com.wavemining.kittens",
"category" : "Comics",
"description" : "Participate in the kittens life: - choose your kittens  - follow their adventures  - be the master of their fate  Hear about:  - Victoria the Ambitious - Ptolemy the Thief - Giacomo the Adventurous and friends! ",
"desc_perms" : "['android.permission.READ_CONTACTS', 'android.permission.ACCESS_NETWORK_STATE', 'android.permission.INTERNET']",
"manifest_perms" : "['android.permission.WRITE_EXTERNAL_STORAGE', 'android.permission.ACCESS_NETWORK_STATE', 'android.permission.WAKE_LOCK', 'android.permission.INTERNET']",
"perms_with_call" : "['android.permission.ACCESS_COARSE_LOCATION', 'android.permission.ACCESS_FINE_LOCATION', 'android.permission.BROADCAST_STICKY', 'android.permission.BLUETOOTH_ADMIN', 'android.permission.ACCESS_WIFI_STATE', 'android.permission.WAKE_LOCK', 'android.permission.SET_WALLPAPER', 'android.permission.USE_FINGERPRINT', 'android.permission.CHANGE_WIFI_STATE', 'android.permission.GET_TASKS', 'android.permission.ACCESS_NETWORK_STATE', 'android.permission.BLUETOOTH']" 
"extra_perms" : "['android.permission.WRITE_EXTERNAL_STORAGE', 'android.permission.ACCESS_COARSE_LOCATION', 'android.permission.ACCESS_FINE_LOCATION', 'android.permission.ACCESS_WIFI_STATE']",
}