{
"name" : "Real Bottle Shooting Hero :Free Shoot Games",
"url" : "https://play.google.com/store/apps/details?id=com.ls.bottle.shooter.hero",
"package" : "com.ls.bottle.shooter.hero",
"category" : "Comics",
"description" : "Feel free to enjoy all newly developed and innovative smacks of modern bottle shooting games 2019 where novelty of bottle shooting 2019 action keeps you engaged for a long time period. This new bottle shooting game is a practical route to refresh all your imaginative childhood memories of free bottle shooting games in which you enjoyed a lot. Enjoy the same but modernized features of new bottle shooting free games in the most updated manner. Create your own genuine opening in this new bottle shooting world 2019 by making grand show of your strong internal and external bottle shooting experiences 2019. Dont let any bottle in its same form by taking exact and accurate shots at all set bottles of bottle shooting modern free games. The best thing about this bottle shooting 3d game is that you have plenty of different choices throughout this free shooting bottle game which lead you toward final levels in nice way. Make an open choice from different guns and pistols to perform your desired 3d real bottle shooting. Dont feel fear about the ending of your bullets in this new bottle shooting 3d game 2019 as you have endless treasures of ammunition under your belt. Take nonstop aims by breaking all bottles to satisfy your thirst of breaking bottles in free and frank manner of bottle shooting free games. Feel and praise what we have offered you through the medium of this new bottle shooting experience 2019.  Real Bottle Shooting Game 3D 2019: Free Games features: Perfect 3d bottle shooting game. Best camera angles for better bottle views. Effective sniper gun for accurate aims. Aim locking facility of player to aim at bottles. Simple, easy and smooth game controls. Best way to kill your spare time. Practical source to remove all tensions. Matching bottle breaking sound effects. High definition and colourful presentation. Beautiful and real symmetry of all levels.  Enjoy real bottle shooting experience 2019 in light and friendly mode to feel real and innovative change from your tough and boring routines of daily life bottle shooting games 2019. ",
"desc_perms" : "[]",
"manifest_perms" : "['android.permission.WAKE_LOCK', 'android.permission.INTERNET', 'android.permission.READ_EXTERNAL_STORAGE', 'android.permission.ACCESS_WIFI_STATE', 'com.ls.bottle.shooter.hero.permission.C2D_MESSAGE', 'com.google.android.finsky.permission.BIND_GET_INSTALL_REFERRER_SERVICE', 'com.android.vending.BILLING', 'android.permission.ACCESS_NETWORK_STATE', 'com.google.android.c2dm.permission.RECEIVE', 'android.permission.WRITE_EXTERNAL_STORAGE']",
"perms_with_call" : "['android.permission.READ_PHONE_STATE', 'android.permission.WAKE_LOCK', 'android.permission.ACCESS_WIFI_STATE', 'android.permission.ACCESS_COARSE_LOCATION', 'android.permission.ACCESS_FINE_LOCATION', 'android.permission.USE_FINGERPRINT', 'android.permission.GET_TASKS', 'android.permission.ACCESS_NETWORK_STATE', 'android.permission.CHANGE_NETWORK_STATE']" 
"extra_perms" : "['android.permission.READ_PHONE_STATE', 'android.permission.INTERNET', 'android.permission.READ_EXTERNAL_STORAGE', 'android.permission.ACCESS_WIFI_STATE', 'android.permission.ACCESS_COARSE_LOCATION', 'android.permission.ACCESS_FINE_LOCATION', 'com.android.vending.BILLING', 'android.permission.ACCESS_NETWORK_STATE', 'android.permission.WRITE_EXTERNAL_STORAGE']",
}