{
"name" : "Flying Car Robot Transformation Game",
"url" : "https://play.google.com/store/apps/details?id=com.flying.car.robot.games",
"package" : "com.flying.car.robot.games",
"category" : "Comics",
"description" : "Flying car robot games is an outstanding addition in vast world of free robot transformation games where you have to perform wonders with multi transforming robot of robot war games. Sense something more from simple car transforming robots of robot shooting games and challenge this battle in new style by utilizing all features of robo car games in this transformation robot fight. There is serious fight in the city of flying robot games where all parties of robot games and multi transformation robot games have launched collective campaign against innocent civilians. To react in this helicopter robot transform battle of best action games is not an easy task for simple players of top rated action games. A selected operation of robot transformation games is the need of the situation where player must utilize all basic features of robot transforms games and car robot games in balance manner of futuristic car robot games. Grab current flying car robot games of flying car games to lead present rescue mission of car robot transforming games in order to defeat all evil robots of car robot shooting games by repeating your past talents of army robot car simulator of futuristic robot war games.  Transform your flying car robot according to the need of the situation to cause deep effects to all criminal machinery of flying robot cars games and army robot games. Enjoy every step by making full use of the super powers of your player and bring a sigh of relief in city by smashing all crime simulators of helicopter robot games and tank war games in an updated manner. Flying Car Robot features:  Multiple thrilling missions.  Various camera angles.  Unlimited transformation.  Futuristic sensations.  Realistic robotic combat.  Ideal scenery and landscapes.  Unique concepts of flying car.  Fun, amusement and fight. Satisfy your excitement of controlling flying car robot by installing this post modern episode of robot games. Keep continue to share your valuable suggestions and reviews about anything which you feel unfit or improper during playing. ",
"desc_perms" : "[]",
"manifest_perms" : "['android.permission.INTERNET', 'android.permission.ACCESS_WIFI_STATE', 'android.permission.ACCESS_FINE_LOCATION', 'com.google.android.finsky.permission.BIND_GET_INSTALL_REFERRER_SERVICE', 'com.android.vending.BILLING', 'android.permission.ACCESS_NETWORK_STATE']",
"perms_with_call" : "['android.permission.READ_PHONE_STATE', 'android.permission.WAKE_LOCK', 'android.permission.BROADCAST_STICKY', 'android.permission.ACCESS_WIFI_STATE', 'android.permission.ACCESS_COARSE_LOCATION', 'android.permission.ACCESS_FINE_LOCATION', 'android.permission.BLUETOOTH', 'android.permission.USE_FINGERPRINT', 'android.permission.BLUETOOTH_ADMIN', 'android.permission.GET_TASKS', 'android.permission.ACCESS_NETWORK_STATE', 'android.permission.CHANGE_NETWORK_STATE']" 
"extra_perms" : "['android.permission.READ_PHONE_STATE', 'android.permission.INTERNET', 'android.permission.ACCESS_NETWORK_STATE', 'android.permission.ACCESS_WIFI_STATE', 'android.permission.ACCESS_COARSE_LOCATION', 'android.permission.ACCESS_FINE_LOCATION', 'com.android.vending.BILLING']",
}