{
"name" : "Africa Block Blast",
"url" : "https://play.google.com/store/apps/details?id=com.nlsavenger.AfricaCubeBlock.LoinBlast",
"package" : "com.nlsavenger.AfricaCubeBlock.LoinBlast",
"category" : "Comics",
"description" : "Match 2 or more cubes of the same color to solve puzzles and clear levels. With limited moves, your puzzle-solving skills will definitely be challenged. Use rockets, color compasses, bombs and other boosters to blast cubes faster. Combine boosters for a massive blast!   Complete tons of challenging levels and unlock new episodes!  Play with unique game objectives and dozens of entertaining obstacles!  Spectacular boosters to solve the level.  Great graphics and cute characters.  Super addictive gameplay (Youve been warned!)  Free to Play and filled with adventure.  Fun and easy game to learn, yet a rewarding challenge to master.  Over 1000+ awesome levels! And more to come!  Collect and break colorful cubes. ",
"desc_perms" : "[]",
"manifest_perms" : "['android.permission.INTERNET', 'android.permission.ACCESS_NETWORK_STATE', 'com.android.vending.BILLING', 'android.permission.WAKE_LOCK']",
"perms_with_call" : "['android.permission.CHANGE_NETWORK_STATE', 'android.permission.WAKE_LOCK', 'android.permission.GET_TASKS', 'android.permission.USE_FINGERPRINT', 'android.permission.BLUETOOTH', 'android.permission.ACCESS_NETWORK_STATE', 'android.permission.BROADCAST_STICKY', 'android.permission.ACCESS_WIFI_STATE']" 
"extra_perms" : "['android.permission.INTERNET', 'android.permission.ACCESS_NETWORK_STATE', 'com.android.vending.BILLING', 'android.permission.ACCESS_WIFI_STATE']",
}