{
"name" : "Street SkateBoard Game",
"url" : "https://play.google.com/store/apps/details?id=com.glounge.street.skating.skateboard.game",
"package" : "com.glounge.street.skating.skateboard.game",
"category" : "Comics",
"description" : "Fun and entertainment is all set for players who are in street skate board party mode with many more craze boasters features of skate board stunt games. Make your own music as the way you desire by making utilization of endless customization features of this new street skate board stunts. Take real control of your favorite skate board to start endless adventures of free skate board games in new style and decent mode.  Go through different levels of this new skate board stunt world of all skate board free games to train you with futuristic approaches of skate board stunt world in this ever changing state of free skate board street games. Large number of through provoking episodes of street skate board games 2019 provides you detailed and comprehensive skating experience. No limit mode empowers you to learn the art of free street skating 2019 in easy way.  Player loving and friendly controls of street skate board new games 2019 take player to final levels of new skate board championship 2019 in no time and player has no external or internal pressure at all while moving forward in this new stunt world of modern street skate board games. High definition graphical presentation of free stunt skate board game polishes your skating techniques in professional style to make your future skate board legend.  Street Skate Board Stunts features:   Friendly skate board controls.  Lot of newly introduced features.  Training for new skaters.  Totally free game mode.  Skate board party for players.  Customizable game features.  High definition graphics.  Crazy skate board stunts.  Customize your skate board street party to enjoy nonstop thrills of free street skate board stunts which really make you happy. Forget not to review this app please. ",
"desc_perms" : "[]",
"manifest_perms" : "['android.permission.INTERNET', 'android.permission.ACCESS_WIFI_STATE', 'android.permission.ACCESS_FINE_LOCATION', 'com.google.android.finsky.permission.BIND_GET_INSTALL_REFERRER_SERVICE', 'com.android.vending.BILLING', 'android.permission.ACCESS_NETWORK_STATE']",
"perms_with_call" : "['android.permission.READ_PHONE_STATE', 'android.permission.WAKE_LOCK', 'android.permission.BROADCAST_STICKY', 'android.permission.ACCESS_WIFI_STATE', 'android.permission.ACCESS_COARSE_LOCATION', 'android.permission.ACCESS_FINE_LOCATION', 'android.permission.BLUETOOTH', 'android.permission.USE_FINGERPRINT', 'android.permission.BLUETOOTH_ADMIN', 'android.permission.GET_TASKS', 'android.permission.ACCESS_NETWORK_STATE', 'android.permission.CHANGE_NETWORK_STATE']" 
"extra_perms" : "['android.permission.READ_PHONE_STATE', 'android.permission.INTERNET', 'android.permission.ACCESS_NETWORK_STATE', 'android.permission.ACCESS_WIFI_STATE', 'android.permission.ACCESS_COARSE_LOCATION', 'android.permission.ACCESS_FINE_LOCATION', 'com.android.vending.BILLING']",
}