{
"name" : "Witch Pop - Magic Bubble Shooter & Match 3 Wizard",
"url" : "https://play.google.com/store/apps/details?id=com.witchbubbleshooter.witchpop",
"package" : "com.witchbubbleshooter.witchpop",
"category" : "Comics",
"description" : "Witch Pop - Magic Bubble Shooter & Match 3 Wizard is a brand new bubble pop saga & bubble witch game for kids & girl games! Start your witch land adventure saga in this top witch games! Match 3 games have never been so fun! Help the cute witch in this new puzzle game by solving puzzles by the powerful wizard! Get ready and join the adventure in this brand new match 3 puzzle game!  How to play Witch Pop - Magic Bubble Shooter & Match 3 Wizard?  Move your finger to the target, aim, and your witch magic will shoot the bubble.  Match 3 or more bubble witch to burst.  Blast all the bubbles to solve the magic puzzle.  Our Most Popular Bubble Shooter Games of all time is here!  Witch Magic: Bubble Witch Shooter games developed by Bubu Girl Games is a fun & enjoyable to play and it encourages problem solving. It is delightfully simple but challenging that anyone can enjoy.  Important Features of Witch Games  Lots of fund and challenging hundreds of carefully designed puzzles.  Amazing graphics, smooth shooting experience.  Defeat many cruel devils, rescue little souls of the magic worlds.  Simple enough for kids to play, challenging enough for the whole family to master  Many unique bubbles and obstacles to discover.  Experience the thrill of bubble shooting saga with endless witchy surprises. Work your way through increasingly challenging levels and employ the power of the elements to help you in your evil witch quest. Welcome to wonderland witch world !!!!   - Shoot bubble with tap your space screen .. and directed at least three bubbles to make them crush - Bouncing / bounce bubbles with ultra Tap the right or left side of the phone or your tablet - Clear all the bubbles to finish the level and play a quiz bubbles in this game - Remove all the bubbles as fast as you can because you have limited time  Download Today for free Witch Pop - Magic Bubble Shooter & Match 3 Wizard Saga! ",
"desc_perms" : "[]",
"manifest_perms" : "['com.google.android.c2dm.permission.RECEIVE', 'android.permission.WAKE_LOCK', 'com.google.android.finsky.permission.BIND_GET_INSTALL_REFERRER_SERVICE', 'android.permission.VIBRATE', 'com.android.vending.BILLING', 'android.permission.ACCESS_NETWORK_STATE', 'android.permission.INTERNET']",
"perms_with_call" : "['android.permission.ACCESS_COARSE_LOCATION', 'android.permission.READ_PHONE_STATE', 'android.permission.CHANGE_NETWORK_STATE', 'android.permission.ACCESS_WIFI_STATE', 'android.permission.WAKE_LOCK', 'android.permission.GET_TASKS', 'android.permission.ACCESS_NETWORK_STATE']" 
"extra_perms" : "['android.permission.ACCESS_COARSE_LOCATION', 'android.permission.READ_PHONE_STATE', 'android.permission.ACCESS_WIFI_STATE', 'android.permission.ACCESS_NETWORK_STATE', 'com.android.vending.BILLING', 'android.permission.INTERNET']",
}