{
"name" : "Grand Train Shooting Attack Mission 2019",
"url" : "https://play.google.com/store/apps/details?id=com.real.train.robbery",
"package" : "com.real.train.robbery",
"category" : "Comics",
"description" : "Train firing games are inviting the attention of the players of train robbery games who want to enjoy sensational actions of counter gangster shooting games in an open air environment of best shooting robbery games. If you are also with same taste and temperament of gangster shooting games, enter into this new application of counter shooting games to satisfy all your robbery crazes of gangster attack robbery games in free and frank mode of theft robbery games. This new game has somewhat altered game plan of gold robbery games as it provides player much broader perspectives of train hijack games which is not the case in simple best shooting games.  Dive into the depths of this new crime world of new shooting games to feel innovative changes in the world of shooting robber games. Try to develop your own career in free shooting games 2019 by carrying out practical gun shooting of heist games in devastating manner of gangster shooting attack games. Before starting this adventure of  gold thief games, equip yourself with special sniper shooting guns of gangster counter games to contest stinging shooting actions of robbery shooting games.  You need not to worry about anything in this new shooting adventure of grand theft fight games as you have almost all favorable features of robbery shooter game under your belt in this new episode of theft games. Move in dashing manner of grand theft shooting games by making grand show of your bravery talents of robbery thief games and tell the world that you are matchless in the use of power aptitudes of crime games. Feel all kinds of shooting openings of train crime games to make your name as top level contested of shooting crime games.   Grand Train Robbery 2019 features: Real moving train. Effective gun shooting. Moving shooting fire action. Symmetry of all scenes. Each level with new missions. Player friendly controls. Simple and issue less game play. Best camera angles.  Pave your way to become the don of underworld of train heist games and complete all Shooting tasks of gangster train gunfire games by making special show of your internal genius of robbery war shooting games. ",
"desc_perms" : "[]",
"manifest_perms" : "['android.permission.WRITE_EXTERNAL_STORAGE', 'com.google.android.finsky.permission.BIND_GET_INSTALL_REFERRER_SERVICE', 'android.permission.INTERNET', 'android.permission.READ_EXTERNAL_STORAGE', 'android.permission.ACCESS_NETWORK_STATE', 'android.permission.ACCESS_WIFI_STATE', 'android.permission.ACCESS_FINE_LOCATION', 'com.android.vending.BILLING']",
"perms_with_call" : "['android.permission.WAKE_LOCK', 'android.permission.ACCESS_NETWORK_STATE', 'android.permission.READ_PHONE_STATE', 'android.permission.GET_TASKS', 'android.permission.ACCESS_WIFI_STATE', 'android.permission.USE_FINGERPRINT', 'android.permission.CHANGE_NETWORK_STATE', 'android.permission.BLUETOOTH', 'android.permission.ACCESS_FINE_LOCATION', 'android.permission.ACCESS_COARSE_LOCATION', 'android.permission.BLUETOOTH_ADMIN', 'android.permission.BROADCAST_STICKY']" 
"extra_perms" : "['android.permission.WRITE_EXTERNAL_STORAGE', 'android.permission.INTERNET', 'android.permission.READ_EXTERNAL_STORAGE', 'android.permission.ACCESS_NETWORK_STATE', 'android.permission.ACCESS_COARSE_LOCATION', 'android.permission.READ_PHONE_STATE', 'android.permission.ACCESS_WIFI_STATE', 'android.permission.ACCESS_FINE_LOCATION', 'com.android.vending.BILLING']",
}