{
"name" : "WEBTOON",
"url" : "https://play.google.com/store/apps/details?id=com.naver.linewebtoon",
"package" : "com.naver.linewebtoon",
"category" : "Comics",
"description" : "Meet WEBTOON. We started a whole new way to create stories and opened it up to anyone with a story to tell. Were home to thousands of creator-owned content with amazing, diverse visions from all over the world. Get in on the latest original romance, comedy, action, fantasy, horror, and more from big names and big names to bemade just for WEBTOON. Were available anywhere, anytime, and always for free.  Already love WEBTOON? Follow us on Instagram, Facebook, YouTube, and Twitter and join a community of over 50 million readers around the world.   Website: www.webtoon.com  External Storage (Optional) : Permissions are required for downloading episodes to your device. *You can continue to use WEBTOON without allowing this permission. ",
"desc_perms" : "['android.permission.GET_ACCOUNTS', 'android.permission.INTERNET', 'android.permission.ACCESS_WIFI_STATE', 'android.permission.READ_CONTACTS', 'android.permission.ACCESS_NETWORK_STATE']",
"manifest_perms" : "['android.permission.WRITE_EXTERNAL_STORAGE', 'htc.socialmanager.permission.WRITE_SOCIAL_DATABASE', 'android.permission.GET_TASKS', 'com.google.android.finsky.permission.BIND_GET_INSTALL_REFERRER_SERVICE', 'android.permission.INTERNET', 'android.permission.VIBRATE', 'android.permission.RECEIVE_BOOT_COMPLETED', 'htc.socialmanager.permission.USE_SOCIALSERVICE', 'htc.socialmanager.permission.READ_SOCIAL_DATABASE', 'android.permission.ACCESS_WIFI_STATE', 'com.google.android.c2dm.permission.RECEIVE', 'android.permission.BLUETOOTH', 'android.permission.CAMERA', 'android.permission.ACCESS_NETWORK_STATE', 'com.android.vending.BILLING', 'android.permission.READ_EXTERNAL_STORAGE', 'android.permission.READ_PHONE_STATE', 'android.permission.WAKE_LOCK']",
"perms_with_call" : "['android.permission.WAKE_LOCK', 'android.permission.GET_TASKS', 'android.permission.USE_FINGERPRINT', 'android.permission.BLUETOOTH_ADMIN', 'android.permission.CHANGE_WIFI_STATE', 'android.permission.ACCESS_WIFI_STATE', 'android.permission.ACCESS_COARSE_LOCATION', 'android.permission.BLUETOOTH', 'android.permission.CHANGE_NETWORK_STATE', 'android.permission.ACCESS_NETWORK_STATE', 'android.permission.READ_PHONE_STATE', 'android.permission.BROADCAST_STICKY', 'android.permission.ACCESS_FINE_LOCATION']" 
"extra_perms" : "['android.permission.WRITE_EXTERNAL_STORAGE', 'htc.socialmanager.permission.WRITE_SOCIAL_DATABASE', 'htc.socialmanager.permission.USE_SOCIALSERVICE', 'htc.socialmanager.permission.READ_SOCIAL_DATABASE', 'android.permission.READ_PHONE_STATE', 'android.permission.ACCESS_COARSE_LOCATION', 'com.android.vending.BILLING', 'android.permission.READ_EXTERNAL_STORAGE', 'android.permission.CAMERA', 'android.permission.ACCESS_FINE_LOCATION']",
}