{
"name" : "Marvel Comics",
"url" : "https://play.google.com/store/apps/details?id=com.marvel.comics",
"package" : "com.marvel.comics",
"category" : "Comics",
"description" : "Introducing the MARVEL COMICS app on Android, featuring the worlds most popular super heroes! Download hundreds of comic books featuring your favorite characters - including Iron Man, Thor, Captain America, Spider-Man, Wolverine and more -- on your mobile device or tablet with the touch of a button. Youll experience Marvels greatest series and stories like never before, with your choice of guided view (an animated, panel-by-panel path through the comic), or by using regular device controls to zoom and pan your way through pages of sizzling story and amazing artwork!  Each of your downloads will be protected and backed up when you use your Marvel.Com account, meaning the next time you lose or upgrade your device youll find your comics waiting to be read again!  Not convinced? Check out our free downloads! Take the Marvel Universe with you anytime & anywhere!  + Access to over 13,500 comics featuring the worlds most popular super heroes! + Free comics for download, updated weekly! + Customizable reading experience -- choose between panel to panel, full page display, and more! ",
"desc_perms" : "[]",
"manifest_perms" : "['com.amazon.dcp.sso.permission.MANAGE_COR_PFM', 'android.permission.WRITE_EXTERNAL_STORAGE', 'com.google.android.finsky.permission.BIND_GET_INSTALL_REFERRER_SERVICE', 'android.permission.INTERNET', 'android.permission.ACCESS_COARSE_LOCATION', 'android.permission.ACCESS_NETWORK_STATE', 'android.permission.READ_EXTERNAL_STORAGE', 'com.android.vending.BILLING', 'android.permission.WAKE_LOCK']",
"perms_with_call" : "['android.permission.GET_TASKS', 'android.permission.USE_FINGERPRINT', 'android.permission.ACCESS_WIFI_STATE', 'android.permission.ACCESS_COARSE_LOCATION', 'android.permission.BLUETOOTH', 'android.permission.ACCESS_FINE_LOCATION', 'android.permission.ACCESS_NETWORK_STATE', 'android.permission.BROADCAST_STICKY', 'android.permission.WAKE_LOCK']" 
"extra_perms" : "['com.amazon.dcp.sso.permission.MANAGE_COR_PFM', 'android.permission.WRITE_EXTERNAL_STORAGE', 'android.permission.INTERNET', 'android.permission.ACCESS_WIFI_STATE', 'android.permission.ACCESS_COARSE_LOCATION', 'android.permission.ACCESS_NETWORK_STATE', 'android.permission.READ_EXTERNAL_STORAGE', 'com.android.vending.BILLING', 'android.permission.ACCESS_FINE_LOCATION']",
}