{
"name" : "City Prado Car Parking",
"url" : "https://play.google.com/store/apps/details?id=com.pr.city.prado.car.parking",
"package" : "com.pr.city.prado.car.parking",
"category" : "Comics",
"description" : "City parking games have special attraction for new driver as these deal with all parking issues of Prado parking games which the player of free parking games is always in search of. If you are also in same quest of parking games, then, you need not to go here and there in search of any other ultimate parking simulation as this new episode of jeep car parking has almost all the answers of your parking queries. Fasten seat belt after entering in your luxurious Prado and enjoy all beautifully adjusted parking levels of extreme parking simulator. Perform all parking positions which are often very crucial in narrow and curvy places by making an effective utilization of this new medium of car parking simulation. Here in this new form of real car parking games, you have all kinds of parking varieties from where you can have all kinds of necessary parking experience including ultimate parking which leads to contest Prado ultimate parking in convincing and commanding manner. The new edition of extreme Prado parking further intensifies your parking talents through 3D car parking from where player gets real like experience of extreme Prado parking. It is time for you to drive without any fear of parking as you can polish all your parking skills through different levels of city parking mania. Come out from simple tangs of City Street parking which just enables you to be in commanding position in grand street parking and dive into Prado adventure parking to practically carry out much more thrills of Prado smart parking. Develop our modern parking skills of luxury car parking games and train yourself in such way that tough parking may become easy car parking for you. Clear all levels of city smart parking to know the real art of luxury smart parking in commanding manner. City Prado Car Parking features: Futuristic Prado models to park. Real driving and parking. City and off road driving. Perfect of driving learners. Grand parking tasks. Verity of parking missions. Prado parking as Prado adventure. Smart parking techniques. Go on long and luxury Prado rides of this newly designed smart parking simulation and receive the status of excellent parking legend by contesting grand car parking and city grand parking in authoritative mode. ",
"desc_perms" : "['android.permission.READ_PHONE_STATE', 'android.permission.CALL_PHONE']",
"manifest_perms" : "['android.permission.READ_LOGS', 'android.permission.WRITE_EXTERNAL_STORAGE', 'com.google.android.finsky.permission.BIND_GET_INSTALL_REFERRER_SERVICE', 'com.pr.city.prado.car.parking.permission.C2D_MESSAGE', 'com.google.android.c2dm.permission.RECEIVE', 'android.permission.ACCESS_NETWORK_STATE', 'android.permission.WAKE_LOCK', 'android.permission.INTERNET', 'android.permission.ACCESS_WIFI_STATE', 'android.permission.READ_EXTERNAL_STORAGE']",
"perms_with_call" : "['android.permission.ACCESS_COARSE_LOCATION', 'android.permission.CHANGE_NETWORK_STATE', 'android.permission.USE_FINGERPRINT', 'android.permission.ACCESS_NETWORK_STATE', 'android.permission.WAKE_LOCK', 'android.permission.GET_TASKS', 'android.permission.ACCESS_WIFI_STATE', 'android.permission.READ_PHONE_STATE', 'android.permission.ACCESS_FINE_LOCATION']" 
"extra_perms" : "['android.permission.READ_LOGS', 'android.permission.WRITE_EXTERNAL_STORAGE', 'android.permission.ACCESS_COARSE_LOCATION', 'android.permission.ACCESS_NETWORK_STATE', 'android.permission.INTERNET', 'android.permission.ACCESS_WIFI_STATE', 'android.permission.READ_PHONE_STATE', 'android.permission.READ_EXTERNAL_STORAGE', 'android.permission.ACCESS_FINE_LOCATION']",
}