{
"name" : "Army Toy Men Survival War Shooting Counter OffRoad",
"url" : "https://play.google.com/store/apps/details?id=com.armystrick.games",
"package" : "com.armystrick.games",
"category" : "Comics",
"description" : "Are you ready to destroy bad guys with your own little army of toy soldiers? Choose your battlefield - be it a bathroom, kitchen, living room or even garden  make a clear placement of your troops and rush into this epic battle of Army Men Toy War Shooter! Of course, your soldiers and mercenaries are just plastic toys  but battles are as thrilling as a real war conflict! Mind that your army is not so large, so appreciate its every unit! When the time would be over, the army with live toy soldiers would win the battle! Your mission is to stop your rivals army with the minimum of your own losses!  Earn coins for each successfully passed battle and buy new interesting weapons, skins for your brutal plastic soldier or the ammunition for your super army! Remember that every weapon has its own characteristic features, so choose wisely, think ahead and think over your strategy  the moment is precious! Mind your army indicators not to lose anyone and have fun!  Complete missions with rising difficulty levels and defeat every army of your rivals! Improve your shooting and strategy skills being an ordinary soldier of the smallest but the mightiest army and fighting with the other army! Capture the base of your opponents and try not to lose any soldier of your side!  Win this war and become the ruler of the household battleground with Army Men Toy War Shooter!  Army Men Toy War Shooter features:  Amazing toy soldiers battlefield shooter  Wide range of different weapons with their own characteristics  Chance to improve your tactics and strategy skills  Outstanding 3D graphics  Improve your shooting and strategy skills being an ordinary soldier of the smallest but the mightiest army in this house and fighting with the other army in Army Men Toy War Shooter! ",
"desc_perms" : "[]",
"manifest_perms" : "['android.permission.INTERNET', 'android.permission.ACCESS_NETWORK_STATE']",
"perms_with_call" : "['android.permission.ACCESS_COARSE_LOCATION', 'android.permission.USE_FINGERPRINT', 'android.permission.BROADCAST_STICKY', 'android.permission.WAKE_LOCK', 'android.permission.ACCESS_NETWORK_STATE', 'android.permission.GET_TASKS', 'android.permission.BLUETOOTH', 'android.permission.READ_PHONE_STATE']" 
"extra_perms" : "['android.permission.READ_PHONE_STATE', 'android.permission.INTERNET', 'android.permission.ACCESS_COARSE_LOCATION', 'android.permission.ACCESS_NETWORK_STATE']",
}