{
"name" : "Satan Rope Hero Gangstar Crime",
"url" : "https://play.google.com/store/apps/details?id=com.satan.angel.crime.sim",
"package" : "com.satan.angel.crime.sim",
"category" : "Comics",
"description" : "Satan Rope Hero Gangstar Crime true hero comes to help the citizen.  *Exciting 3D action game Stickman rope Hero! *Stickman hero with powerful weapon arsena Stickman rope Herol. *Special tricks with suit upgrades Stickman rope Hero. *Tons of enemies and fierce battles Stickman rope Hero!  As US Army Stickman Rope Hero counter terrorist Stickman rope Hero evil clones invaded the town the true hero comes to help the citizen. Use your new skills to kick your Stickman rope Hero clones out from the city. Survive the epic battles Stickman rope Hero and try to complete all the tasks. Drive over your foes Stickman rope Hero on cars, bikes or even tanks. You are the ultimate guard now so dont screw up! Find secrets hidden on a large map. Collect rewards for Stickman rope Hero destroying your enemies and completing tasks, you can use it to buy best weapons in shop.  Hit hard and stick your line to the end Stickman rope Hero.  Time to serve the nation and save it from the terrorist attack! Get ready for the counter terrorist combat attack!  Perform as a brave army stickman to win the counter assault battle war against the terrorist attack which takes place in the mountains and you have to save the innocents as a real army commando stickman by your elite commando war shooting skills. Shoot, kill and survive in this anti terrorist counter attack war game. Stickman shooting is totally action packed battlefield shooting mission with sniper shooting, shotguns with real battle war experience.  Experience the whole new world of assault war battlefield frontier shooting game with new tricky techniques to protect your military army commando stickman and become the champion of this anti terrorist stickman shooting war battle. Shooting enemy terrorist isnt the only way to kill them, though. Using your environment to your advantage, there are a variety of ways to dispatch your enemies.  So be ready for the new stickman shooting anti terrorist counter attack war and be a champion commando war stickman in this counter terrorist shooting assault game.  Features:  Shoot the terrorist attack & save your squad. Challenging missions with several advance levels. HD graphics with realistic shooting attacks. Amazing sound effects. Realistic uphill offroad environment. Chance to win the anti terrorist counter attack war game. Variety of guns. Use of tricky techniques to get rid of terrorist attack. ",
"desc_perms" : "[]",
"manifest_perms" : "['android.permission.INTERNET', 'android.permission.ACCESS_NETWORK_STATE']",
"perms_with_call" : "['android.permission.ACCESS_WIFI_STATE', 'android.permission.CHANGE_NETWORK_STATE', 'android.permission.USE_FINGERPRINT', 'android.permission.BLUETOOTH', 'android.permission.ACCESS_NETWORK_STATE', 'android.permission.GET_TASKS', 'android.permission.BROADCAST_STICKY', 'android.permission.WAKE_LOCK']" 
"extra_perms" : "['android.permission.INTERNET', 'android.permission.ACCESS_WIFI_STATE', 'android.permission.ACCESS_NETWORK_STATE']",
}