{
"name" : "Geeks Comics",
"url" : "https://play.google.com/store/apps/details?id=com.devlomi.geekscomics",
"package" : "com.devlomi.geekscomics",
"category" : "Comics",
"description" : "it contains a lot of Tech Comics for Geeks with different categories. the Categories are: * Computers * Design * Gaming * Mobiles * Programming  you can share your comics with us too! ",
"desc_perms" : "['android.permission.WRITE_EXTERNAL_STORAGE', 'android.permission.READ_EXTERNAL_STORAGE']",
"manifest_perms" : "['android.permission.WRITE_EXTERNAL_STORAGE', 'android.permission.CAMERA', 'com.google.android.c2dm.permission.RECEIVE', 'android.permission.WAKE_LOCK', 'android.permission.ACCESS_NETWORK_STATE', 'com.devlomi.geekscomics.permission.C2D_MESSAGE', 'android.permission.INTERNET', 'android.permission.READ_EXTERNAL_STORAGE']",
"perms_with_call" : "['android.permission.ACCESS_COARSE_LOCATION', 'android.permission.BROADCAST_STICKY', 'android.permission.WAKE_LOCK', 'android.permission.ACCESS_NETWORK_STATE', 'android.permission.GET_TASKS', 'android.permission.ACCESS_FINE_LOCATION']" 
"extra_perms" : "['android.permission.ACCESS_COARSE_LOCATION', 'android.permission.CAMERA', 'android.permission.ACCESS_NETWORK_STATE', 'android.permission.INTERNET', 'android.permission.ACCESS_FINE_LOCATION']",
}