{
"name" : "CDisplayEx Free Comic Reader",
"url" : "https://play.google.com/store/apps/details?id=com.progdigy.cdisplay.free",
"package" : "com.progdigy.cdisplay.free",
"category" : "Comics",
"description" : "CDisplayEx is a light, efficient CBR Reader, and it is also the most popular comic book reader. It is able to read all comic book formats (.cbr file, .cbz, .pdf, etc..) and Manga. Everything is designed to give you the best comic reading experience, it load comic books immediately, reading is fluid and comfortable.  You can simply browse through your folders to find and read your comics, but if you need, the management of your library is integrated! simply indicate where your comics are, and the reader will group the comics by series or offer you the next album to read in your collection. An integrated search will allow you to find a volume instantly.  The reader also allows you to connect to network shares, preload files on your phone or tablet, and perform searches. ",
"desc_perms" : "['android.permission.WRITE_EXTERNAL_STORAGE', 'android.permission.READ_EXTERNAL_STORAGE', 'android.permission.INTERNET', 'android.permission.ACCESS_WIFI_STATE', 'android.permission.READ_CONTACTS', 'android.permission.ACCESS_NETWORK_STATE', 'android.permission.GET_ACCOUNTS']",
"manifest_perms" : "['android.permission.WRITE_EXTERNAL_STORAGE', 'android.permission.READ_EXTERNAL_STORAGE', 'android.permission.INTERNET', 'android.permission.FOREGROUND_SERVICE', 'android.permission.WAKE_LOCK', 'android.permission.ACCESS_NETWORK_STATE']",
"perms_with_call" : "['android.permission.ACCESS_COARSE_LOCATION', 'android.permission.BROADCAST_STICKY', 'android.permission.ACCESS_FINE_LOCATION', 'android.permission.WAKE_LOCK', 'android.permission.ACCESS_NETWORK_STATE', 'android.permission.GET_TASKS']" 
"extra_perms" : "['android.permission.ACCESS_COARSE_LOCATION', 'android.permission.ACCESS_FINE_LOCATION']",
}