{
"name" : "Gun War Survival TPS",
"url" : "https://play.google.com/store/apps/details?id=com.oneup.survival.fortnight.shooter",
"package" : "com.oneup.survival.fortnight.shooter",
"category" : "Comics",
"description" : "Simple and Smooth, Easy to Learn Controls: Learn quickly and play immediately. Beautiful graphics and supports a wide variety of devices Free to Play: Play as much as you want.  The better you play, the more you win but the more it gets tougher. Upgrade and engage in harder, faster challenges that will increase your adrenaline in playing.  As an elite soldier, you must kill all of the terrorists to survive. Complete every stages to gain rewards and collect variety of weapons. Ready your weapons and become the ultimate shooter! Test yourself against an impossible enemy in the most epic action shooting game!   How to play:   Enemies will appear randomly in various places on the map, and you will also appear randomly at various locations on the map. The enemy may look for you on the map, you can also find enemies in the map and shoot to destroy the enemy.  After killing all enemies, you can pass the level and get the gold coin reward. The radar will display the enemies remaining and their position around the player.  In the store can buy new weapons. ",
"desc_perms" : "[]",
"manifest_perms" : "['me.everything.badger.permission.BADGE_COUNT_READ', 'android.permission.WRITE_EXTERNAL_STORAGE', 'com.sec.android.provider.badge.permission.WRITE', 'android.permission.VIBRATE', 'com.huawei.android.launcher.permission.WRITE_SETTINGS', 'com.oneup.survival.fortnight.shooter.permission.RECEIVE_ADM_MESSAGE', 'com.oppo.launcher.permission.WRITE_SETTINGS', 'com.google.android.finsky.permission.BIND_GET_INSTALL_REFERRER_SERVICE', 'com.sonyericsson.home.permission.BROADCAST_BADGE', 'com.huawei.android.launcher.permission.CHANGE_BADGE', 'android.permission.INTERNET', 'com.huawei.android.launcher.permission.READ_SETTINGS', 'com.sec.android.provider.badge.permission.READ', 'com.oppo.launcher.permission.READ_SETTINGS', 'android.permission.WAKE_LOCK', 'com.htc.launcher.permission.UPDATE_SHORTCUT', 'android.permission.READ_EXTERNAL_STORAGE', 'com.anddoes.launcher.permission.UPDATE_COUNT', 'android.permission.ACCESS_WIFI_STATE', 'com.htc.launcher.permission.READ_SETTINGS', 'android.permission.READ_APP_BADGE', 'com.android.vending.BILLING', 'android.permission.RECEIVE_BOOT_COMPLETED', 'com.sonymobile.home.permission.PROVIDER_INSERT_BADGE', 'com.majeur.launcher.permission.UPDATE_BADGE', 'com.amazon.device.messaging.permission.RECEIVE', 'android.permission.ACCESS_NETWORK_STATE', 'me.everything.badger.permission.BADGE_COUNT_WRITE']",
"perms_with_call" : "['android.permission.WAKE_LOCK', 'android.permission.ACCESS_NETWORK_STATE', 'android.permission.READ_PHONE_STATE', 'android.permission.GET_TASKS', 'android.permission.ACCESS_WIFI_STATE', 'android.permission.CHANGE_NETWORK_STATE', 'android.permission.USE_FINGERPRINT', 'android.permission.BLUETOOTH', 'android.permission.ACCESS_FINE_LOCATION', 'android.permission.ACCESS_COARSE_LOCATION', 'android.permission.BROADCAST_STICKY']" 
"extra_perms" : "['android.permission.WRITE_EXTERNAL_STORAGE', 'android.permission.INTERNET', 'com.oneup.survival.fortnight.shooter.permission.RECEIVE_ADM_MESSAGE', 'android.permission.READ_EXTERNAL_STORAGE', 'android.permission.ACCESS_NETWORK_STATE', 'android.permission.ACCESS_COARSE_LOCATION', 'android.permission.READ_PHONE_STATE', 'android.permission.ACCESS_WIFI_STATE', 'android.permission.ACCESS_FINE_LOCATION', 'com.android.vending.BILLING']",
}