{
"name" : "Monster Truck Highway Racing",
"url" : "https://play.google.com/store/apps/details?id=com.pr.monster.truck.highway.racing",
"package" : "com.pr.monster.truck.highway.racing",
"category" : "Comics",
"description" : "Monster truck Highway racing is changing its all established trends and traditions by introducing newly designed high speed monster truck of monster truck games which enables you to contest ultimate speed traffic racing in real style. Be in the commanding seat of highway monster truck driving by enjoying all features of monster car games to prepare you to meet modern challenges of traffic games. Break all past records of extreme highway racer by mending your driving ways in original mode of 4x4 monster truck games. Try to drive on extreme speeds during extreme monster truck racing by relishing endless powers of driving big truck games. During this monster truck traffic racing, you have to go through all busy roads of real truck driving games on which busy traffic disturbs your progress in this new racing drive of big car driving games. Forget all previously enjoyed speeds of car racing games as it is crystal clear that even top car games cannot meet modern speed parameters monster truck. Broaden your perspectives from racing in monster car by utilizing all routines of ultimate racing monster truck games which make you aware with genuine thrills of racing truck games. This traffic racing in monster truck provides you more complex form of racing than car traffic driving games as new era of highway driving games is bringing a lot of changes for players in monster car driving simulator. Be more than formal type of traffic car racer 2019 by involving your internal driving aptitudes in this monster truck highway racing of truck highway games. Enjoy new fashions of extreme traffic racing adventure by setting new trends and traditions in the world of extreme highway traffic racing games. Monster Truck Highway Racing features: Monster truck for racing. New highway roads. Extreme busy traffic. Real truck racing. Top racing challenges. Splendid driving controls. Top standard game play. HD inner truck views. Relish every move like car racing in traffic games by verifying your driving aptitudes. ",
"desc_perms" : "['android.permission.READ_PHONE_STATE', 'android.permission.CALL_PHONE']",
"manifest_perms" : "['android.permission.WRITE_EXTERNAL_STORAGE', 'android.permission.ACCESS_COARSE_LOCATION', 'com.google.android.c2dm.permission.RECEIVE', 'android.permission.ACCESS_NETWORK_STATE', 'android.permission.WAKE_LOCK', 'android.permission.INTERNET', 'android.permission.ACCESS_WIFI_STATE', 'android.permission.READ_EXTERNAL_STORAGE', 'android.permission.ACCESS_FINE_LOCATION']",
"perms_with_call" : "['android.permission.ACCESS_COARSE_LOCATION', 'android.permission.BROADCAST_STICKY', 'android.permission.USE_FINGERPRINT', 'android.permission.CHANGE_NETWORK_STATE', 'android.permission.ACCESS_NETWORK_STATE', 'android.permission.WAKE_LOCK', 'android.permission.GET_TASKS', 'android.permission.BLUETOOTH', 'android.permission.ACCESS_WIFI_STATE', 'android.permission.READ_PHONE_STATE', 'android.permission.ACCESS_FINE_LOCATION']" 
"extra_perms" : "['android.permission.WRITE_EXTERNAL_STORAGE', 'android.permission.ACCESS_COARSE_LOCATION', 'android.permission.ACCESS_NETWORK_STATE', 'android.permission.INTERNET', 'android.permission.ACCESS_WIFI_STATE', 'android.permission.READ_PHONE_STATE', 'android.permission.READ_EXTERNAL_STORAGE', 'android.permission.ACCESS_FINE_LOCATION']",
}