{
"name" : "Easy xkcd",
"url" : "https://play.google.com/store/apps/details?id=de.tap.easy_xkcd",
"package" : "de.tap.easy_xkcd",
"category" : "Comics",
"description" : "A fast and beautiful way to view your favorite xkcd comics.  Features:  Comic Browser:  - Offline Mode - Notifications - Long press to view alt text - Overview Mode - Open Reddit or Forum Thread - Search for title, transcript or number - Share comic url or image - Add comic to favorites  - Open links from xkcd.com and m.xkcd.com - Support for large images (e.g comic 657) - Explain xkcd integration  - Option to display alt text by default  What If?:  - Full support for footnotes, formulas and alt text - Offline mode and notifications - Mark articles as read and hide them - Swipe between articles (disabled by default) - Quick search for article titles - Random articles  General:  - Custom themes - Material design elements like Snackbars, Floating Action Button, tinted Status Bar, animations.... - (Auto) Night mode (with option to invert comic colors)  In-App Purchases are just used for donations, the app is completely free! Easy xkcd is Open Source! https://github.com/tom-anders/Easy_xkcd ",
"desc_perms" : "['android.permission.WRITE_EXTERNAL_STORAGE', 'android.permission.ACCESS_WIFI_STATE', 'android.permission.ACCESS_NETWORK_STATE', 'android.permission.INTERNET']",
"manifest_perms" : "['android.permission.WRITE_EXTERNAL_STORAGE', 'android.permission.READ_EXTERNAL_STORAGE', 'android.permission.RECEIVE_BOOT_COMPLETED', 'android.permission.WAKE_LOCK', 'android.permission.VIBRATE', 'com.android.vending.BILLING', 'android.permission.ACCESS_NETWORK_STATE', 'android.permission.INTERNET']",
"perms_with_call" : "['android.permission.ACCESS_COARSE_LOCATION', 'android.permission.ACCESS_FINE_LOCATION', 'android.permission.BROADCAST_STICKY', 'android.permission.WAKE_LOCK', 'android.permission.USE_FINGERPRINT', 'android.permission.ACCESS_NETWORK_STATE', 'android.permission.BLUETOOTH']" 
"extra_perms" : "['android.permission.ACCESS_COARSE_LOCATION', 'android.permission.ACCESS_FINE_LOCATION', 'android.permission.READ_EXTERNAL_STORAGE', 'com.android.vending.BILLING']",
}