{
"name" : "Gifs for whatsapp",
"url" : "https://play.google.com/store/apps/details?id=gifs.para.whatsapp",
"package" : "gifs.para.whatsapp",
"category" : "Comics",
"description" : "Did you like the Whatsapp news that now lets you share animated gifs? So, this app will make it even more fun, here you will find daily new gifs to share and entertain your friends and groups, is the main sharing of gifs for whatsapp from Brazil, are many funny gifs, lots of comedy. A fast, lightweight and easy-to-use app you need to check out.   Do not waste time, install now   We hope you enjoy our app   We are open to any criticism and suggestion   Thank you ;) ",
"desc_perms" : "['android.permission.WRITE_EXTERNAL_STORAGE', 'android.permission.READ_EXTERNAL_STORAGE', 'android.permission.ACCESS_WIFI_STATE', 'android.permission.WRITE_CONTACTS', 'android.permission.ACCESS_NETWORK_STATE', 'android.permission.INTERNET']",
"manifest_perms" : "['android.permission.WRITE_EXTERNAL_STORAGE', 'com.android.launcher.permission.UNINSTALL_SHORTCUT', 'com.android.launcher.permission.INSTALL_SHORTCUT', 'com.google.android.c2dm.permission.RECEIVE', 'android.permission.WAKE_LOCK', 'android.permission.WRITE_CONTACTS', 'com.android.vending.BILLING', 'android.permission.ACCESS_NETWORK_STATE', 'android.permission.INTERNET']",
"perms_with_call" : "['android.permission.ACCESS_COARSE_LOCATION', 'android.permission.ACCESS_FINE_LOCATION', 'android.permission.BROADCAST_STICKY', 'android.permission.WAKE_LOCK', 'android.permission.GET_TASKS', 'android.permission.ACCESS_NETWORK_STATE']" 
"extra_perms" : "['android.permission.ACCESS_COARSE_LOCATION', 'android.permission.ACCESS_FINE_LOCATION', 'com.android.vending.BILLING']",
}