{
"name" : "MangaToon-Good comics, Great stories",
"url" : "https://play.google.com/store/apps/details?id=mobi.mangatoon.comics.aphone",
"package" : "mobi.mangatoon.comics.aphone",
"category" : "Comics",
"description" : "MangaToon is a free app for reading comics, manhua, manhwa & manga on mobile. All the comics are colorful. Different comics in Action, Romance, Boys love, Comedy, Horror and more, are updated daily.  MangaToon Features   The hottest comics updated daily. Read dozens of HD comics such as romance, action comics, BL manga, etc. All the comics are updated regularly. Some comics are even updated every day. That means 7 chapters a week. Some Korean comics can be read on Manga toon now.   Free Comics Release every week. New comics will be released every week. We provide free comics. Subscribe to your favorite comics and you will never miss an update. Most comics are free and MangaToon also provides pay-per-view comics.   You can download your favorite comics and read them offline.   We optimized the manga reader for mobile phones. You can scroll smoothly for an uninterrupted reading experience.   You can read comics in English, Bahasa Indonesia, Vietnamese, Spanish and Portuguese now. MangaToon are supporting more languages for comic lovers in the near future.   Write your own stories in mangatoon and share them with millions of readers. We will choose the most popular novels to be converted into comics.You can even create and read engaging chat stories in your phones, get more fans!  One comic one world. MangaToon, help you step into a different world!  Tips: If you want to read comics in other languages, please re-select the language in Settings. English, Indonesian, Vietnamese, Spanish, Thai and Portuguese are supported now.  Facebook: https://www.facebook.com/MangaToonEN/ Contact us by Email: support@mangatoon.mobi ",
"desc_perms" : "['android.permission.ACCESS_NETWORK_STATE', 'android.permission.READ_PHONE_STATE', 'android.permission.INTERNET']",
"manifest_perms" : "['android.permission.WRITE_EXTERNAL_STORAGE', 'android.permission.ACCESS_COARSE_LOCATION', 'android.permission.ACCESS_FINE_LOCATION', 'android.permission.READ_EXTERNAL_STORAGE', 'android.permission.RECEIVE_BOOT_COMPLETED', 'com.android.launcher.permission.INSTALL_SHORTCUT', 'com.google.android.c2dm.permission.RECEIVE', 'android.permission.WAKE_LOCK', 'com.zing.zalo.permission.ACCESS_THIRD_PARTY_APP_AUTHORIZATION', 'android.permission.ACCESS_NOTIFICATION_POLICY', 'android.permission.RECORD_AUDIO', 'android.permission.CAMERA', 'com.google.android.finsky.permission.BIND_GET_INSTALL_REFERRER_SERVICE', 'com.android.vending.BILLING', 'android.permission.ACCESS_NETWORK_STATE', 'android.permission.INTERNET']",
"perms_with_call" : "['android.permission.ACCESS_COARSE_LOCATION', 'android.permission.ACCESS_FINE_LOCATION', 'android.permission.BROADCAST_STICKY', 'android.permission.CHANGE_NETWORK_STATE', 'android.permission.ACCESS_WIFI_STATE', 'android.permission.WAKE_LOCK', 'android.permission.GET_TASKS', 'android.permission.ACCESS_NETWORK_STATE', 'android.permission.BLUETOOTH']" 
"extra_perms" : "['android.permission.WRITE_EXTERNAL_STORAGE', 'android.permission.ACCESS_COARSE_LOCATION', 'android.permission.ACCESS_FINE_LOCATION', 'android.permission.READ_EXTERNAL_STORAGE', 'android.permission.ACCESS_WIFI_STATE', 'android.permission.RECORD_AUDIO', 'android.permission.CAMERA', 'com.zing.zalo.permission.ACCESS_THIRD_PARTY_APP_AUTHORIZATION', 'com.android.vending.BILLING']",
}