{
"name" : "Super Robot Car Transforme Futuristic Supercar",
"url" : "https://play.google.com/store/apps/details?id=robot.car.war.gangastercrime.city",
"package" : "robot.car.war.gangastercrime.city",
"category" : "Comics",
"description" : "Download Latest Super fast Robot Car fighting game. In this crazy robot game you will be flying actually with a robot car like robot super car flight simulator, and car robot 3D fighting and robot street war in the Futuristic city which fell very adventurous and challenging.Also your robot speed car into super fast moto robot super hero, now you can battle with the futuristic car robot with your human robot machine. And destroy all of enemy car robot with your futuristic laser car gun.The gameplay of the flying robot game is pretty simple, you will fight against other battle robots where you will change into 3D robot car and you have to battle them and finish them to get access to next mech level. You can fire missiles and ultimate machine fire shots. Its first fly mech robot battle game ever.  Car Robot 3d fighting game gives a chance to drive the robots speed car stunt in three modes. You can convert your sports car into flying race car simulation and convert it to robot car driver for robots grand war. Game is simple you have to drive the futuristic supercar and avoid collisions with other cars, street signs ,buildings, and reach the battle robot spot as early as you can. So charge your driving muscles, get ready for street robot car stunts and drifts and prove yourself you are the best driver and robot city car fighter of the futuristic grand city.real futuristic robot flying car 3D game will give you the robot bike simulator fight experience. In this stunning flying robot super car 3D game, improve your fighting & shooting skills of both robot car simulator and robot flying car. This is a new kind of robot grand car war games where you will feel like in future transform car driving because of this new robot fighting games with new Combat Style. In this robot car games new and free robot car transform 3D battle games you will face dramatic robot car distortion games fight 3d.  You will enjoy the features of all other robot flying car 3D fighting games and robot grand war games. You will definitely love this futuristic robot simulator battle 2017 War because now we have added the savor of both robot games fight 3d and car robot games 3d with having extreme robot car transformer battle.  The gameplay of the robot flying super car transform free game is pretty simple, you will fight against other flying robot jet to save your city from fighter car shooting and their robotic vehicles and finish them to get access to next level. A savior robot of the 3D shooting games world who has the power to use laser shooting. You can fire missiles and ultimate machine fire shots in this futuristic robot fighting game.  Grand Robot Car Transform 3D Shoot Game  - Real Car robot transform flying car for fight - Choose your speed car for grand war - Enjoy futuristic city world environment - Fun driving and flying controls - HD graphics and excellent art ",
"desc_perms" : "['android.permission.WRITE_EXTERNAL_STORAGE', 'android.permission.ACCESS_NETWORK_STATE', 'android.permission.INTERNET']",
"manifest_perms" : "['android.permission.ACCESS_NETWORK_STATE', 'android.permission.INTERNET']",
"perms_with_call" : "['android.permission.ACCESS_COARSE_LOCATION', 'android.permission.BROADCAST_STICKY', 'android.permission.READ_PHONE_STATE', 'android.permission.WAKE_LOCK', 'android.permission.USE_FINGERPRINT', 'android.permission.GET_TASKS', 'android.permission.ACCESS_NETWORK_STATE', 'android.permission.BLUETOOTH']" 
"extra_perms" : "['android.permission.ACCESS_COARSE_LOCATION', 'android.permission.READ_PHONE_STATE']",
}