{
"name" : "Police Stickman Rope Hero Gangstar Crime",
"url" : "https://play.google.com/store/apps/details?id=stickman.police.rope.hero.tow",
"package" : "stickman.police.rope.hero.tow",
"category" : "Comics",
"description" : "This is the best simulator among stickman games free! Gather speed and crash into the ragdoll stickman! Open new levels!  New types of transport and its destruction! A lot of new locations and levels with different obstacles! New design, which stickman games funs will definitely like! Amazing tricks in ragdoll style!  Realistic destroy and crash!  HD graphics which stickman games funs will definitely like! Exclusive soundtrack  Hardcore gameplay and unique physics! ",
"desc_perms" : "[]",
"manifest_perms" : "['android.permission.INTERNET', 'android.permission.ACCESS_NETWORK_STATE']",
"perms_with_call" : "['android.permission.ACCESS_COARSE_LOCATION', 'android.permission.USE_FINGERPRINT', 'android.permission.BROADCAST_STICKY', 'android.permission.WAKE_LOCK', 'android.permission.ACCESS_NETWORK_STATE', 'android.permission.GET_TASKS', 'android.permission.BLUETOOTH', 'android.permission.READ_PHONE_STATE']" 
"extra_perms" : "['android.permission.READ_PHONE_STATE', 'android.permission.INTERNET', 'android.permission.ACCESS_COARSE_LOCATION', 'android.permission.ACCESS_NETWORK_STATE']",
}