{
"name" : "Super Hero Us Vice Town Gangstar Crime",
"url" : "https://play.google.com/store/apps/details?id=us.heroman.mafia.crime.rope.heros.superheros",
"package" : "us.heroman.mafia.crime.rope.heros.superheros",
"category" : "Comics",
"description" : "Super Hero Us Vice Town Gangstar Crime Be careful while dealing with ring of robot fighting game to send them toward their back destination of ring fighting games. Now you have all kinds of backups in the use of powers of robot war games in this ring fighting escape mission where your active presence really matters. please Raise your own flag by making suitable of all robot universe of ring robot games in current amazing fighting.  *Unlimited money *Exciting 3D action game! Super Hero Us Vice Town Gangstar Crime Superhero City Rampage features: Warlike atmosphere. fighting game play. Fully tuned and planned missions. Unimaginable robot powers. Endless powers and awesome controls. Nothing hidden or ambiguous. Beautiful scenes and levels.  Install this new comics to experience real thrills of robot power fighting, play your positive role to thrash against robot of ring attack games.please Dont forget to review this developed form of real robot ring fighting to aware us about any issue relating to our game product. ",
"desc_perms" : "[]",
"manifest_perms" : "['android.permission.INTERNET', 'android.permission.ACCESS_NETWORK_STATE']",
"perms_with_call" : "['android.permission.ACCESS_COARSE_LOCATION', 'android.permission.USE_FINGERPRINT', 'android.permission.BROADCAST_STICKY', 'android.permission.WAKE_LOCK', 'android.permission.ACCESS_NETWORK_STATE', 'android.permission.GET_TASKS', 'android.permission.BLUETOOTH', 'android.permission.READ_PHONE_STATE']" 
"extra_perms" : "['android.permission.READ_PHONE_STATE', 'android.permission.INTERNET', 'android.permission.ACCESS_COARSE_LOCATION', 'android.permission.ACCESS_NETWORK_STATE']",
}