{
"name" : "Marines Army Mafia Crime Simulator Fight",
"url" : "https://play.google.com/store/apps/details?id=us.marines.army.gta.armygranny.city.crime",
"package" : "us.marines.army.gta.armygranny.city.crime",
"category" : "Comics",
"description" : "Marines Army Mafia Crime Simulator : Fight To Survive This is the best simulator among stickman games free! Mafia Rope Hero Gather speed and crash into the ragdoll stickman! Open new levels!  *Unlimited money *Exciting 3D action game! *Stickman hero with powerful weapon arsenal. *Special tricks with suit upgrades. *Tons of enemies and fierce battles!  Attention! All tricks and made by professional stickman - Army Mafia Hero bump artists! Army Mafia Lantern Rope Hero Vegas Crime Are you fan of True Superhero Ultimate Immortal superhero rescue games guard the justice? Do you ever dreamed to be Amazing superhuman speed flash hero city or immortal flash speed hero, This is the best simulator among stickman games free! Gather speed and crash into the ragdoll stickman! Open new levels! In Super Green immortal hero Rescue Operation mission you will have different Street Crime Fighter rescue situations while flying high in the city of Green Immortal Beasts. You have to be alert because there might be furious grand gangsters road accident, Buildings on fire and people are drowning in Blue Sea. Rescue them and take them to nearest hospital in a limited time and prove that you are a Amazing Green Spider Super Hero. New types of transport and its destruction! A lot of new locations and levels with different obstacles! New design, which stickman games funs will definitely like! Amazing tricks in ragdoll style!  Realistic destroy and crash!  HD graphics which stickman games funs will definitely like! Exclusive soundtrack  Hardcore gameplay and unique physics! ",
"desc_perms" : "[]",
"manifest_perms" : "['android.permission.INTERNET']",
"perms_with_call" : "['android.permission.READ_PHONE_STATE', 'android.permission.ACCESS_COARSE_LOCATION', 'android.permission.WAKE_LOCK']" 
"extra_perms" : "['android.permission.READ_PHONE_STATE', 'android.permission.INTERNET', 'android.permission.ACCESS_COARSE_LOCATION']",
}