{
"name" : "Army Counter Stickman Rope Hero Crime OffRoad",
"url" : "https://play.google.com/store/apps/details?id=usarmy.spiderman.rope.hero.stickman.rope.heros",
"package" : "usarmy.spiderman.rope.hero.stickman.rope.heros",
"category" : "Comics",
"description" : "The last years miami has changed to a dangerous city, the Miami Department has made new plans to make it save again. Its your job to chase and arrest all the dangerous criminals, until all the dangerous criminals are behind bars! Are you ready for this dangerous game officer?  The Dawn of Justice draws near, watch out! One of the biggest additions are the police, so watch out who you shoot, US Stickman Rope Hero Army counter Crime OffRoad where you shoot someone, steal the wrong car or whatever crime you could think off. The cops are no push-overs, be prepared! The drug-related crimes are going through the roof in Miami, you are a part of this right now!   Game play of Spider Amazing Spider US Police Stickman Rope Hero Vegas Gangstar Crime Grand Robot Battle Spider Robot Simaluator 2019 is a Multi Spider Amazing Spider Stickman Rope Hero Superheroe Crime Rope Hero City battle Superhero Game and The Game play of this Multi robot spider superhero city crime battle Game is very Interesting and Different from all other robot animal games like Horse Robot,Dino Robot Crocodile, Dragon Robot transformation Game, Robot Eagle Transformation Game , and other Super Spider Hero Final Robot war Games. In this futuristic spider robot fighter Game You As a Mutant Spider Robot Can transform into Spider Insect Robot and Can attack on the Mech steel Robots and Grand Superheroes. You can Fight with superheroes like Bulk Monster Superheroes, Captain USA,Super Speed Lightning Superhero  And Wonder Warrior Superhero. In this Super spider robotic Wars Robot Transformation Robot Games You Can Hand to Hand Fight with Enemies and Can also Attack on enemies after Robot transformation into mutant spider robot hero with special attacking powers options.  Get ready to enjoy the best robot action in flying spider robot transformation game or Flying superhero Mutant spider Robot game with real robot spider web and spider hero transform robot game with extra features of spider attack and transform into mutant spider robot simulator in the Mutant Spider Robot Game with Transforming Robot Spider Games and spider superhero games. The futuristic robots war with transform robot warrior has just begun for city survival where this Amazing spider robot Rescue Hero will help you win the Final Robot Mortal war with flying spider attack or super spider in this robot animal game  Features of Spider Robot Sim-Amazing Spider Grand Robot Battle   Multi Spider Robots For City battle SuperHero War.   Transformation Animation of Mutant spider Robot Hero.  Different Mech Robot Warriors For Fighting.  Different Super Villains Enemies like-Monster superhero Bulk, Captain Usa,Super Flash Lightning Superhero and Wonder Warrior superhero.  Different Hand to Hand Combat Futuristic Robots.  HD Graphic With Grand City.  Smooth and Easy Controls.  US Stickman Rope Hero Army counter Crime OffRoad Spider Robot Sim-Amazing Spider Grand Robot Battle is a Multi Spider Robot City battle Hero Game and it is specially designed for robot game lover and Superheroes Specially who enjoy playing robot transformation game and heroic robot fighting. Let the clash of mini bots begin, bring your real steel war machines to non-stop action. As adventure awaits for you in this robot fighting game and robot transformation game, be an iron hero. Become a part of futuristic robot battle as the rival war machines have taken over the city witnessing this mech robot war league.  You have play many other Superheroes fighting game and Robot fighting games with US Army Counter Stickman Rope Hero Crime OffRoad Game Features :  Unlimited missions in our simulator!  Lots of department cars to unlock!  Arrest all the dangerous criminals in miami!  Dont forget to rate us or give us feedback!  Download now for free and explore the city full dangerous fractions. ",
"desc_perms" : "['android.permission.INTERNET', 'android.permission.ACCESS_NETWORK_STATE']",
"manifest_perms" : "['android.permission.INTERNET', 'android.permission.ACCESS_NETWORK_STATE']",
"perms_with_call" : "['android.permission.ACCESS_COARSE_LOCATION', 'android.permission.ACCESS_NETWORK_STATE', 'android.permission.READ_PHONE_STATE', 'android.permission.WAKE_LOCK', 'android.permission.BROADCAST_STICKY', 'android.permission.BLUETOOTH', 'android.permission.GET_TASKS', 'android.permission.USE_FINGERPRINT']" 
"extra_perms" : "['android.permission.ACCESS_COARSE_LOCATION', 'android.permission.READ_PHONE_STATE']",
}