{
"name" : "Watermelon shooting game 3D",
"url" : "https://play.google.com/store/apps/details?id=watermelon.shooter.game",
"package" : "watermelon.shooter.game",
"category" : "Comics",
"description" : "Watermelon shooter and gun games for free improve your focus and shooting skills level. Take accurate shots to smash all the Watermelon with handguns and pistols. In this gun simulator game while crushing fruits with bullets you need to stay focused on target. This watermelon blast game is new gun app where you hit the target with real pistol in hand. As a gun shooter of fruits dont hit the wrong target. Crush all the moving fruits with your shooter gun with strong pistol grip. Just like other fruit shooter games you have to blast the sweet watermelon before they got crush in the crushers.  So its time to take gun in hand as a ultimate shooter and hit the moving targets with sniper bullets. You have to prove yourself as a expert shooter of fixed targets that are flying with helicopters and rotating. The Watermelon Shooter 3D Game is the only first person shooting game that includes all new features of modern fruit shooting adventure games. There is also a endless mode where you can slice the fruits without obstacle such as bombs and shells. This 3D shooting game is also for best archer shooters who love new shooting games.  Features of Watermelon shooting game 3D: - Real shooting at army training camp - Realistic crushing and smash sound - Real broken blast with 3D animation - Aim and smash the fruits - Arcade and time attack mode - Addicting FPS gameplay - Accuracy will be tested in expert levels - Easy and intuitive controls for action game - Move gun Left-Right with finger to shoot the water melon ",
"desc_perms" : "['android.permission.READ_PHONE_STATE', 'android.permission.CALL_PHONE']",
"manifest_perms" : "['android.permission.INTERNET', 'android.permission.ACCESS_NETWORK_STATE']",
"perms_with_call" : "['android.permission.ACCESS_COARSE_LOCATION', 'android.permission.USE_FINGERPRINT', 'android.permission.BROADCAST_STICKY', 'android.permission.CHANGE_NETWORK_STATE', 'android.permission.WAKE_LOCK', 'android.permission.ACCESS_NETWORK_STATE', 'android.permission.GET_TASKS', 'android.permission.BLUETOOTH', 'android.permission.ACCESS_WIFI_STATE', 'android.permission.ACCESS_FINE_LOCATION']" 
"extra_perms" : "['android.permission.INTERNET', 'android.permission.ACCESS_COARSE_LOCATION', 'android.permission.ACCESS_WIFI_STATE', 'android.permission.ACCESS_FINE_LOCATION', 'android.permission.ACCESS_NETWORK_STATE']",
}